id,member_id,loan_amnt,funded_amnt,funded_amnt_inv,term,int_rate,installment,grade,sub_grade,emp_title,emp_length,home_ownership,annual_inc,verification_status,issue_d,loan_status,pymnt_plan,url,desc,purpose,title,zip_code,addr_state,dti,delinq_2yrs,earliest_cr_line,inq_last_6mths,mths_since_last_delinq,mths_since_last_record,open_acc,pub_rec,revol_bal,revol_util,total_acc,initial_list_status,out_prncp,out_prncp_inv,total_pymnt,total_pymnt_inv,total_rec_prncp,total_rec_int,total_rec_late_fee,recoveries,collection_recovery_fee,last_pymnt_d,last_pymnt_amnt,next_pymnt_d,last_credit_pull_d,collections_12_mths_ex_med,mths_since_last_major_derog,policy_code,application_type,annual_inc_joint,dti_joint,verification_status_joint,acc_now_delinq,tot_coll_amt,tot_cur_bal,open_acc_6m,open_il_6m,open_il_12m,open_il_24m,mths_since_rcnt_il,total_bal_il,il_util,open_rv_12m,open_rv_24m,max_bal_bc,all_util,total_rev_hi_lim,inq_fi,total_cu_tl,inq_last_12m,target_bad
3243099,7160920,5000.0,5000.0,4975.0, 36 months,10.65,162.87,B,B2,REDACTED,10+ years,RENT,24000.0,Verified,Dec-2011,Fully Paid,n,,,credit_card,Loan Application,86xxx,AZ,27.65,0.0,Jan-1985,1.0,,,3.0,0.0,13648.0,83.7,9.0,f,0.0,0.0,5861.07141425,5831.78,5000.0,861.07,0.0,0.0,0.0,Jan-2015,171.62,,Jan-2016,0.0,,1.0,INDIVIDUAL,,,,0.0,,,,,,,,,,,,,,,,,,0.0
4542741,9113000,2500.0,2500.0,2500.0, 60 months,15.27,59.83,C,C4,REDACTED,< 1 year,RENT,30000.0,Source Verified,Dec-2011,Charged Off,n,,,car,Loan Application,30xxx,GA,1.0,0.0,Apr-1999,5.0,,,3.0,0.0,1687.0,9.4,4.0,f,0.0,0.0,1008.71,1008.71,456.46,435.17,0.0,117.08,1.11,Apr-2013,119.66,,Sep-2013,0.0,,1.0,INDIVIDUAL,,,,0.0,,,,,,,,,,,,,,,,,,1.0
5917062,3075822,2400.0,2400.0,2400.0, 36 months,15.96,84.33,C,C5,REDACTED,10+ years,RENT,12252.0,Not Verified,Dec-2011,Fully Paid,n,,,small_business,Loan Application,60xxx,IL,8.72,0.0,Nov-2001,2.0,,,2.0,0.0,2956.0,98.5,10.0,f,0.0,0.0,3003.65364445,3003.65,2400.0,603.65,0.0,0.0,0.0,Jun-2014,649.91,,Jan-2016,0.0,,1.0,INDIVIDUAL,,,,0.0,,,,,,,,,,,,,,,,,,0.0
8142111,4660797,10000.0,10000.0,10000.0, 36 months,13.49,339.31,C,C1,REDACTED,10+ years,RENT,49200.0,Source Verified,Dec-2011,Fully Paid,n,,,other,Loan Application,91xxx,CA,20.0,0.0,Feb-1996,1.0,35.0,,10.0,0.0,5598.0,21.0,37.0,f,0.0,0.0,12226.3022123,12226.3,10000.0,2209.33,16.97,0.0,0.0,Jan-2015,357.48,,Jan-2015,0.0,,1.0,INDIVIDUAL,,,,0.0,,,,,,,,,,,,,,,,,,0.0
4348360,3890526,3000.0,3000.0,3000.0, 60 months,12.69,67.79,B,B5,REDACTED,1 year,RENT,80000.0,Source Verified,Dec-2011,Current,n,,,other,Loan Application,97xxx,OR,17.94,0.0,Jan-1996,0.0,38.0,,15.0,0.0,27783.0,53.9,38.0,f,766.9,766.9,3242.17,3242.17,2233.1,1009.07,0.0,0.0,0.0,Jan-2016,67.79,Feb-2016,Jan-2016,0.0,,1.0,INDIVIDUAL,,,,0.0,,,,,,,,,,,,,,,,,,
5519631,8763285,5000.0,5000.0,5000.0, 36 months,7.9,156.46,A,A4,REDACTED,3 years,RENT,36000.0,Source Verified,Dec-2011,Fully Paid,n,,,wedding,Loan Application,85xxx,AZ,11.2,0.0,Nov-2004,3.0,,,9.0,0.0,7963.0,28.3,12.0,f,0.0,0.0,5631.37775318,5631.38,5000.0,631.38,0.0,0.0,0.0,Jan-2015,161.03,,Sep-2015,0.0,,1.0,INDIVIDUAL,,,,0.0,,,,,,,,,,,,,,,,,,0.0
6792230,9313458,7000.0,7000.0,7000.0, 60 months,15.96,170.08,C,C5,REDACTED,8 years,RENT,47004.0,Not Verified,Dec-2011,Current,n,,,debt_consolidation,Loan Application,28xxx,NC,23.51,0.0,Jul-2005,1.0,,,7.0,0.0,17726.0,85.6,11.0,f,1889.15,1889.15,8136.84,8136.84,5110.85,3025.99,0.0,0.0,0.0,Jan-2016,170.08,Feb-2016,Jan-2016,0.0,,1.0,INDIVIDUAL,,,,0.0,,,,,,,,,,,,,,,,,,
6324365,1361009,3000.0,3000.0,3000.0, 36 months,18.64,109.43,E,E1,REDACTED,9 years,RENT,48000.0,Source Verified,Dec-2011,Fully Paid,n,,,car,Loan Application,90xxx,CA,5.35,0.0,Jan-2007,2.0,,,4.0,0.0,8221.0,87.5,4.0,f,0.0,0.0,3938.14433376,3938.14,3000.0,938.14,0.0,0.0,0.0,Jan-2015,111.34,,Dec-2014,0.0,,1.0,INDIVIDUAL,,,,0.0,,,,,,,,,,,,,,,,,,0.0
3010469,8490084,5600.0,5600.0,5600.0, 60 months,21.28,152.39,F,F2,REDACTED,4 years,OWN,40000.0,Source Verified,Dec-2011,Charged Off,n,,,small_business,Loan Application,95xxx,CA,5.55,0.0,Apr-2004,2.0,,,11.0,0.0,5210.0,32.6,13.0,f,0.0,0.0,646.02,646.02,162.02,294.94,0.0,189.06,2.09,Apr-2012,152.39,,Aug-2012,0.0,,1.0,INDIVIDUAL,,,,0.0,,,,,,,,,,,,,,,,,,1.0
5583382,5764236,5375.0,5375.0,5350.0, 60 months,12.69,121.45,B,B5,REDACTED,< 1 year,RENT,15000.0,Verified,Dec-2011,Charged Off,n,,,other,Loan Application,77xxx,TX,18.08,0.0,Sep-2004,0.0,,,2.0,0.0,9279.0,36.5,3.0,f,0.0,0.0,1476.19,1469.34,673.48,533.42,0.0,269.29,2.52,Nov-2012,121.45,,Mar-2013,0.0,,1.0,INDIVIDUAL,,,,0.0,,,,,,,,,,,,,,,,,,1.0
6938013,6608967,6500.0,6500.0,6500.0, 60 months,14.65,153.45,C,C3,REDACTED,5 years,OWN,72000.0,Not Verified,Dec-2011,Fully Paid,n,,,debt_consolidation,Loan Application,85xxx,AZ,16.12,0.0,Jan-1998,2.0,,,14.0,0.0,4032.0,20.6,23.0,f,0.0,0.0,7677.52,7677.52,6500.0,1177.52,0.0,0.0,0.0,Jun-2013,1655.54,,Dec-2015,0.0,,1.0,INDIVIDUAL,,,,0.0,,,,,,,,,,,,,,,,,,0.0
5188936,3442184,12000.0,12000.0,12000.0, 36 months,12.69,402.54,B,B5,REDACTED,10+ years,OWN,75000.0,Source Verified,Dec-2011,Fully Paid,n,,,debt_consolidation,Loan Application,91xxx,CA,10.78,0.0,Oct-1989,0.0,,,12.0,0.0,23336.0,67.1,34.0,f,0.0,0.0,13943.08,13943.08,12000.0,1943.08,0.0,0.0,0.0,Sep-2013,6315.3,,Aug-2013,0.0,,1.0,INDIVIDUAL,,,,0.0,,,,,,,,,,,,,,,,,,0.0
7312236,7018980,9000.0,9000.0,9000.0, 36 months,13.49,305.38,C,C1,REDACTED,< 1 year,RENT,30000.0,Source Verified,Dec-2011,Charged Off,n,,,debt_consolidation,Loan Application,24xxx,VA,10.08,0.0,Apr-2004,1.0,,,4.0,0.0,10452.0,91.7,9.0,f,0.0,0.0,2270.7,2270.7,1256.14,570.26,0.0,444.3,4.16,Jul-2012,305.38,,Nov-2012,0.0,,1.0,INDIVIDUAL,,,,0.0,,,,,,,,,,,,,,,,,,1.0
6584396,6822346,3000.0,3000.0,3000.0, 36 months,9.91,96.68,B,B1,REDACTED,3 years,RENT,15000.0,Source Verified,Dec-2011,Fully Paid,n,,,credit_card,Loan Application,60xxx,IL,12.56,0.0,Jul-2003,2.0,,,11.0,0.0,7323.0,43.1,11.0,f,0.0,0.0,3478.98191538,3478.98,3000.0,478.98,0.0,0.0,0.0,Jan-2015,102.43,,Jan-2016,0.0,,1.0,INDIVIDUAL,,,,0.0,,,,,,,,,,,,,,,,,,0.0
9068978,4526127,10000.0,10000.0,10000.0, 36 months,10.65,325.74,B,B2,REDACTED,3 years,RENT,100000.0,Source Verified,Dec-2011,Charged Off,n,,,other,Loan Application,95xxx,CA,7.06,0.0,May-1991,2.0,,,14.0,0.0,11997.0,55.5,29.0,f,0.0,0.0,7471.99,7471.99,5433.47,1393.42,0.0,645.1,6.3145,Oct-2013,325.74,,Mar-2014,0.0,,1.0,INDIVIDUAL,,,,0.0,,,,,,,,,,,,,,,,,,1.0
5400334,8422418,1000.0,1000.0,1000.0, 36 months,16.29,35.31,D,D1,REDACTED,< 1 year,RENT,28000.0,Not Verified,Dec-2011,Fully Paid,n,,,debt_consolidation,Loan Application,64xxx,MO,20.31,0.0,Sep-2007,1.0,,,11.0,0.0,6524.0,81.5,23.0,f,0.0,0.0,1270.1711062,1270.17,1000.0,270.17,0.0,0.0,0.0,Jan-2015,36.32,,Jan-2016,0.0,,1.0,INDIVIDUAL,,,,0.0,,,,,,,,,,,,,,,,,,0.0
7997115,9431442,10000.0,10000.0,10000.0, 36 months,15.27,347.98,C,C4,REDACTED,4 years,RENT,42000.0,Not Verified,Dec-2011,Fully Paid,n,,,home_improvement,Loan Application,92xxx,CA,18.6,0.0,Oct-1998,2.0,61.0,,14.0,0.0,24043.0,70.2,28.0,f,0.0,0.0,12519.2604496,12519.26,10000.0,2519.26,0.0,0.0,0.0,Jan-2015,370.46,,Apr-2015,0.0,,1.0,INDIVIDUAL,,,,0.0,,,,,,,,,,,,,,,,,,0.0
5977032,1349363,3600.0,3600.0,3600.0, 36 months,6.03,109.57,A,A1,REDACTED,10+ years,MORTGAGE,110000.0,Not Verified,Dec-2011,Fully Paid,n,,,major_purchase,Loan Application,06xxx,CT,10.52,0.0,Aug-1993,0.0,,,20.0,0.0,22836.0,16.0,42.0,f,0.0,0.0,3785.02,3785.02,3600.0,185.02,0.0,0.0,0.0,May-2013,583.45,,May-2014,0.0,,1.0,INDIVIDUAL,,,,0.0,,,,,,,,,,,,,,,,,,0.0
3894719,5984118,6000.0,6000.0,6000.0, 36 months,11.71,198.46,B,B3,REDACTED,1 year,MORTGAGE,84000.0,Verified,Dec-2011,Fully Paid,n,,,medical,Loan Application,89xxx,UT,18.44,2.0,Oct-2003,0.0,8.0,,4.0,0.0,0.0,37.73,14.0,f,0.0,0.0,7164.4998522,7164.5,6000.0,1149.5,15.0,0.0,0.0,Feb-2015,16.98,,Jul-2015,0.0,,1.0,INDIVIDUAL,,,,0.0,,,,,,,,,,,,,,,,,,0.0
3767782,4245534,9200.0,9200.0,9200.0, 36 months,6.03,280.01,A,A1,REDACTED,6 years,RENT,77385.19,Not Verified,Dec-2011,Fully Paid,n,,,debt_consolidation,Loan Application,92xxx,CA,9.86,0.0,Jan-2001,0.0,,,8.0,0.0,7314.0,23.1,28.0,f,0.0,0.0,9459.96,9459.96,9200.0,259.96,0.0,0.0,0.0,Jul-2012,8061.1,,Jul-2012,0.0,,1.0,INDIVIDUAL,,,,0.0,,,,,,,,,,,,,,,,,,0.0
4059961,3059929,20250.0,20250.0,19142.1610771, 60 months,15.27,484.63,C,C4,REDACTED,3 years,RENT,43370.0,Verified,Dec-2011,Fully Paid,n,,,debt_consolidation,Loan Application,77xxx,TX,26.53,0.0,Nov-1997,3.0,,,8.0,0.0,17813.0,85.6,22.0,f,0.0,0.0,27663.042671,25417.68,20250.0,7413.04,0.0,0.0,0.0,Aug-2015,6024.09,,Dec-2015,0.0,,1.0,INDIVIDUAL,,,,0.0,,,,,,,,,,,,,,,,,,0.0
6902315,1810886,21000.0,21000.0,21000.0, 36 months,12.42,701.73,B,B4,REDACTED,10+ years,RENT,105000.0,Verified,Dec-2011,Charged Off,n,,,debt_consolidation,Loan Application,33xxx,FL,13.22,0.0,Feb-1983,0.0,,,7.0,0.0,32135.0,90.3,38.0,f,0.0,0.0,14025.4,14025.4,10694.96,3330.44,0.0,0.0,0.0,Sep-2013,701.73,,Jan-2016,0.0,,1.0,INDIVIDUAL,,,,0.0,,,,,,,,,,,,,,,,,,1.0
4994441,2325649,10000.0,10000.0,10000.0, 36 months,11.71,330.76,B,B3,REDACTED,10+ years,OWN,50000.0,Source Verified,Dec-2011,Fully Paid,n,,,credit_card,Loan Application,79xxx,TX,11.18,0.0,Jul-1985,0.0,,,8.0,0.0,10056.0,82.4,21.0,f,0.0,0.0,11902.5615747,11902.56,10000.0,1902.56,0.0,0.0,0.0,Jan-2015,349.21,,Jan-2016,0.0,,1.0,INDIVIDUAL,,,,0.0,,,,,,,,,,,,,,,,,,0.0
7862184,5776718,10000.0,10000.0,10000.0, 36 months,11.71,330.76,B,B3,REDACTED,5 years,RENT,50000.0,Not Verified,Dec-2011,Fully Paid,n,,,debt_consolidation,Loan Application,91xxx,CA,16.01,0.0,Apr-2003,0.0,,,6.0,0.0,17800.0,91.8,17.0,f,0.0,0.0,11536.31,11536.31,10000.0,1536.31,0.0,0.0,0.0,Oct-2013,4942.63,,Mar-2014,0.0,,1.0,INDIVIDUAL,,,,0.0,,,,,,,,,,,,,,,,,,0.0
2500271,9975535,6000.0,6000.0,6000.0, 36 months,11.71,198.46,B,B3,REDACTED,1 year,RENT,76000.0,Not Verified,Dec-2011,Charged Off,n,,,major_purchase,Loan Application,90xxx,CA,2.4,0.0,Jun-2001,1.0,,,7.0,0.0,5963.0,29.7,7.0,f,0.0,0.0,2050.14,2050.14,1305.58,475.25,0.0,269.31,2.57,Oct-2012,198.46,,Mar-2013,0.0,,1.0,INDIVIDUAL,,,,0.0,,,,,,,,,,,,,,,,,,1.0
3866165,6856706,15000.0,15000.0,15000.0, 36 months,9.91,483.38,B,B1,REDACTED,2 years,MORTGAGE,92000.0,Verified,Dec-2011,Fully Paid,n,,,credit_card,Loan Application,60xxx,IL,29.44,0.0,Feb-2002,0.0,,,8.0,0.0,13707.0,93.9,31.0,f,0.0,0.0,15823.48,15823.48,15000.0,823.48,0.0,0.0,0.0,Sep-2012,2447.05,,Sep-2012,0.0,,1.0,INDIVIDUAL,,,,0.0,,,,,,,,,,,,,,,,,,0.0
6886692,2098851,15000.0,15000.0,8725.0, 36 months,14.27,514.64,C,C2,REDACTED,9 years,RENT,60000.0,Not Verified,Dec-2011,Charged Off,n,,,debt_consolidation,Loan Application,10xxx,NY,15.22,0.0,Oct-2003,1.0,,,7.0,0.0,5872.0,57.6,11.0,f,0.0,0.0,0.0,0.0,0.0,0.0,0.0,0.0,0.0,,0.0,,Jan-2016,0.0,,1.0,INDIVIDUAL,,,,0.0,,,,,,,,,,,,,,,,,,1.0
5643408,7484864,5000.0,5000.0,5000.0, 60 months,16.77,123.65,D,D2,REDACTED,2 years,RENT,50004.0,Not Verified,Dec-2011,Charged Off,n,,,other,Loan Application,15xxx,PA,13.97,3.0,Oct-2003,0.0,20.0,,14.0,0.0,4345.0,59.5,22.0,f,0.0,0.0,1609.12,1609.12,629.05,719.11,0.0,260.96,2.3,Dec-2012,123.65,,May-2013,0.0,,1.0,INDIVIDUAL,,,,0.0,,,,,,,,,,,,,,,,,,1.0
9574129,9168771,4000.0,4000.0,4000.0, 36 months,11.71,132.31,B,B3,REDACTED,10+ years,MORTGAGE,106000.0,Not Verified,Dec-2011,Fully Paid,n,,,debt_consolidation,Loan Application,32xxx,FL,5.63,1.0,Aug-1984,0.0,18.0,,12.0,0.0,6110.0,37.7,44.0,f,0.0,0.0,4484.79,4484.79,4000.0,484.79,0.0,0.0,0.0,Apr-2013,2638.77,,Jan-2016,0.0,,1.0,INDIVIDUAL,,,,0.0,,,,,,,,,,,,,,,,,,0.0
4229402,8999602,8500.0,8500.0,8500.0, 36 months,11.71,281.15,B,B3,REDACTED,< 1 year,RENT,25000.0,Source Verified,Dec-2011,Fully Paid,n,,,credit_card,Loan Application,56xxx,MN,12.19,0.0,Nov-2006,0.0,,,8.0,0.0,6441.0,59.1,12.0,f,0.0,0.0,10122.2086138,10122.21,8500.0,1622.21,0.0,0.0,0.0,Dec-2014,581.59,,Jan-2015,0.0,,1.0,INDIVIDUAL,,,,0.0,,,,,,,,,,,,,,,,,,0.0
5421993,6768326,4375.0,4375.0,4375.0, 36 months,7.51,136.11,A,A3,REDACTED,7 years,MORTGAGE,17108.0,Source Verified,Dec-2011,Fully Paid,n,,,debt_consolidation,Loan Application,14xxx,NY,20.34,0.0,Dec-1987,0.0,,,6.0,0.0,11210.0,86.9,12.0,f,0.0,0.0,4898.54355838,4898.54,4375.0,523.54,0.0,0.0,0.0,Jan-2015,144.94,,Dec-2014,0.0,,1.0,INDIVIDUAL,,,,0.0,,,,,,,,,,,,,,,,,,0.0
2631025,9450043,31825.0,31825.0,31825.0, 36 months,7.9,995.82,A,A4,REDACTED,5 years,MORTGAGE,75000.0,Verified,Dec-2011,Fully Paid,n,,,debt_consolidation,Loan Application,08xxx,NJ,14.03,0.0,Nov-1981,0.0,,,12.0,0.0,23151.0,27.4,26.0,f,0.0,0.0,34886.08,34886.08,31825.0,3061.08,0.0,0.0,0.0,Aug-2013,16966.7,,Oct-2015,0.0,,1.0,INDIVIDUAL,,,,0.0,,,,,,,,,,,,,,,,,,0.0
2702095,2902965,10000.0,10000.0,9975.0, 60 months,15.96,242.97,C,C5,REDACTED,2 years,RENT,29120.0,Verified,Dec-2011,Current,n,,,debt_consolidation,Loan Application,33xxx,FL,22.83,0.0,Feb-1997,1.0,68.0,,11.0,0.0,16158.0,63.6,31.0,f,2695.31,2688.53,11622.36,11593.4,7304.67,4317.69,0.0,0.0,0.0,Jan-2016,242.97,Jan-2016,Jan-2016,0.0,,1.0,INDIVIDUAL,,,,0.0,,,,,,,,,,,,,,,,,,
1961017,9176081,5000.0,5000.0,5000.0, 36 months,8.9,158.77,A,A5,REDACTED,2 years,RENT,24044.0,Verified,Dec-2011,Fully Paid,n,,,debt_consolidation,Loan Application,97xxx,OR,11.93,0.0,Apr-2005,0.0,45.0,,8.0,0.0,2224.0,29.3,16.0,f,0.0,0.0,5714.59212878,5714.59,5000.0,714.59,0.0,0.0,0.0,Jan-2015,163.64,,Jan-2016,0.0,,1.0,INDIVIDUAL,,,,0.0,,,,,,,,,,,,,,,,,,0.0
5816234,9400898,7000.0,7000.0,7000.0, 36 months,15.96,245.97,C,C5,REDACTED,7 years,RENT,34000.0,Source Verified,Dec-2011,Fully Paid,n,,,credit_card,Loan Application,93xxx,CA,6.35,0.0,Oct-2007,1.0,,,6.0,0.0,6113.0,60.5,6.0,f,0.0,0.0,8848.94043027,8848.94,7000.0,1848.94,0.0,0.0,0.0,Jan-2015,260.74,,Dec-2014,0.0,,1.0,INDIVIDUAL,,,,0.0,,,,,,,,,,,,,,,,,,0.0
6421517,3457010,12400.0,12400.0,12400.0, 36 months,10.65,403.91,B,B2,REDACTED,10+ years,RENT,41000.0,Not Verified,Dec-2011,Fully Paid,n,,,credit_card,Loan Application,40xxx,KY,11.8,0.0,Jul-2005,2.0,,,9.0,0.0,11095.0,57.2,12.0,f,0.0,0.0,14537.4595273,14537.46,12400.0,2137.46,0.0,0.0,0.0,Jan-2015,417.61,,Dec-2014,0.0,,1.0,INDIVIDUAL,,,,0.0,,,,,,,,,,,,,,,,,,0.0
2718816,2333170,10800.0,10800.0,10800.0, 36 months,9.91,348.03,B,B1,REDACTED,2 years,RENT,55596.0,Source Verified,Dec-2011,Fully Paid,n,,,moving,Loan Application,94xxx,CA,5.5,0.0,Dec-2000,0.0,,,7.0,0.0,2535.0,13.3,18.0,f,0.0,0.0,12157.2,12157.2,10800.0,1357.2,0.0,0.0,0.0,Nov-2013,3483.79,,Jan-2016,0.0,,1.0,INDIVIDUAL,,,,0.0,,,,,,,,,,,,,,,,,,0.0
7598817,2225279,15000.0,15000.0,15000.0, 36 months,7.9,469.36,A,A4,REDACTED,1 year,RENT,45000.0,Verified,Dec-2011,Fully Paid,n,,,debt_consolidation,Loan Application,44xxx,OH,8.48,0.0,Nov-2004,0.0,,,7.0,0.0,6704.0,50.4,27.0,f,0.0,0.0,16662.6,16662.6,15000.0,1662.6,0.0,0.0,0.0,Jan-2014,5872.8,,Jan-2016,0.0,,1.0,INDIVIDUAL,,,,0.0,,,,,,,,,,,,,,,,,,0.0
2689395,9120645,6000.0,6000.0,6000.0, 36 months,12.42,200.5,B,B4,REDACTED,1 year,RENT,36852.0,Source Verified,Dec-2011,Fully Paid,n,,,debt_consolidation,Loan Application,85xxx,AZ,10.62,0.0,Apr-2007,1.0,,,7.0,0.0,7310.0,66.5,12.0,f,0.0,0.0,7125.2831651,7125.28,6000.0,1125.28,0.0,0.0,0.0,Apr-2014,1923.53,,Jan-2016,0.0,,1.0,INDIVIDUAL,,,,0.0,,,,,,,,,,,,,,,,,,0.0
3403689,3527916,12500.0,12500.0,12475.0, 60 months,12.69,282.44,B,B5,REDACTED,1 year,RENT,27000.0,Verified,Dec-2011,Current,n,,,debt_consolidation,Loan Application,60xxx,IL,16.04,0.0,Dec-2001,3.0,,,6.0,0.0,10143.0,50.0,24.0,f,3193.13,3186.72,13506.54,13479.58,9306.87,4199.67,0.0,0.0,0.0,Jan-2016,282.44,Jan-2016,Jan-2016,0.0,,1.0,INDIVIDUAL,,,,0.0,,,,,,,,,,,,,,,,,,
8255805,9088770,9600.0,9600.0,9600.0, 36 months,7.51,298.67,A,A3,REDACTED,4 years,RENT,68004.0,Source Verified,Dec-2011,Fully Paid,n,,,other,Loan Application,29xxx,SC,6.63,0.0,Jan-2003,0.0,,,6.0,0.0,2896.0,18.1,11.0,f,0.0,0.0,10749.7626454,10749.76,9600.0,1149.76,0.0,0.0,0.0,Jan-2015,311.56,,Dec-2014,0.0,,1.0,INDIVIDUAL,,,,0.0,,,,,,,,,,,,,,,,,,0.0
7087285,3143073,12000.0,12000.0,12000.0, 36 months,7.9,375.49,A,A4,REDACTED,10+ years,RENT,62300.0,Not Verified,Dec-2011,Fully Paid,n,,,debt_consolidation,Loan Application,08xxx,NJ,16.7,0.0,Mar-1994,0.0,38.0,,15.0,0.0,8601.0,21.0,25.0,f,0.0,0.0,13516.3829573,13516.38,12000.0,1516.38,0.0,0.0,0.0,Jan-2015,380.98,,Sep-2015,0.0,,1.0,INDIVIDUAL,,,,0.0,,,,,,,,,,,,,,,,,,0.0
7004107,8880322,3000.0,3000.0,3000.0, 36 months,18.25,108.84,D,D5,REDACTED,9 years,MORTGAGE,65000.0,Not Verified,Dec-2011,Fully Paid,n,,,other,Loan Application,18xxx,PA,17.39,0.0,Sep-1998,0.0,,,8.0,0.0,43936.0,98.1,22.0,f,0.0,0.0,3915.02759536,3915.03,3000.0,915.03,0.0,0.0,0.0,Jan-2015,115.38,,Jan-2016,0.0,,1.0,INDIVIDUAL,,,,0.0,,,,,,,,,,,,,,,,,,0.0
2951934,1557222,4400.0,4400.0,4400.0, 36 months,16.77,156.37,D,D2,REDACTED,10+ years,RENT,55000.0,Not Verified,Dec-2011,Fully Paid,n,,,debt_consolidation,Loan Application,02xxx,RI,20.01,0.0,Jun-2004,0.0,,,7.0,0.0,25237.0,99.0,11.0,f,0.0,0.0,5626.89265505,5626.89,4400.0,1226.89,0.0,0.0,0.0,Jan-2015,162.44,,Dec-2015,0.0,,1.0,INDIVIDUAL,,,,0.0,,,,,,,,,,,,,,,,,,0.0
1900568,6086474,6000.0,6000.0,6000.0, 36 months,6.03,182.62,A,A1,REDACTED,10+ years,MORTGAGE,45600.0,Not Verified,Dec-2011,Fully Paid,n,,,debt_consolidation,Loan Application,70xxx,LA,5.34,0.0,Nov-1995,1.0,,,6.0,0.0,3378.0,32.5,28.0,f,0.0,0.0,6065.86,6065.86,6000.0,65.86,0.0,0.0,0.0,Jul-2012,15.01,,Jun-2012,0.0,,1.0,INDIVIDUAL,,,,0.0,,,,,,,,,,,,,,,,,,0.0
6221611,9137954,14000.0,14000.0,14000.0, 36 months,9.91,451.15,B,B1,REDACTED,6 years,RENT,80000.0,Not Verified,Dec-2011,Fully Paid,n,,,small_business,Loan Application,01xxx,MA,10.0,0.0,Jul-1999,1.0,45.0,,7.0,0.0,2219.0,13.4,40.0,f,0.0,0.0,16239.9141276,16239.91,14000.0,2239.91,0.0,0.0,0.0,Jan-2015,457.91,,Jan-2016,0.0,,1.0,INDIVIDUAL,,,,0.0,,,,,,,,,,,,,,,,,,0.0
9109052,5843108,5000.0,5000.0,5000.0, 36 months,8.9,158.77,A,A5,REDACTED,10+ years,MORTGAGE,100000.0,Source Verified,Dec-2011,Charged Off,n,,,debt_consolidation,Loan Application,44xxx,OH,16.33,0.0,Jun-1995,0.0,,,17.0,0.0,74351.0,62.1,35.0,f,0.0,0.0,5021.37,5021.37,4217.38,696.99,0.0,107.0,1.07,Aug-2014,158.77,,Dec-2014,0.0,,1.0,INDIVIDUAL,,,,0.0,,,,,,,,,,,,,,,,,,1.0
5315797,6310746,10000.0,10000.0,10000.0, 36 months,10.65,325.74,B,B2,REDACTED,6 years,RENT,27000.0,Verified,Dec-2011,Fully Paid,n,,,other,Loan Application,10xxx,NY,11.47,0.0,Nov-2006,0.0,,,7.0,0.0,7814.0,52.3,10.0,f,0.0,0.0,11724.5677368,11724.57,10000.0,1724.57,0.0,0.0,0.0,Jan-2015,332.92,,Jan-2016,0.0,,1.0,INDIVIDUAL,,,,0.0,,,,,,,,,,,,,,,,,,0.0
2939049,9013640,10000.0,10000.0,10000.0, 36 months,6.03,304.36,A,A1,REDACTED,10+ years,RENT,60000.0,Not Verified,Dec-2011,Fully Paid,n,,,credit_card,Loan Application,06xxx,CT,12.74,0.0,Sep-1992,1.0,,,11.0,0.0,14019.0,19.5,18.0,f,0.0,0.0,10282.67,10282.67,10000.0,282.67,0.0,0.0,0.0,Jul-2012,8762.05,,Jan-2016,0.0,,1.0,INDIVIDUAL,,,,0.0,,,,,,,,,,,,,,,,,,0.0
2823143,6329312,11000.0,11000.0,11000.0, 36 months,6.62,337.75,A,A2,REDACTED,5 years,RENT,70000.0,Not Verified,Dec-2011,Fully Paid,n,,,debt_consolidation,Loan Application,06xxx,CT,10.85,0.0,Jan-2002,0.0,,,5.0,0.0,11638.0,36.4,7.0,f,0.0,0.0,12157.3800468,12157.38,11000.0,1157.38,0.0,0.0,0.0,Jan-2015,346.13,,Jan-2016,0.0,,1.0,INDIVIDUAL,,,,0.0,,,,,,,,,,,,,,,,,,0.0
6727456,3987154,15000.0,15000.0,15000.0, 36 months,9.91,483.38,B,B1,REDACTED,8 years,MORTGAGE,80000.0,Not Verified,Dec-2011,Charged Off,n,,,debt_consolidation,Loan Application,61xxx,IL,9.12,0.0,Apr-1992,2.0,,,9.0,0.0,11845.0,63.7,28.0,f,0.0,0.0,16177.77,16177.77,13556.45,2374.34,24.17,222.81,36.3708,Oct-2014,483.38,,Mar-2015,0.0,,1.0,INDIVIDUAL,,,,0.0,,,,,,,,,,,,,,,,,,1.0
7664841,1998387,25600.0,25600.0,25350.0, 36 months,9.91,824.96,B,B1,REDACTED,9 years,RENT,110000.0,Verified,Dec-2011,Fully Paid,n,,,credit_card,Loan Application,91xxx,CA,15.71,0.0,Jul-1999,0.0,,,11.0,0.0,26088.0,62.0,27.0,f,0.0,0.0,29695.6226757,29405.63,25600.0,4095.62,0.0,0.0,0.0,Jan-2015,838.27,,Jan-2016,0.0,,1.0,INDIVIDUAL,,,,0.0,,,,,,,,,,,,,,,,,,0.0
3278597,6913353,7000.0,7000.0,7000.0, 36 months,10.65,228.02,B,B2,REDACTED,< 1 year,RENT,40000.0,Not Verified,Dec-2011,Fully Paid,n,,,debt_consolidation,Loan Application,94xxx,CA,7.38,0.0,Apr-2004,0.0,,,7.0,0.0,12168.0,92.9,12.0,f,0.0,0.0,8205.47381646,8205.47,7000.0,1205.47,0.0,0.0,0.0,Jan-2015,240.27,,Dec-2014,0.0,,1.0,INDIVIDUAL,,,,0.0,,,,,,,,,,,,,,,,,,0.0
5327724,2884360,12000.0,12000.0,12000.0, 36 months,15.96,421.65,C,C5,REDACTED,4 years,RENT,50000.0,Not Verified,Dec-2011,Charged Off,n,,,car,Loan Application,91xxx,CA,20.88,0.0,Oct-2006,2.0,,,11.0,0.0,15793.0,90.8,11.0,f,0.0,0.0,3521.95,3521.95,1903.66,1039.35,0.0,578.94,5.49,Aug-2012,421.65,,Dec-2012,0.0,,1.0,INDIVIDUAL,,,,0.0,,,,,,,,,,,,,,,,,,1.0
9897770,7004073,12000.0,12000.0,12000.0, 36 months,9.91,386.7,B,B1,REDACTED,1 year,RENT,46000.0,Not Verified,Dec-2011,Fully Paid,n,,,credit_card,Loan Application,76xxx,TX,8.11,0.0,May-2000,1.0,,,11.0,0.0,12143.0,52.1,12.0,f,0.0,0.0,13748.2131095,13748.21,12000.0,1748.21,0.0,0.0,0.0,Jul-2014,964.73,,Jul-2014,0.0,,1.0,INDIVIDUAL,,,,0.0,,,,,,,,,,,,,,,,,,0.0
7908942,3152153,21000.0,21000.0,20975.0, 60 months,19.91,555.33,E,E4,REDACTED,7 years,RENT,50000.0,Verified,Dec-2011,Charged Off,n,,,debt_consolidation,Loan Application,98xxx,WA,21.58,0.0,Sep-1998,1.0,,,7.0,0.0,19448.0,97.6,14.0,f,0.0,0.0,18319.14,18297.35,8990.81,9328.33,0.0,0.0,0.0,Oct-2014,555.33,,Jan-2016,0.0,,1.0,INDIVIDUAL,,,,0.0,,,,,,,,,,,,,,,,,,1.0
8105852,7996311,16000.0,16000.0,15950.0, 60 months,19.91,423.11,E,E4,REDACTED,7 years,RENT,81000.0,Verified,Dec-2011,Fully Paid,n,,,credit_card,Loan Application,01xxx,MA,20.52,0.0,Dec-1998,3.0,,,12.0,0.0,27884.0,75.1,21.0,f,0.0,0.0,20876.1,20810.87,16000.0,4876.1,0.0,0.0,0.0,Oct-2013,9931.02,,Jan-2016,0.0,,1.0,INDIVIDUAL,,,,0.0,,,,,,,,,,,,,,,,,,0.0
7505647,1108953,10000.0,10000.0,10000.0, 36 months,12.42,334.16,B,B4,REDACTED,< 1 year,OWN,39000.0,Not Verified,Dec-2011,Fully Paid,n,,,debt_consolidation,Loan Application,97xxx,OR,18.58,0.0,Dec-2004,0.0,,,5.0,0.0,12874.0,72.7,10.0,f,0.0,0.0,11474.76,11474.76,10000.0,1474.76,0.0,0.0,0.0,Jul-2013,5803.94,,Mar-2015,0.0,,1.0,INDIVIDUAL,,,,0.0,,,,,,,,,,,,,,,,,,0.0
5296535,7761860,10000.0,10000.0,10000.0, 36 months,10.65,325.74,B,B2,REDACTED,2 years,RENT,51400.0,Not Verified,Dec-2011,Fully Paid,n,,,credit_card,Loan Application,75xxx,TX,19.14,0.0,Oct-2000,3.0,,,10.0,0.0,10160.0,59.1,24.0,f,0.0,0.0,10575.94,10575.94,10000.0,575.94,0.0,0.0,0.0,Aug-2012,8627.74,,Sep-2014,0.0,,1.0,INDIVIDUAL,,,,0.0,,,,,,,,,,,,,,,,,,0.0
5323568,9797023,7100.0,7100.0,7100.0, 36 months,16.77,252.33,D,D2,REDACTED,1 year,MORTGAGE,33000.0,Verified,Dec-2011,Fully Paid,n,,,debt_consolidation,Loan Application,78xxx,TX,24.0,0.0,Apr-2007,2.0,,,4.0,0.0,6021.0,91.2,8.0,f,0.0,0.0,9079.33484306,9079.33,7100.0,1979.33,0.0,0.0,0.0,Jan-2015,262.78,,Jan-2016,0.0,,1.0,INDIVIDUAL,,,,0.0,,,,,,,,,,,,,,,,,,0.0
1861049,1482193,13000.0,13000.0,13000.0, 60 months,12.69,293.74,B,B5,REDACTED,< 1 year,MORTGAGE,30000.0,Source Verified,Dec-2011,Fully Paid,n,,,debt_consolidation,Loan Application,07xxx,NJ,13.72,0.0,May-2002,0.0,,,17.0,0.0,17080.0,58.9,27.0,f,0.0,0.0,17402.2399868,17402.24,13000.0,4402.24,0.0,0.0,0.0,Jan-2016,3596.46,,Jan-2016,0.0,,1.0,INDIVIDUAL,,,,0.0,,,,,,,,,,,,,,,,,,0.0
3537044,8758929,17500.0,8950.0,8925.0, 60 months,17.27,223.74,D,D3,REDACTED,6 years,RENT,40000.0,Verified,Dec-2011,Current,n,,,small_business,Loan Application,95xxx,CA,19.47,0.0,May-2006,1.0,,,5.0,0.0,10724.0,58.9,6.0,f,2462.25,2455.34,10713.52,10683.65,6487.75,4225.77,0.0,0.0,0.0,Jan-2016,223.74,Jan-2016,Jan-2016,0.0,,1.0,INDIVIDUAL,,,,0.0,,,,,,,,,,,,,,,,,,
5041929,5457761,17675.0,17675.0,17675.0, 60 months,14.65,417.25,C,C3,REDACTED,< 1 year,RENT,50000.0,Source Verified,Dec-2011,Fully Paid,n,,,debt_consolidation,Loan Application,54xxx,WI,16.46,0.0,Jul-2002,2.0,,,6.0,0.0,6661.0,57.4,14.0,f,0.0,0.0,21323.43,21323.43,17675.0,3648.43,0.0,0.0,0.0,Aug-2013,13814.81,,Feb-2014,0.0,,1.0,INDIVIDUAL,,,,0.0,,,,,,,,,,,,,,,,,,0.0
1123813,6319657,8000.0,8000.0,8000.0, 36 months,16.77,284.31,D,D2,REDACTED,< 1 year,RENT,62000.0,Not Verified,Dec-2011,Fully Paid,n,,,debt_consolidation,Loan Application,22xxx,VA,21.64,0.0,Jul-2006,3.0,,,14.0,0.0,6088.0,66.9,20.0,f,0.0,0.0,10267.2621391,10267.26,8000.0,2252.27,14.98883533,0.0,0.0,Dec-2014,606.54,,Jan-2016,0.0,,1.0,INDIVIDUAL,,,,0.0,,,,,,,,,,,,,,,,,,0.0
7819420,8179207,10000.0,10000.0,9975.0, 60 months,10.65,215.69,B,B2,REDACTED,10+ years,RENT,45996.0,Verified,Dec-2011,Charged Off,n,,,debt_consolidation,Loan Application,44xxx,OH,21.73,0.0,May-1997,1.0,,,7.0,0.0,11170.0,30.1,15.0,f,0.0,0.0,8772.91,8751.08,5495.38,2429.23,1.0,847.3,152.514,Apr-2015,1.0,,Jun-2015,0.0,,1.0,INDIVIDUAL,,,,0.0,,,,,,,,,,,,,,,,,,1.0
3556499,3833253,3500.0,3500.0,3500.0, 36 months,10.65,114.01,B,B2,REDACTED,7 years,MORTGAGE,55000.0,Not Verified,Dec-2011,Fully Paid,n,,,debt_consolidation,Loan Application,43xxx,OH,5.39,0.0,Oct-2005,1.0,,,9.0,0.0,6611.0,45.9,12.0,f,0.0,0.0,4103.16812842,4103.17,3500.0,603.17,0.0,0.0,0.0,Jan-2015,118.32,,Dec-2014,0.0,,1.0,INDIVIDUAL,,,,0.0,,,,,,,,,,,,,,,,,,0.0
6039518,5359677,12500.0,8925.0,8925.0, 60 months,17.27,223.11,D,D3,REDACTED,5 years,RENT,30000.0,Source Verified,Dec-2011,Charged Off,n,,,debt_consolidation,Loan Application,55xxx,MN,13.16,0.0,Apr-1995,0.0,,113.0,7.0,1.0,9844.0,70.8,28.0,f,0.0,0.0,5577.75,5577.75,2812.82,2742.43,0.0,22.5,0.0,Feb-2014,223.11,,Jan-2016,0.0,,1.0,INDIVIDUAL,,,,0.0,,,,,,,,,,,,,,,,,,1.0
6406778,1325873,16425.0,16425.0,16425.0, 36 months,14.27,563.53,C,C2,REDACTED,4 years,RENT,44544.0,Source Verified,Dec-2011,Fully Paid,n,,,debt_consolidation,Loan Application,92xxx,CA,22.71,0.0,Oct-2002,1.0,,,10.0,0.0,15747.0,83.4,18.0,f,0.0,0.0,18172.71,18172.71,16425.0,1747.71,0.0,0.0,0.0,Nov-2012,13108.71,,Jul-2015,0.0,,1.0,INDIVIDUAL,,,,0.0,,,,,,,,,,,,,,,,,,0.0
2523649,3763068,8200.0,8200.0,8200.0, 60 months,21.28,223.14,F,F2,REDACTED,4 years,RENT,75000.0,Source Verified,Dec-2011,Charged Off,n,,,small_business,Loan Application,91xxx,CA,12.48,0.0,Jan-2000,3.0,,,6.0,0.0,9012.0,73.9,11.0,f,0.0,0.0,4173.57,4173.57,1525.83,2265.85,0.0,381.89,3.6,Jun-2013,223.14,,Oct-2013,0.0,,1.0,INDIVIDUAL,,,,0.0,,,,,,,,,,,,,,,,,,1.0
8353577,1352164,15000.0,15000.0,15000.0, 36 months,14.65,517.42,C,C3,REDACTED,2 years,OWN,61000.0,Verified,Dec-2011,Fully Paid,n,,,credit_card,Loan Application,32xxx,FL,11.88,0.0,Jun-2004,1.0,,,8.0,0.0,19397.0,79.5,18.0,f,0.0,0.0,18562.40042,18562.4,15000.0,3562.4,0.0,0.0,0.0,Sep-2014,2533.38,,Jan-2016,0.0,,1.0,INDIVIDUAL,,,,0.0,,,,,,,,,,,,,,,,,,0.0
6156368,9942562,20975.0,13575.0,13550.0, 60 months,17.58,341.63,D,D4,REDACTED,5 years,MORTGAGE,44000.0,Verified,Dec-2011,Fully Paid,n,,,credit_card,Loan Application,30xxx,GA,18.79,0.0,Apr-2000,0.0,,105.0,13.0,1.0,20657.0,79.4,21.0,f,0.0,0.0,18097.3445842,18064.1,13575.0,4522.34,0.0,0.0,0.0,Apr-2014,9245.21,,Apr-2014,0.0,,1.0,INDIVIDUAL,,,,0.0,,,,,,,,,,,,,,,,,,0.0
2789279,8491043,6400.0,6400.0,6400.0, 36 months,16.77,227.45,D,D2,REDACTED,5 years,RENT,75000.0,Not Verified,Dec-2011,Charged Off,n,,,debt_consolidation,Loan Application,92xxx,CA,20.22,0.0,Dec-1994,0.0,48.0,,9.0,0.0,7159.0,67.5,27.0,f,0.0,0.0,4776.45,4776.45,3334.25,1431.91,0.0,10.29,0.0,Oct-2013,227.45,,Jan-2016,0.0,,1.0,INDIVIDUAL,,,,0.0,,,,,,,,,,,,,,,,,,1.0
1119356,9012548,3000.0,3000.0,3000.0, 36 months,13.49,101.8,C,C1,REDACTED,1 year,RENT,33600.0,Not Verified,Dec-2011,Fully Paid,n,,,debt_consolidation,Loan Application,35xxx,AL,18.11,0.0,Oct-2005,0.0,41.0,,4.0,0.0,2745.0,83.2,7.0,f,0.0,0.0,3246.8,3246.8,3000.0,246.8,0.0,0.0,0.0,Sep-2012,2539.58,,Jan-2015,0.0,,1.0,INDIVIDUAL,,,,0.0,,,,,,,,,,,,,,,,,,0.0
1337724,8505293,12000.0,12000.0,12000.0, 36 months,16.77,426.47,D,D2,REDACTED,3 years,RENT,50000.0,Not Verified,Dec-2011,Fully Paid,n,,,credit_card,Loan Application,01xxx,MA,20.57,0.0,Sep-2005,1.0,,,13.0,0.0,11443.0,97.0,19.0,f,0.0,0.0,15346.4668655,15346.47,12000.0,3346.47,0.0,0.0,0.0,Jan-2015,441.52,,Dec-2014,0.0,,1.0,INDIVIDUAL,,,,0.0,,,,,,,,,,,,,,,,,,0.0
2033630,6608531,14400.0,14400.0,14400.0, 36 months,8.9,457.25,A,A5,REDACTED,< 1 year,OWN,150000.0,Source Verified,Dec-2011,Fully Paid,n,,,debt_consolidation,Loan Application,14xxx,NY,14.85,0.0,Dec-1994,0.0,,,12.0,0.0,63864.0,55.0,38.0,f,0.0,0.0,16459.519142,16459.52,14400.0,2059.52,0.0,0.0,0.0,Jan-2015,464.02,,Dec-2014,0.0,,1.0,INDIVIDUAL,,,,0.0,,,,,,,,,,,,,,,,,,0.0
3561170,5876399,12000.0,12000.0,12000.0, 36 months,14.65,413.94,C,C3,REDACTED,10+ years,RENT,90000.0,Not Verified,Dec-2011,Fully Paid,n,,,debt_consolidation,Loan Application,07xxx,NJ,16.56,0.0,Dec-1984,2.0,40.0,,12.0,0.0,17116.0,78.5,36.0,f,0.0,0.0,12699.48,12699.48,12000.0,699.48,0.0,0.0,0.0,Jun-2012,11046.6,,Jan-2016,0.0,,1.0,INDIVIDUAL,,,,0.0,,,,,,,,,,,,,,,,,,0.0
5367692,8820730,11000.0,11000.0,11000.0, 36 months,13.49,373.24,C,C1,REDACTED,10+ years,MORTGAGE,48000.0,Verified,Dec-2011,Fully Paid,n,,,debt_consolidation,Loan Application,78xxx,TX,21.82,0.0,Dec-1999,3.0,74.0,,15.0,0.0,11382.0,65.0,29.0,f,0.0,0.0,13413.2160453,13413.22,11000.0,2413.22,0.0,0.0,0.0,Oct-2014,1491.29,,Oct-2014,0.0,,1.0,INDIVIDUAL,,,,0.0,,,,,,,,,,,,,,,,,,0.0
6771730,8872759,7250.0,7200.0,7175.0, 60 months,21.67,197.51,F,F3,REDACTED,< 1 year,RENT,75000.0,Verified,Dec-2011,Fully Paid,n,,,debt_consolidation,Loan Application,93xxx,CA,24.82,0.0,May-2000,2.0,,97.0,9.0,1.0,21706.0,91.2,19.0,f,0.0,0.0,8201.53,8173.07,7200.0,1001.53,0.0,0.0,0.0,Sep-2012,6824.7,,Jan-2016,0.0,,1.0,INDIVIDUAL,,,,0.0,,,,,,,,,,,,,,,,,,0.0
6531855,1859588,15000.0,15000.0,15000.0, 36 months,7.9,469.36,A,A4,REDACTED,1 year,MORTGAGE,52000.0,Not Verified,Dec-2011,Fully Paid,n,,,small_business,Loan Application,79xxx,TX,9.65,0.0,Nov-2003,1.0,,,11.0,0.0,1616.0,6.7,29.0,f,0.0,0.0,15557.64,15557.64,15000.0,557.64,0.0,0.0,0.0,Aug-2012,312.74,,Mar-2014,0.0,,1.0,INDIVIDUAL,,,,0.0,,,,,,,,,,,,,,,,,,0.0
8660604,6344321,18000.0,18000.0,18000.0, 60 months,19.91,475.99,E,E4,REDACTED,10+ years,MORTGAGE,65000.0,Not Verified,Dec-2011,Fully Paid,n,,,debt_consolidation,Loan Application,33xxx,FL,6.81,0.0,Jun-1989,0.0,25.0,,10.0,0.0,11745.0,77.8,40.0,f,0.0,0.0,26027.5396382,26027.54,18000.0,8003.76,23.7814996114,0.0,0.0,Oct-2014,10783.73,,Oct-2014,0.0,,1.0,INDIVIDUAL,,,,0.0,,,,,,,,,,,,,,,,,,0.0
2030054,2407631,35000.0,22075.0,22050.0, 60 months,17.27,551.84,D,D3,REDACTED,3 years,MORTGAGE,150000.0,Verified,Dec-2011,Fully Paid,n,,,home_improvement,Loan Application,11xxx,NY,7.51,0.0,Jun-2003,1.0,35.0,,11.0,0.0,7334.0,53.3,31.0,f,0.0,0.0,28871.92,28839.26,22075.0,6796.92,0.0,0.0,0.0,Feb-2014,15660.22,,Feb-2014,0.0,,1.0,INDIVIDUAL,,,,0.0,,,,,,,,,,,,,,,,,,0.0
7385908,5974306,10000.0,10000.0,10000.0, 36 months,14.27,343.09,C,C2,REDACTED,2 years,RENT,68000.0,Source Verified,Dec-2011,Fully Paid,n,,,credit_card,Loan Application,19xxx,PA,15.39,0.0,Jul-2006,1.0,,,9.0,0.0,11303.0,81.3,15.0,f,0.0,0.0,10671.62,10671.62,10000.0,671.62,0.0,0.0,0.0,Jul-2012,8962.31,,Feb-2013,0.0,,1.0,INDIVIDUAL,,,,0.0,,,,,,,,,,,,,,,,,,0.0
2401369,4505515,11800.0,11800.0,11800.0, 36 months,12.69,395.83,B,B5,REDACTED,6 years,RENT,42000.0,Source Verified,Dec-2011,Fully Paid,n,,,credit_card,Loan Application,11xxx,NY,9.86,0.0,Oct-1996,0.0,,,4.0,0.0,8940.0,74.8,13.0,f,0.0,0.0,14243.1583665,14243.16,11800.0,2443.16,0.0,0.0,0.0,Jan-2015,419.36,,Dec-2014,0.0,,1.0,INDIVIDUAL,,,,0.0,,,,,,,,,,,,,,,,,,0.0
3397567,8559628,4500.0,4500.0,4500.0, 36 months,6.03,136.96,A,A1,REDACTED,4 years,RENT,53000.0,Source Verified,Dec-2011,Fully Paid,n,,,major_purchase,Loan Application,90xxx,CA,4.44,0.0,Oct-2000,0.0,,,7.0,0.0,8630.0,13.9,17.0,f,0.0,0.0,4930.30217046,4930.3,4500.0,430.3,0.0,0.0,0.0,Jan-2015,138.95,,Dec-2014,0.0,,1.0,INDIVIDUAL,,,,0.0,,,,,,,,,,,,,,,,,,0.0
5869866,1638892,7000.0,7000.0,7000.0, 36 months,12.69,234.82,B,B5,REDACTED,10+ years,RENT,35000.0,Source Verified,Dec-2011,Fully Paid,n,,,credit_card,Loan Application,90xxx,CA,11.35,0.0,May-2000,2.0,53.0,,10.0,0.0,7649.0,82.3,26.0,f,0.0,0.0,8449.39474172,8449.39,7000.0,1449.39,0.0,0.0,0.0,Jan-2015,248.19,,Nov-2015,0.0,,1.0,INDIVIDUAL,,,,0.0,,,,,,,,,,,,,,,,,,0.0
5528647,9660303,9200.0,9200.0,9200.0, 36 months,12.42,307.43,B,B4,REDACTED,2 years,RENT,60000.0,Source Verified,Dec-2011,Fully Paid,n,,,debt_consolidation,Loan Application,90xxx,CA,19.96,0.0,Oct-2002,3.0,,,8.0,0.0,23299.0,78.7,19.0,f,0.0,0.0,10480.84,10480.84,9200.0,1280.84,0.0,0.0,0.0,Jul-2013,365.48,,Jul-2014,0.0,,1.0,INDIVIDUAL,,,,0.0,,,,,,,,,,,,,,,,,,0.0
5387243,8583730,14000.0,14000.0,13975.0, 60 months,17.27,349.98,D,D3,REDACTED,4 years,RENT,28000.0,Verified,Dec-2011,Current,n,,,other,Loan Application,99xxx,WA,6.34,0.0,Jul-2005,2.0,,,5.0,0.0,6986.0,79.4,10.0,f,3842.41,3835.51,16777.04,16747.17,10157.6,6619.44,0.0,0.0,0.0,Jan-2016,349.98,Jan-2016,Jan-2016,0.0,,1.0,INDIVIDUAL,,,,0.0,,,,,,,,,,,,,,,,,,
4390924,9716269,4500.0,4500.0,4475.0, 60 months,10.65,97.06,B,B2,REDACTED,< 1 year,MORTGAGE,42000.0,Source Verified,Dec-2011,Fully Paid,n,,,car,Loan Application,75xxx,TX,5.4,0.0,Feb-1983,0.0,,,4.0,0.0,8220.0,78.3,9.0,f,0.0,0.0,4907.8,4880.55,4500.0,407.8,0.0,0.0,0.0,Dec-2012,3946.24,,Dec-2012,0.0,,1.0,INDIVIDUAL,,,,0.0,,,,,,,,,,,,,,,,,,0.0
3763025,3544584,12000.0,12000.0,12000.0, 36 months,16.29,423.61,D,D1,REDACTED,9 years,RENT,88365.0,Verified,Dec-2011,Fully Paid,n,,,debt_consolidation,Loan Application,85xxx,AZ,16.85,0.0,Oct-1996,0.0,,,6.0,0.0,22936.0,96.4,15.0,f,0.0,0.0,14685.36,14685.36,12000.0,2685.36,0.0,0.0,0.0,Nov-2013,5800.45,,Sep-2015,0.0,,1.0,INDIVIDUAL,,,,0.0,,,,,,,,,,,,,,,,,,0.0
9254375,4759000,12000.0,12000.0,12000.0, 36 months,13.49,407.17,C,C1,REDACTED,4 years,RENT,72000.0,Source Verified,Dec-2011,Fully Paid,n,,,debt_consolidation,Loan Application,93xxx,CA,21.33,0.0,May-2003,1.0,,,11.0,0.0,3419.0,27.6,19.0,f,0.0,0.0,13985.6762204,13985.68,12000.0,1985.68,0.0,0.0,0.0,Apr-2014,426.26,,Jan-2016,0.0,,1.0,INDIVIDUAL,,,,0.0,,,,,,,,,,,,,,,,,,0.0
8737897,8363293,12000.0,12000.0,12000.0, 36 months,10.65,390.88,B,B2,REDACTED,< 1 year,RENT,62000.0,Verified,Dec-2011,Fully Paid,n,,,credit_card,Loan Application,75xxx,TX,23.94,0.0,Jun-2002,0.0,,,10.0,0.0,20310.0,78.4,51.0,f,0.0,0.0,12779.62,12779.62,12000.0,779.62,0.0,0.0,0.0,Sep-2012,10046.57,,Jul-2015,0.0,,1.0,INDIVIDUAL,,,,0.0,,,,,,,,,,,,,,,,,,0.0
1949202,8288108,7000.0,7000.0,7000.0, 36 months,10.65,228.02,B,B2,REDACTED,3 years,MORTGAGE,43680.0,Not Verified,Dec-2011,Fully Paid,n,,,credit_card,Loan Application,55xxx,MN,5.38,0.0,Oct-2000,0.0,39.0,,7.0,0.0,6245.0,78.1,11.0,f,0.0,0.0,7687.73,7687.73,7000.0,687.73,0.0,0.0,0.0,Feb-2013,4958.61,,Feb-2013,0.0,,1.0,INDIVIDUAL,,,,0.0,,,,,,,,,,,,,,,,,,0.0
6294886,5534878,8200.0,8200.0,8200.0, 60 months,19.42,214.62,E,E3,REDACTED,3 years,RENT,120000.0,Source Verified,Dec-2011,Fully Paid,n,,,debt_consolidation,Loan Application,10xxx,NY,2.8,0.0,Jun-2007,2.0,,,5.0,0.0,10392.0,88.4,6.0,f,0.0,0.0,11894.8952023,11894.9,8200.0,3694.9,0.0,0.0,0.0,Dec-2014,4625.07,,Jan-2016,0.0,,1.0,INDIVIDUAL,,,,0.0,,,,,,,,,,,,,,,,,,0.0
3965817,8318046,10500.0,10500.0,10500.0, 36 months,12.69,352.23,B,B5,REDACTED,10+ years,RENT,66000.0,Verified,Dec-2011,Fully Paid,n,,,medical,Loan Application,95xxx,CA,20.73,1.0,Sep-1998,2.0,10.0,,8.0,0.0,5790.0,51.2,26.0,f,0.0,0.0,11232.14,11232.14,10500.0,732.14,0.0,0.0,0.0,Oct-2012,4421.32,,Oct-2012,0.0,,1.0,INDIVIDUAL,,,,0.0,,,,,,,,,,,,,,,,,,0.0
9259147,6098000,7000.0,7000.0,7000.0, 36 months,11.71,231.54,B,B3,REDACTED,4 years,OWN,39120.0,Not Verified,Dec-2011,Fully Paid,n,,,debt_consolidation,Loan Application,32xxx,FL,21.01,0.0,Dec-1996,0.0,26.0,33.0,8.0,1.0,9414.0,52.4,26.0,f,0.0,0.0,7932.3,7932.3,7000.0,932.3,0.0,0.0,0.0,Jun-2013,4235.03,,Jan-2016,0.0,,1.0,INDIVIDUAL,,,,0.0,,,,,,,,,,,,,,,,,,0.0
9161193,4337083,15300.0,15300.0,15275.0, 60 months,22.06,423.1,F,F4,REDACTED,6 years,RENT,85000.0,Verified,Dec-2011,Current,n,,,credit_card,Loan Application,22xxx,VA,20.58,0.0,Feb-1984,2.0,56.0,,14.0,0.0,26524.0,89.7,27.0,f,4523.91,4516.51,20295.8,20262.65,10776.09,9519.71,0.0,0.0,0.0,Jan-2016,423.1,Jan-2016,Jan-2016,0.0,,1.0,INDIVIDUAL,,,,0.0,,,,,,,,,,,,,,,,,,
7025066,1561962,20000.0,12800.0,12775.0, 60 months,11.71,282.86,B,B3,REDACTED,4 years,MORTGAGE,47800.0,Verified,Dec-2011,Fully Paid,n,,,debt_consolidation,Loan Application,22xxx,VA,10.04,0.0,Nov-2001,0.0,,,15.0,0.0,16447.0,46.3,27.0,f,0.0,0.0,15161.27,15131.66,12800.0,2361.27,0.0,0.0,0.0,Nov-2013,9242.39,,Nov-2013,0.0,,1.0,INDIVIDUAL,,,,0.0,,,,,,,,,,,,,,,,,,0.0
3962217,9898367,17500.0,17500.0,17500.0, 60 months,17.27,437.47,D,D3,REDACTED,7 years,MORTGAGE,45000.0,Not Verified,Dec-2011,Charged Off,n,,,credit_card,Loan Application,99xxx,WA,21.31,0.0,Sep-2002,2.0,,,13.0,0.0,20129.0,86.1,26.0,f,0.0,0.0,10037.1,10037.1,3077.85,3473.25,0.0,3486.0,625.616999998,Apr-2013,437.47,,Dec-2015,0.0,,1.0,INDIVIDUAL,,,,0.0,,,,,,,,,,,,,,,,,,1.0
4292788,1497138,3500.0,3500.0,3500.0, 36 months,6.03,106.53,A,A1,REDACTED,10+ years,MORTGAGE,83000.0,Verified,Dec-2011,Fully Paid,n,,,car,Loan Application,61xxx,IL,2.31,0.0,Jan-1986,0.0,35.0,,6.0,0.0,3092.0,13.4,28.0,f,0.0,0.0,3834.66084993,3834.66,3500.0,334.66,0.0,0.0,0.0,Jan-2015,107.86,,Dec-2014,0.0,,1.0,INDIVIDUAL,,,,0.0,,,,,,,,,,,,,,,,,,0.0
2537932,9443102,6000.0,6000.0,6000.0, 60 months,12.69,135.57,B,B5,REDACTED,< 1 year,RENT,81000.0,Source Verified,Dec-2011,Current,n,,,major_purchase,Loan Application,80xxx,CO,13.66,1.0,Nov-2004,0.0,20.0,,6.0,0.0,15102.0,50.0,17.0,f,1527.6,1527.6,6495.11,6495.11,4472.4,2022.71,0.0,0.0,0.0,Jan-2016,135.57,Jan-2016,Jan-2016,0.0,,1.0,INDIVIDUAL,,,,0.0,,,,,,,,,,,,,,,,,,
4623936,4350151,6200.0,6200.0,6200.0, 36 months,9.91,199.8,B,B1,REDACTED,2 years,RENT,25000.0,Not Verified,Dec-2011,Charged Off,n,,,debt_consolidation,Loan Application,90xxx,CA,20.64,0.0,May-1998,2.0,,,7.0,0.0,6533.0,47.7,12.0,f,0.0,0.0,2452.22,2452.22,1700.79,493.16,0.0,258.27,2.54,Dec-2012,199.8,,May-2013,0.0,,1.0,INDIVIDUAL,,,,0.0,,,,,,,,,,,,,,,,,,1.0
6486291,6563157,16000.0,16000.0,16000.0, 60 months,17.58,402.65,D,D4,REDACTED,7 years,RENT,65000.0,Not Verified,Dec-2011,Current,n,,,debt_consolidation,Loan Application,67xxx,KS,15.56,0.0,Oct-1996,0.0,,,8.0,0.0,21166.0,87.1,16.0,f,4415.97,4415.97,19297.95,19297.95,11584.03,7713.92,0.0,0.0,0.0,Jan-2016,402.65,Jan-2016,Jan-2016,0.0,,1.0,INDIVIDUAL,,,,0.0,,,,,,,,,,,,,,,,,,
3215718,6713412,6000.0,6000.0,6000.0, 36 months,8.9,190.52,A,A5,REDACTED,8 years,OWN,28800.0,Not Verified,Dec-2011,Fully Paid,n,,,debt_consolidation,Loan Application,08xxx,NJ,13.17,0.0,Jul-2005,0.0,,,11.0,0.0,5269.0,36.8,13.0,f,0.0,0.0,6857.16748626,6857.17,6000.0,857.17,0.0,0.0,0.0,Jan-2015,198.47,,Dec-2015,0.0,,1.0,INDIVIDUAL,,,,0.0,,,,,,,,,,,,,,,,,,0.0
7786201,3141650,7200.0,7200.0,7200.0, 36 months,9.91,232.02,B,B1,REDACTED,6 years,RENT,135000.0,Not Verified,Dec-2011,Fully Paid,n,,,credit_card,Loan Application,10xxx,NY,6.12,0.0,Jan-1997,0.0,,,7.0,0.0,16627.0,79.6,18.0,f,0.0,0.0,8350.84434428,8350.84,7200.0,1150.84,0.0,0.0,0.0,Jan-2015,240.64,,Jan-2016,0.0,,1.0,INDIVIDUAL,,,,0.0,,,,,,,,,,,,,,,,,,0.0
4826807,3173473,9500.0,9500.0,9500.0, 36 months,8.9,301.66,A,A5,REDACTED,7 years,MORTGAGE,50000.0,Not Verified,Dec-2011,Fully Paid,n,,,credit_card,Loan Application,77xxx,TX,8.18,0.0,Jun-2005,0.0,,,8.0,0.0,13422.0,60.5,13.0,f,0.0,0.0,10493.71,10493.71,9500.0,993.71,0.0,0.0,0.0,Jul-2013,5378.43,,Jan-2016,0.0,,1.0,INDIVIDUAL,,,,0.0,,,,,,,,,,,,,,,,,,0.0
4006894,1958613,18825.0,18825.0,18800.0, 60 months,16.77,465.53,D,D2,REDACTED,10+ years,RENT,38000.0,Verified,Dec-2011,Charged Off,n,,,debt_consolidation,Loan Application,78xxx,TX,23.18,0.0,Dec-2004,0.0,,,6.0,0.0,11004.0,79.7,7.0,f,0.0,0.0,18218.25,18194.23,8087.75,6786.71,0.0,3343.79,575.239300013,Sep-2014,465.53,,Jan-2016,0.0,,1.0,INDIVIDUAL,,,,0.0,,,,,,,,,,,,,,,,,,1.0
9362832,7782675,24000.0,24000.0,24000.0, 36 months,10.65,781.76,B,B2,REDACTED,10+ years,RENT,45000.0,Verified,Dec-2011,Fully Paid,n,,,debt_consolidation,Loan Application,92xxx,CA,14.8,0.0,Feb-1990,0.0,,,5.0,0.0,24708.0,55.2,9.0,f,0.0,0.0,28140.9293591,28140.93,24000.0,4140.93,0.0,0.0,0.0,Jan-2015,791.58,,Dec-2014,0.0,,1.0,INDIVIDUAL,,,,0.0,,,,,,,,,,,,,,,,,,0.0
3923105,4269929,6000.0,6000.0,6000.0, 36 months,13.49,203.59,C,C1,REDACTED,10+ years,RENT,80000.0,Not Verified,Dec-2011,Fully Paid,n,,,debt_consolidation,Loan Application,93xxx,CA,11.58,0.0,Feb-2002,0.0,,,8.0,0.0,15499.0,83.8,16.0,f,0.0,0.0,7326.00978726,7326.01,6000.0,1326.01,0.0,0.0,0.0,Jan-2015,212.86,,Jan-2016,0.0,,1.0,INDIVIDUAL,,,,0.0,,,,,,,,,,,,,,,,,,0.0
2932978,4276689,6000.0,6000.0,6000.0, 36 months,13.49,203.59,C,C1,REDACTED,5 years,RENT,50000.0,Not Verified,Dec-2011,Fully Paid,n,,,debt_consolidation,Loan Application,86xxx,AZ,15.38,0.0,Mar-2004,1.0,,,6.0,0.0,15191.0,91.5,7.0,f,0.0,0.0,7325.54415322,7325.54,6000.0,1325.54,0.0,0.0,0.0,Jan-2015,214.39,,Dec-2014,0.0,,1.0,INDIVIDUAL,,,,0.0,,,,,,,,,,,,,,,,,,0.0
4850785,1443062,2100.0,2100.0,2100.0, 36 months,12.42,70.18,B,B4,REDACTED,10+ years,MORTGAGE,30000.0,Not Verified,Dec-2011,Fully Paid,n,,,vacation,Loan Application,71xxx,LA,19.72,0.0,Jul-1995,1.0,,,12.0,0.0,12183.0,82.9,26.0,f,0.0,0.0,2552.4852434,2552.49,2100.0,422.49,30.0,0.0,0.0,Dec-2014,72.44,,Nov-2014,0.0,,1.0,INDIVIDUAL,,,,0.0,,,,,,,,,,,,,,,,,,0.0
9199172,5480588,5500.0,5500.0,5500.0, 36 months,6.62,168.88,A,A2,REDACTED,8 years,MORTGAGE,110000.0,Verified,Dec-2011,Fully Paid,n,,,small_business,Loan Application,06xxx,CT,9.69,0.0,Aug-1994,0.0,,,7.0,0.0,14136.0,21.9,26.0,f,0.0,0.0,6077.8756192,6077.88,5500.0,577.88,0.0,0.0,0.0,Jan-2015,178.58,,Dec-2014,0.0,,1.0,INDIVIDUAL,,,,0.0,,,,,,,,,,,,,,,,,,0.0
2514249,8991621,11000.0,11000.0,11000.0, 36 months,6.62,337.75,A,A2,REDACTED,8 years,OWN,45608.0,Source Verified,Dec-2011,Fully Paid,n,,,debt_consolidation,Loan Application,70xxx,LA,20.5,0.0,Jun-1992,0.0,,,7.0,0.0,10677.0,58.7,11.0,f,0.0,0.0,12156.8573167,12156.86,11000.0,1156.86,0.0,0.0,0.0,Jan-2015,349.86,,Jan-2016,0.0,,1.0,INDIVIDUAL,,,,0.0,,,,,,,,,,,,,,,,,,0.0
9611085,7343078,26800.0,26800.0,26800.0, 60 months,20.89,723.38,F,F1,REDACTED,3 years,MORTGAGE,120000.0,Verified,Dec-2011,Fully Paid,n,,,debt_consolidation,Loan Application,34xxx,FL,12.15,0.0,May-2006,0.0,,,13.0,0.0,14772.0,48.0,18.0,f,0.0,0.0,32887.69,32887.69,26800.0,6087.69,0.0,0.0,0.0,Mar-2013,23499.05,,Jan-2016,0.0,,1.0,INDIVIDUAL,,,,0.0,,,,,,,,,,,,,,,,,,0.0
8116044,5157883,8000.0,8000.0,8000.0, 36 months,12.69,268.36,B,B5,REDACTED,5 years,MORTGAGE,35000.0,Not Verified,Dec-2011,Fully Paid,n,,,debt_consolidation,Loan Application,60xxx,IL,10.05,0.0,Oct-2002,0.0,,,7.0,0.0,6842.0,97.7,18.0,f,0.0,0.0,8999.1,8999.1,8000.0,999.1,0.0,0.0,0.0,Mar-2013,5514.5,,Jun-2015,0.0,,1.0,INDIVIDUAL,,,,0.0,,,,,,,,,,,,,,,,,,0.0
1076004,4783798,10000.0,10000.0,10000.0, 36 months,18.25,362.78,D,D5,REDACTED,1 year,RENT,75000.0,Source Verified,Dec-2011,Charged Off,n,,,credit_card,Loan Application,90xxx,CA,24.14,0.0,Mar-1997,0.0,77.0,,9.0,0.0,22828.0,96.3,26.0,f,0.0,0.0,11730.6,11730.6,8320.22,3145.08,36.2469981807,229.06,2.2906,Jan-2015,200.0,,Jan-2015,0.0,,1.0,INDIVIDUAL,,,,0.0,,,,,,,,,,,,,,,,,,1.0
2138935,4471175,8000.0,8000.0,8000.0, 36 months,11.71,264.61,B,B3,REDACTED,9 years,MORTGAGE,35000.0,Verified,Dec-2011,Fully Paid,n,,,credit_card,Loan Application,89xxx,NV,9.7,0.0,Apr-2006,0.0,,,7.0,0.0,6142.0,46.5,8.0,f,0.0,0.0,9434.77693634,9434.78,8000.0,1434.78,0.0,0.0,0.0,May-2014,2295.56,,Apr-2014,0.0,,1.0,INDIVIDUAL,,,,0.0,,,,,,,,,,,,,,,,,,0.0
6138085,3726746,10000.0,10000.0,10000.0, 36 months,8.9,317.54,A,A5,REDACTED,6 years,RENT,24000.0,Verified,Dec-2011,Fully Paid,n,,,debt_consolidation,Loan Application,90xxx,CA,7.0,0.0,Jan-2000,0.0,28.0,,6.0,0.0,6734.0,49.5,21.0,f,0.0,0.0,10868.92,10868.92,10000.0,868.92,0.0,0.0,0.0,Mar-2013,6743.26,,Mar-2013,0.0,,1.0,INDIVIDUAL,,,,0.0,,,,,,,,,,,,,,,,,,0.0
4438244,3005230,12000.0,12000.0,12000.0, 36 months,11.71,396.92,B,B3,REDACTED,2 years,MORTGAGE,126000.0,Not Verified,Dec-2011,Fully Paid,n,,,debt_consolidation,Loan Application,43xxx,OH,13.32,0.0,Apr-1990,0.0,74.0,,17.0,0.0,32711.0,54.1,38.0,f,0.0,0.0,14182.2998623,14182.3,12000.0,2182.3,0.0,0.0,0.0,May-2014,3074.04,,Jan-2016,0.0,,1.0,INDIVIDUAL,,,,0.0,,,,,,,,,,,,,,,,,,0.0
7956463,6491948,10000.0,10000.0,10000.0, 36 months,7.9,312.91,A,A4,REDACTED,1 year,RENT,43000.0,Not Verified,Dec-2011,Fully Paid,n,,,debt_consolidation,Loan Application,91xxx,CA,25.26,0.0,Jun-2003,0.0,,,8.0,0.0,8215.0,37.2,16.0,f,0.0,0.0,11264.009576,11264.01,10000.0,1264.01,0.0,0.0,0.0,Jan-2015,4.84,,Jan-2015,0.0,,1.0,INDIVIDUAL,,,,0.0,,,,,,,,,,,,,,,,,,0.0
1173138,2165561,12000.0,12000.0,12000.0, 36 months,9.91,386.7,B,B1,REDACTED,1 year,RENT,50000.0,Not Verified,Dec-2011,Fully Paid,n,,,debt_consolidation,Loan Application,92xxx,CA,16.44,0.0,Jan-2000,1.0,,,11.0,0.0,14335.0,29.3,25.0,f,0.0,0.0,13920.0250703,13920.03,12000.0,1920.03,0.0,0.0,0.0,Jan-2015,392.03,,Jan-2015,0.0,,1.0,INDIVIDUAL,,,,0.0,,,,,,,,,,,,,,,,,,0.0
6091867,9282958,25000.0,25000.0,23088.161058, 60 months,13.49,575.12,C,C1,REDACTED,10+ years,MORTGAGE,67000.0,Verified,Dec-2011,Charged Off,n,,,credit_card,Loan Application,99xxx,AK,14.15,0.0,Aug-1999,0.0,28.0,,6.0,0.0,15319.0,91.2,21.0,f,0.0,0.0,23880.65,20309.6,13833.2,8008.11,28.76,2010.58,361.9044,Mar-2015,1179.0,,Jul-2015,0.0,,1.0,INDIVIDUAL,,,,0.0,,,,,,,,,,,,,,,,,,1.0
6439604,5711010,19750.0,19750.0,19725.0, 36 months,10.65,643.33,B,B2,REDACTED,4 years,RENT,45000.0,Verified,Dec-2011,Charged Off,n,,,debt_consolidation,Loan Application,97xxx,OR,22.8,0.0,Sep-2000,0.0,56.0,,12.0,0.0,16576.0,54.2,28.0,f,0.0,0.0,11930.65,11915.62,8590.58,2698.78,0.0,641.29,6.4128999974,Sep-2013,787.01,,Nov-2013,0.0,,1.0,INDIVIDUAL,,,,0.0,,,,,,,,,,,,,,,,,,1.0
5847571,9409032,10000.0,10000.0,10000.0, 36 months,9.91,322.25,B,B1,REDACTED,3 years,RENT,31200.0,Source Verified,Dec-2011,Fully Paid,n,,,debt_consolidation,Loan Application,10xxx,NY,14.81,0.0,Oct-2005,0.0,,,13.0,0.0,5540.0,27.0,19.0,f,0.0,0.0,10904.24,10904.24,10000.0,904.24,0.0,0.0,0.0,Jan-2013,6912.69,,Mar-2015,0.0,,1.0,INDIVIDUAL,,,,0.0,,,,,,,,,,,,,,,,,,0.0
1743049,7510275,13650.0,13650.0,13650.0, 36 months,12.42,456.12,B,B4,REDACTED,4 years,RENT,66000.0,Verified,Dec-2011,Fully Paid,n,,,debt_consolidation,Loan Application,89xxx,NV,24.09,0.0,Feb-2001,0.0,74.0,,11.0,0.0,8933.0,56.5,34.0,f,0.0,0.0,16011.18,16011.18,13650.0,2361.18,0.0,0.0,0.0,Dec-2013,5980.83,,Jan-2016,0.0,,1.0,INDIVIDUAL,,,,0.0,,,,,,,,,,,,,,,,,,0.0
6620774,4157256,28000.0,11800.0,11775.0, 60 months,19.91,312.04,E,E4,REDACTED,10+ years,RENT,52000.0,Verified,Dec-2011,Charged Off,n,,,debt_consolidation,Loan Application,75xxx,TX,20.7,0.0,Dec-1988,0.0,,,10.0,0.0,29178.0,87.6,16.0,f,0.0,0.0,12173.07,12147.29,4281.54,4759.37,0.0,3132.16,563.788799998,Jun-2014,312.04,,Sep-2014,0.0,,1.0,INDIVIDUAL,,,,0.0,,,,,,,,,,,,,,,,,,1.0
3207629,8101933,18000.0,18000.0,18000.0, 36 months,7.9,563.23,A,A4,REDACTED,10+ years,RENT,56964.0,Source Verified,Dec-2011,Fully Paid,n,,,debt_consolidation,Loan Application,93xxx,CA,27.55,0.0,Feb-1999,0.0,,,7.0,0.0,17381.0,76.6,20.0,f,0.0,0.0,20275.3365479,20275.34,18000.0,2275.34,0.0,0.0,0.0,Jan-2015,567.29,,Jan-2016,0.0,,1.0,INDIVIDUAL,,,,0.0,,,,,,,,,,,,,,,,,,0.0
4777132,2752649,2500.0,2500.0,2500.0, 36 months,14.27,85.78,C,C2,REDACTED,7 years,RENT,49500.0,Source Verified,Dec-2011,Fully Paid,n,,,debt_consolidation,Loan Application,32xxx,FL,10.33,0.0,Nov-2004,1.0,52.0,,7.0,0.0,9868.0,37.7,20.0,f,0.0,0.0,2529.9,2529.9,2500.0,29.9,0.0,0.0,0.0,Feb-2012,2530.74,,Feb-2012,0.0,,1.0,INDIVIDUAL,,,,0.0,,,,,,,,,,,,,,,,,,0.0
1454509,2563530,21000.0,21000.0,20120.8065726, 60 months,20.3,559.89,E,E5,REDACTED,10+ years,RENT,70000.0,Verified,Dec-2011,Fully Paid,n,,,credit_card,Loan Application,80xxx,CO,23.21,0.0,Dec-1991,2.0,,,17.0,0.0,12508.0,70.7,25.0,f,0.0,0.0,27085.42,24851.07,21000.0,6085.42,0.0,0.0,0.0,Aug-2013,17029.75,,Jan-2016,0.0,,1.0,INDIVIDUAL,,,,0.0,,,,,,,,,,,,,,,,,,0.0
3124611,2923619,35000.0,35000.0,35000.0, 36 months,8.9,1111.37,A,A5,REDACTED,6 years,MORTGAGE,125000.0,Verified,Dec-2011,Fully Paid,n,,,debt_consolidation,Loan Application,92xxx,CA,22.71,0.0,Aug-2000,0.0,,,8.0,0.0,9051.0,34.8,32.0,f,0.0,0.0,40006.5499239,40006.55,35000.0,5006.55,0.0,0.0,0.0,Jan-2015,1123.85,,Dec-2014,0.0,,1.0,INDIVIDUAL,,,,0.0,,,,,,,,,,,,,,,,,,0.0
8519327,1367943,10000.0,10000.0,10000.0, 36 months,7.51,311.11,A,A3,REDACTED,3 years,RENT,33000.0,Not Verified,Dec-2011,Fully Paid,n,,,credit_card,Loan Application,08xxx,NJ,9.75,0.0,Oct-2004,1.0,,,9.0,0.0,68.0,0.6,19.0,f,0.0,0.0,11027.3,11027.3,10000.0,1027.3,0.0,0.0,0.0,Dec-2013,4190.34,,Nov-2013,0.0,,1.0,INDIVIDUAL,,,,0.0,,,,,,,,,,,,,,,,,,0.0
5997813,2445857,7000.0,7000.0,7000.0, 36 months,12.69,234.82,B,B5,REDACTED,< 1 year,RENT,30000.0,Source Verified,Dec-2011,Fully Paid,n,,,credit_card,Loan Application,23xxx,VA,15.8,0.0,Aug-2004,2.0,,,7.0,0.0,15455.0,47.6,11.0,f,0.0,0.0,8452.25679284,8452.26,7000.0,1452.26,0.0,0.0,0.0,Jan-2015,238.06,,Jan-2015,0.0,,1.0,INDIVIDUAL,,,,0.0,,,,,,,,,,,,,,,,,,0.0
6637999,3935992,24000.0,24000.0,24000.0, 36 months,15.96,843.3,C,C5,REDACTED,8 years,MORTGAGE,90000.0,Source Verified,Dec-2011,Charged Off,n,,,home_improvement,Loan Application,92xxx,CA,9.17,0.0,Jun-1995,1.0,,,9.0,0.0,30952.0,71.2,23.0,f,0.0,0.0,5895.68,5895.68,3813.57,2082.11,0.0,0.0,0.0,Aug-2012,843.3,,Jan-2016,0.0,,1.0,INDIVIDUAL,,,,0.0,,,,,,,,,,,,,,,,,,1.0
2877508,1726927,10625.0,10625.0,10625.0, 36 months,7.51,330.56,A,A3,REDACTED,5 years,MORTGAGE,23000.0,Not Verified,Dec-2011,Fully Paid,n,,,medical,Loan Application,97xxx,OR,18.89,0.0,Feb-2005,1.0,,,9.0,0.0,7114.0,43.4,21.0,f,0.0,0.0,11841.940708,11841.94,10625.0,1216.94,0.0,0.0,0.0,Jun-2014,2594.01,,Oct-2015,0.0,,1.0,INDIVIDUAL,,,,0.0,,,,,,,,,,,,,,,,,,0.0
8236341,9320758,5000.0,5000.0,5000.0, 36 months,14.65,172.48,C,C3,REDACTED,2 years,RENT,24000.0,Source Verified,Dec-2011,Fully Paid,n,,,debt_consolidation,Loan Application,15xxx,PA,18.3,0.0,Nov-2005,2.0,24.0,,5.0,0.0,2429.0,33.3,9.0,f,0.0,0.0,5682.08,5682.08,5000.0,682.08,0.0,0.0,0.0,Jan-2013,3615.46,,Jan-2016,0.0,,1.0,INDIVIDUAL,,,,0.0,,,,,,,,,,,,,,,,,,0.0
4077427,6160879,8850.0,8850.0,8850.0, 36 months,6.62,271.73,A,A2,REDACTED,10+ years,RENT,62000.0,Source Verified,Dec-2011,Fully Paid,n,,,credit_card,Loan Application,21xxx,MD,17.71,0.0,Sep-1998,0.0,,,7.0,0.0,9466.0,35.9,19.0,f,0.0,0.0,9781.60575467,9781.61,8850.0,931.61,0.0,0.0,0.0,Jan-2015,5.67,,Jan-2016,0.0,,1.0,INDIVIDUAL,,,,0.0,,,,,,,,,,,,,,,,,,0.0
4946012,5458340,6375.0,6375.0,6375.0, 36 months,7.51,198.34,A,A3,REDACTED,4 years,RENT,44000.0,Source Verified,Dec-2011,Fully Paid,n,,,debt_consolidation,Loan Application,30xxx,GA,4.8,0.0,Nov-2000,0.0,,,7.0,0.0,6324.0,58.0,11.0,f,0.0,0.0,6737.55,6737.55,6375.0,362.55,0.0,0.0,0.0,Dec-2012,2585.54,,Jan-2016,0.0,,1.0,INDIVIDUAL,,,,0.0,,,,,,,,,,,,,,,,,,0.0
2482704,3645322,6000.0,6000.0,6000.0, 36 months,11.71,198.46,B,B3,REDACTED,1 year,RENT,90000.0,Not Verified,Dec-2011,Fully Paid,n,,,credit_card,Loan Application,07xxx,NJ,2.97,1.0,May-2007,0.0,16.0,,10.0,0.0,8489.0,56.6,23.0,f,0.0,0.0,7041.29375069,7041.29,6000.0,1041.29,0.0,0.0,0.0,Mar-2014,2082.79,,Mar-2014,0.0,,1.0,INDIVIDUAL,,,,0.0,,,,,,,,,,,,,,,,,,0.0
4837036,3553847,11100.0,11100.0,11100.0, 36 months,6.62,340.82,A,A2,REDACTED,10+ years,RENT,41000.0,Verified,Dec-2011,Charged Off,n,,,credit_card,Loan Application,19xxx,PA,29.85,0.0,Jan-1991,1.0,,,8.0,0.0,17518.0,62.3,18.0,f,0.0,0.0,8120.14,8120.14,6516.79,976.85,0.0,626.5,6.2650000007,Nov-2013,340.82,,Mar-2014,0.0,,1.0,INDIVIDUAL,,,,0.0,,,,,,,,,,,,,,,,,,1.0
5043723,4984256,10000.0,10000.0,10000.0, 60 months,12.69,225.95,B,B5,REDACTED,2 years,MORTGAGE,56000.0,Source Verified,Dec-2011,Fully Paid,n,,,debt_consolidation,Loan Application,92xxx,CA,10.82,0.0,Apr-2000,1.0,,,11.0,0.0,10081.0,31.2,18.0,f,0.0,0.0,12727.4260564,12727.43,10000.0,2727.43,0.0,0.0,0.0,Oct-2014,5526.53,,Sep-2014,0.0,,1.0,INDIVIDUAL,,,,0.0,,,,,,,,,,,,,,,,,,0.0
5642067,2479514,6200.0,6200.0,6200.0, 36 months,6.03,188.71,A,A1,REDACTED,5 years,MORTGAGE,26500.0,Not Verified,Dec-2011,Fully Paid,n,,,small_business,Loan Application,26xxx,WV,18.2,0.0,Jun-2000,0.0,,,6.0,0.0,2982.0,16.0,18.0,f,0.0,0.0,6793.0700944,6793.07,6200.0,593.07,0.0,0.0,0.0,Jan-2015,1.83,,Jan-2015,0.0,,1.0,INDIVIDUAL,,,,0.0,,,,,,,,,,,,,,,,,,0.0
2200574,5101698,15000.0,15000.0,15000.0, 36 months,18.64,547.12,E,E1,REDACTED,1 year,RENT,54000.0,Not Verified,Dec-2011,Fully Paid,n,,,debt_consolidation,Loan Application,30xxx,GA,19.69,0.0,Aug-2006,2.0,,,9.0,0.0,15183.0,90.3,12.0,f,0.0,0.0,19401.7193826,19401.72,15000.0,4401.72,0.0,0.0,0.0,May-2014,4641.23,,Jan-2016,0.0,,1.0,INDIVIDUAL,,,,0.0,,,,,,,,,,,,,,,,,,0.0
9152287,7375166,4200.0,4200.0,4200.0, 36 months,11.71,138.92,B,B3,REDACTED,2 years,RENT,53000.0,Not Verified,Dec-2011,Fully Paid,n,,,other,Loan Application,40xxx,MD,16.91,0.0,Dec-2002,0.0,60.0,,15.0,0.0,8336.0,79.7,22.0,f,0.0,0.0,5000.4625104,5000.46,4200.0,800.46,0.0,0.0,0.0,Jan-2015,141.26,,Jun-2015,0.0,,1.0,INDIVIDUAL,,,,0.0,,,,,,,,,,,,,,,,,,0.0
1093917,7738826,14000.0,14000.0,14000.0, 36 months,14.27,480.33,C,C2,REDACTED,4 years,RENT,52800.0,Not Verified,Dec-2011,Fully Paid,n,,,debt_consolidation,Loan Application,91xxx,CA,7.36,0.0,Feb-2005,1.0,,,9.0,0.0,13378.0,70.8,14.0,f,0.0,0.0,14487.95,14487.95,14000.0,487.95,0.0,0.0,0.0,Apr-2012,13531.87,,Apr-2012,0.0,,1.0,INDIVIDUAL,,,,0.0,,,,,,,,,,,,,,,,,,0.0
5362824,1194422,8875.0,8875.0,8875.0, 36 months,7.51,276.11,A,A3,REDACTED,1 year,MORTGAGE,38000.0,Not Verified,Dec-2011,Fully Paid,n,,,debt_consolidation,Loan Application,30xxx,GA,23.53,0.0,Jun-1993,1.0,,,13.0,0.0,19056.0,62.1,27.0,f,0.0,0.0,9712.65,9712.65,8875.0,837.65,0.0,0.0,0.0,Sep-2013,4472.8,,Sep-2013,0.0,,1.0,INDIVIDUAL,,,,0.0,,,,,,,,,,,,,,,,,,0.0
2235464,2564775,13500.0,13500.0,13500.0, 36 months,9.91,435.04,B,B1,REDACTED,7 years,RENT,38000.0,Verified,Dec-2011,Fully Paid,n,,,debt_consolidation,Loan Application,91xxx,CA,12.38,0.0,May-1997,1.0,,,3.0,0.0,16023.0,67.3,7.0,f,0.0,0.0,15657.9393795,15657.94,13500.0,2157.94,0.0,0.0,0.0,Jan-2015,307.62,,Jan-2015,0.0,,1.0,INDIVIDUAL,,,,0.0,,,,,,,,,,,,,,,,,,0.0
5265698,4285818,12000.0,12000.0,12000.0, 36 months,9.91,386.7,B,B1,REDACTED,2 years,RENT,42000.0,Not Verified,Dec-2011,Charged Off,n,,,debt_consolidation,Loan Application,55xxx,MN,7.83,0.0,Jun-2006,2.0,,,8.0,0.0,9749.0,65.4,16.0,f,0.0,0.0,11234.49,11234.49,9011.72,1807.88,0.0,414.89,4.1489000016,May-2014,386.7,,Oct-2015,0.0,,1.0,INDIVIDUAL,,,,0.0,,,,,,,,,,,,,,,,,,1.0
2384724,7713813,16000.0,16000.0,15975.0, 60 months,19.91,423.11,E,E4,REDACTED,4 years,RENT,55000.0,Verified,Dec-2011,Fully Paid,n,,,debt_consolidation,Loan Application,99xxx,WA,15.8,0.0,Feb-2004,0.0,54.0,,8.0,0.0,7743.0,72.4,19.0,f,0.0,0.0,22277.2628856,22242.46,16000.0,6277.26,0.0,0.0,0.0,May-2014,10869.79,,May-2014,0.0,,1.0,INDIVIDUAL,,,,0.0,,,,,,,,,,,,,,,,,,0.0
4977921,6076266,21600.0,21600.0,20498.2657811, 60 months,19.42,565.32,E,E3,REDACTED,8 years,MORTGAGE,60000.0,Source Verified,Dec-2011,Fully Paid,n,,,debt_consolidation,Loan Application,31xxx,GA,16.74,1.0,Dec-1990,0.0,23.0,,6.0,0.0,13354.0,78.1,21.0,f,0.0,0.0,27580.75,24853.63,21600.0,5980.75,0.0,0.0,0.0,Aug-2013,17416.49,,Jan-2016,0.0,,1.0,INDIVIDUAL,,,,0.0,,,,,,,,,,,,,,,,,,0.0
3823796,8770476,6000.0,6000.0,6000.0, 36 months,10.65,195.44,B,B2,REDACTED,6 years,MORTGAGE,87000.0,Not Verified,Dec-2011,Fully Paid,n,,,home_improvement,Loan Application,07xxx,NJ,12.86,2.0,Mar-2000,0.0,9.0,,12.0,0.0,11739.0,40.5,22.0,f,0.0,0.0,6999.42740728,6999.43,6000.0,999.43,0.0,0.0,0.0,Jul-2014,1335.92,,Jan-2016,0.0,,1.0,INDIVIDUAL,,,,0.0,,,,,,,,,,,,,,,,,,0.0
2266247,3462303,8450.0,8450.0,8425.0, 60 months,16.77,208.97,D,D2,REDACTED,5 years,OWN,25000.0,Verified,Dec-2011,Fully Paid,n,,,debt_consolidation,Loan Application,60xxx,IL,22.51,0.0,Mar-2004,2.0,,,6.0,0.0,17614.0,83.5,21.0,f,0.0,0.0,12188.5644228,12152.55,8450.0,3738.56,0.0,0.0,0.0,Sep-2015,3239.35,,Sep-2015,0.0,,1.0,INDIVIDUAL,,,,0.0,,,,,,,,,,,,,,,,,,0.0
3425265,3156964,20000.0,20000.0,18590.3377698, 60 months,13.49,460.1,C,C1,REDACTED,1 year,RENT,82000.0,Not Verified,Dec-2011,Fully Paid,n,,,credit_card,Loan Application,43xxx,OH,17.68,0.0,Feb-1995,0.0,,,13.0,0.0,26693.0,61.4,23.0,f,0.0,0.0,26397.3130625,23747.15,20000.0,6397.31,0.0,0.0,0.0,Feb-2015,9848.46,,Jan-2016,0.0,,1.0,INDIVIDUAL,,,,0.0,,,,,,,,,,,,,,,,,,0.0
9544112,8176203,10000.0,10000.0,10000.0, 36 months,11.71,330.76,B,B3,REDACTED,8 years,RENT,60000.0,Not Verified,Dec-2011,Charged Off,n,,,debt_consolidation,Loan Application,92xxx,CA,22.08,0.0,Jul-2001,0.0,,,8.0,0.0,5626.0,29.3,26.0,f,0.0,0.0,6002.23,6002.23,4293.91,1388.86,0.0,319.46,57.5028,Jul-2013,62.38,,Nov-2013,0.0,,1.0,INDIVIDUAL,,,,0.0,,,,,,,,,,,,,,,,,,1.0
6530989,1105881,12000.0,12000.0,12000.0, 36 months,16.29,423.61,D,D1,REDACTED,5 years,MORTGAGE,80000.0,Verified,Dec-2011,Fully Paid,n,,,credit_card,Loan Application,30xxx,GA,18.18,0.0,Apr-2002,0.0,,,8.0,0.0,29609.0,97.2,11.0,f,0.0,0.0,14946.5600236,14946.56,12000.0,2946.56,0.0,0.0,0.0,Mar-2014,4368.56,,Jan-2016,0.0,,1.0,INDIVIDUAL,,,,0.0,,,,,,,,,,,,,,,,,,0.0
8200647,8136184,13475.0,13475.0,13450.0, 60 months,13.49,309.99,C,C1,REDACTED,10+ years,RENT,25000.0,Verified,Dec-2011,Charged Off,n,,,credit_card,Loan Application,91xxx,CA,21.89,0.0,Dec-2001,1.0,,,7.0,0.0,9943.0,65.8,14.0,f,0.0,0.0,6198.89,6187.44,3516.74,2682.15,0.0,0.0,0.0,Oct-2013,28.0,,Jan-2016,0.0,,1.0,INDIVIDUAL,,,,0.0,,,,,,,,,,,,,,,,,,1.0
3449241,5771473,7200.0,7200.0,7200.0, 36 months,12.42,240.59,B,B4,REDACTED,5 years,RENT,48000.0,Not Verified,Dec-2011,Fully Paid,n,,,major_purchase,Loan Application,60xxx,IL,17.43,0.0,Sep-2006,1.0,,,7.0,0.0,16450.0,80.2,10.0,f,0.0,0.0,8677.15633962,8677.16,7200.0,1462.16,15.0,0.0,0.0,Feb-2015,19.26,,Dec-2015,0.0,,1.0,INDIVIDUAL,,,,0.0,,,,,,,,,,,,,,,,,,0.0
7572127,5036470,5600.0,5600.0,5600.0, 36 months,14.65,193.17,C,C3,REDACTED,1 year,MORTGAGE,85000.0,Not Verified,Dec-2011,Charged Off,n,,,debt_consolidation,Loan Application,85xxx,AZ,12.24,1.0,May-1999,3.0,11.0,,8.0,0.0,6812.0,90.8,31.0,f,0.0,0.0,1350.86,1350.86,905.39,445.47,0.0,0.0,0.0,Aug-2012,193.17,,Jan-2016,0.0,,1.0,INDIVIDUAL,,,,0.0,,,,,,,,,,,,,,,,,,1.0
1933491,4060780,12000.0,12000.0,11975.0, 36 months,14.27,411.71,C,C2,REDACTED,< 1 year,RENT,57000.0,Verified,Dec-2011,Fully Paid,n,,,debt_consolidation,Loan Application,93xxx,CA,10.86,0.0,Aug-1998,1.0,,,7.0,0.0,9273.0,81.5,11.0,f,0.0,0.0,14396.58,14366.62,12000.0,2396.58,0.0,0.0,0.0,Dec-2013,5359.38,,Nov-2015,0.0,,1.0,INDIVIDUAL,,,,0.0,,,,,,,,,,,,,,,,,,0.0
4718133,5446236,8500.0,8500.0,8500.0, 36 months,6.03,258.71,A,A1,REDACTED,2 years,RENT,25000.0,Not Verified,Dec-2011,Fully Paid,n,,,credit_card,Loan Application,21xxx,MD,1.73,0.0,Oct-2005,0.0,,,6.0,0.0,2463.0,28.0,18.0,f,0.0,0.0,9074.73,9074.73,8500.0,574.73,0.0,0.0,0.0,May-2013,4936.27,,May-2013,0.0,,1.0,INDIVIDUAL,,,,0.0,,,,,,,,,,,,,,,,,,0.0
4201147,3088631,8000.0,8000.0,8000.0, 36 months,9.91,257.8,B,B1,REDACTED,2 years,RENT,34000.0,Source Verified,Dec-2011,Fully Paid,n,,,credit_card,Loan Application,15xxx,PA,18.28,0.0,Dec-2005,0.0,,,6.0,0.0,7434.0,78.5,7.0,f,0.0,0.0,9279.81275176,9279.81,8000.0,1279.81,0.0,0.0,0.0,Jan-2015,262.31,,Jan-2016,0.0,,1.0,INDIVIDUAL,,,,0.0,,,,,,,,,,,,,,,,,,0.0
8554583,4845737,8000.0,8000.0,8000.0, 36 months,12.42,267.33,B,B4,REDACTED,10+ years,RENT,40000.0,Not Verified,Dec-2011,Fully Paid,n,,,credit_card,Loan Application,97xxx,OR,15.0,0.0,May-2004,0.0,,,10.0,0.0,18601.0,88.2,11.0,f,0.0,0.0,9622.78031997,9622.78,8000.0,1622.78,0.0,0.0,0.0,Jan-2015,269.73,,Jan-2015,0.0,,1.0,INDIVIDUAL,,,,0.0,,,,,,,,,,,,,,,,,,0.0
6809806,4000915,16000.0,16000.0,8150.0, 60 months,15.27,382.92,C,C4,REDACTED,10+ years,RENT,42656.4,Source Verified,Dec-2011,Fully Paid,n,,,debt_consolidation,Loan Application,30xxx,GA,17.44,0.0,Oct-2001,1.0,,,4.0,0.0,12830.0,92.3,17.0,f,0.0,0.0,22394.08,11406.98,16000.0,6394.08,0.0,0.0,0.0,Nov-2015,199.56,,Nov-2015,0.0,,1.0,INDIVIDUAL,,,,0.0,,,,,,,,,,,,,,,,,,0.0
3898212,2430353,15000.0,15000.0,15000.0, 36 months,17.27,536.81,D,D3,REDACTED,2 years,MORTGAGE,44400.0,Source Verified,Dec-2011,Fully Paid,n,,,house,Loan Application,33xxx,FL,3.59,1.0,Jun-1983,0.0,18.0,93.0,6.0,1.0,4582.0,91.6,16.0,f,0.0,0.0,17991.53,17991.53,15000.0,2991.53,0.0,0.0,0.0,Jun-2013,9412.4,,Jan-2016,0.0,,1.0,INDIVIDUAL,,,,0.0,,,,,,,,,,,,,,,,,,0.0
3756211,5027121,10000.0,10000.0,10000.0, 36 months,9.91,322.25,B,B1,REDACTED,2 years,OWN,30000.0,Not Verified,Dec-2011,Fully Paid,n,,,debt_consolidation,Loan Application,05xxx,VT,11.24,0.0,Feb-1995,1.0,,,8.0,0.0,9152.0,66.8,30.0,f,0.0,0.0,11386.4302245,11386.43,10000.0,1386.43,0.0,0.0,0.0,Jul-2014,369.43,,Jan-2016,0.0,,1.0,INDIVIDUAL,,,,0.0,,,,,,,,,,,,,,,,,,0.0
8086557,4531117,10000.0,10000.0,10000.0, 36 months,6.62,307.04,A,A2,REDACTED,5 years,MORTGAGE,70000.0,Not Verified,Dec-2011,Fully Paid,n,,,credit_card,Loan Application,12xxx,NY,16.78,0.0,Aug-1994,0.0,,,9.0,0.0,10770.0,69.0,18.0,f,0.0,0.0,10902.91,10902.91,10000.0,902.91,0.0,0.0,0.0,Dec-2013,4152.52,,Aug-2015,0.0,,1.0,INDIVIDUAL,,,,0.0,,,,,,,,,,,,,,,,,,0.0
5432493,2867391,8000.0,8000.0,8000.0, 36 months,14.65,275.96,C,C3,REDACTED,3 years,RENT,28000.0,Not Verified,Dec-2011,Fully Paid,n,,,car,Loan Application,92xxx,CA,12.6,0.0,Sep-2006,1.0,,,8.0,0.0,6187.0,54.3,11.0,f,0.0,0.0,8636.82,8636.82,8000.0,636.82,0.0,0.0,0.0,Aug-2012,6983.56,,Jan-2016,0.0,,1.0,INDIVIDUAL,,,,0.0,,,,,,,,,,,,,,,,,,0.0
1804438,9600467,22000.0,22000.0,22000.0, 36 months,9.91,708.95,B,B1,REDACTED,2 years,MORTGAGE,50000.0,Verified,Dec-2011,Fully Paid,n,,,debt_consolidation,Loan Application,48xxx,MI,13.22,0.0,Sep-1998,4.0,,,17.0,0.0,21470.0,49.8,32.0,f,0.0,0.0,25521.0957202,25521.1,22000.0,3521.1,0.0,0.0,0.0,Dec-2014,1430.05,,Dec-2014,0.0,,1.0,INDIVIDUAL,,,,0.0,,,,,,,,,,,,,,,,,,0.0
7564524,1615966,6000.0,6000.0,6000.0, 36 months,14.27,205.86,C,C2,REDACTED,10+ years,MORTGAGE,94800.0,Verified,Dec-2011,Fully Paid,n,,,car,Loan Application,76xxx,TX,24.53,0.0,Mar-1986,1.0,,,13.0,0.0,71890.0,95.9,30.0,f,0.0,0.0,7215.05,7215.05,6000.0,1215.05,0.0,0.0,0.0,Dec-2013,1960.88,,Jun-2014,0.0,,1.0,INDIVIDUAL,,,,0.0,,,,,,,,,,,,,,,,,,0.0
6053022,3181063,16000.0,16000.0,15975.0, 60 months,9.91,339.25,B,B1,REDACTED,10+ years,OWN,40000.0,Verified,Dec-2011,Current,n,,,debt_consolidation,Loan Application,32xxx,FL,9.39,0.0,Jun-1993,1.0,,,6.0,0.0,13270.0,28.5,23.0,f,3861.12,3855.09,16282.75,16257.31,12138.89,4143.86,0.0,0.0,0.0,Dec-2015,339.25,Jan-2016,Jan-2016,0.0,,1.0,INDIVIDUAL,,,,0.0,,,,,,,,,,,,,,,,,,
5605104,4068525,2500.0,2500.0,2500.0, 36 months,7.51,77.78,A,A3,REDACTED,,OWN,12000.0,Source Verified,Dec-2011,Charged Off,n,,,debt_consolidation,Loan Application,96xxx,CA,16.3,0.0,Aug-1994,2.0,,,13.0,0.0,4853.0,42.2,20.0,f,0.0,0.0,1838.88,1838.88,1575.06,253.74,0.0,10.08,0.0,Dec-2013,77.78,,Jan-2016,0.0,,1.0,INDIVIDUAL,,,,0.0,,,,,,,,,,,,,,,,,,1.0
8434119,5884140,13500.0,13500.0,13500.0, 36 months,9.91,435.04,B,B1,REDACTED,2 years,MORTGAGE,36000.0,Source Verified,Dec-2011,Fully Paid,n,,,credit_card,Loan Application,20xxx,DC,22.93,0.0,Apr-1980,1.0,,,13.0,0.0,25011.0,67.2,15.0,f,0.0,0.0,15621.2660575,15621.27,13500.0,2121.27,0.0,0.0,0.0,Sep-2014,1706.24,,Jan-2016,0.0,,1.0,INDIVIDUAL,,,,0.0,,,,,,,,,,,,,,,,,,0.0
5700725,8287941,25000.0,25000.0,25000.0, 36 months,12.42,835.39,B,B4,REDACTED,2 years,RENT,225000.0,Verified,Dec-2011,Fully Paid,n,,,debt_consolidation,Loan Application,08xxx,NJ,8.32,1.0,Jul-2004,0.0,13.0,,11.0,0.0,30449.0,34.6,23.0,f,0.0,0.0,30071.7288242,30071.73,25000.0,5071.73,0.0,0.0,0.0,Jan-2015,842.08,,Dec-2014,0.0,,1.0,INDIVIDUAL,,,,0.0,,,,,,,,,,,,,,,,,,0.0
9084467,5457832,10000.0,10000.0,10000.0, 36 months,13.49,339.31,C,C1,REDACTED,2 years,RENT,45900.0,Verified,Dec-2011,Fully Paid,n,,,small_business,Loan Application,95xxx,CA,24.97,0.0,Oct-2004,2.0,45.0,,10.0,0.0,8936.0,48.3,12.0,f,0.0,0.0,12174.4823094,12174.48,10000.0,2174.48,0.0,0.0,0.0,Sep-2014,1669.38,,Jan-2016,0.0,,1.0,INDIVIDUAL,,,,0.0,,,,,,,,,,,,,,,,,,0.0
2609528,4330251,2500.0,2500.0,2500.0, 36 months,13.49,84.83,C,C1,REDACTED,4 years,RENT,27200.0,Not Verified,Dec-2011,Fully Paid,n,,,debt_consolidation,Loan Application,98xxx,WA,6.44,0.0,Jul-2008,0.0,,,6.0,0.0,3473.0,68.1,6.0,f,0.0,0.0,3050.27600404,3050.28,2500.0,550.28,0.0,0.0,0.0,Jan-2015,95.98,,Dec-2014,0.0,,1.0,INDIVIDUAL,,,,0.0,,,,,,,,,,,,,,,,,,0.0
2455864,2771210,7325.0,7325.0,7325.0, 36 months,12.69,245.72,B,B5,REDACTED,1 year,RENT,42000.0,Not Verified,Dec-2011,Fully Paid,n,,,debt_consolidation,Loan Application,33xxx,FL,22.57,0.0,May-1996,3.0,65.0,,12.0,0.0,7281.0,65.0,29.0,f,0.0,0.0,8844.70084212,8844.7,7325.0,1519.7,0.0,0.0,0.0,Jan-2015,249.25,,Jan-2015,0.0,,1.0,INDIVIDUAL,,,,0.0,,,,,,,,,,,,,,,,,,0.0
9862256,9664730,4000.0,4000.0,4000.0, 36 months,12.42,133.67,B,B4,REDACTED,5 years,RENT,135000.0,Verified,Dec-2011,Fully Paid,n,,,credit_card,Loan Application,10xxx,NY,12.12,0.0,Jan-2004,3.0,,,11.0,0.0,29311.0,85.7,21.0,f,0.0,0.0,4337.11,4337.11,4000.0,337.11,0.0,0.0,0.0,Oct-2012,3270.11,,Nov-2015,0.0,,1.0,INDIVIDUAL,,,,0.0,,,,,,,,,,,,,,,,,,0.0
9888238,6888107,10000.0,10000.0,10000.0, 36 months,13.49,339.31,C,C1,REDACTED,5 years,RENT,65000.0,Not Verified,Dec-2011,Charged Off,n,,,small_business,Loan Application,92xxx,CA,6.92,1.0,Dec-1999,2.0,19.0,,12.0,0.0,14292.0,69.5,17.0,f,0.0,0.0,9270.84,9270.84,6799.56,2011.75,0.0,459.53,4.4878,Mar-2014,339.31,,Jul-2014,0.0,,1.0,INDIVIDUAL,,,,0.0,,,,,,,,,,,,,,,,,,1.0
6832075,6118413,7750.0,7750.0,7750.0, 36 months,17.27,277.36,D,D3,REDACTED,< 1 year,RENT,24000.0,Not Verified,Dec-2011,Charged Off,n,,,debt_consolidation,Loan Application,60xxx,IL,16.1,0.0,Sep-2004,1.0,41.0,,4.0,0.0,2348.0,67.1,7.0,f,0.0,0.0,6934.0,6934.0,4935.39,1986.7,0.0,11.91,0.0,Jan-2014,277.36,,Jan-2016,0.0,,1.0,INDIVIDUAL,,,,0.0,,,,,,,,,,,,,,,,,,1.0
3309162,4412318,20000.0,20000.0,20000.0, 60 months,20.89,539.84,F,F1,REDACTED,6 years,RENT,70000.0,Source Verified,Dec-2011,Charged Off,n,,,debt_consolidation,Loan Application,33xxx,FL,16.63,0.0,Nov-2002,1.0,,,10.0,0.0,10470.0,79.9,24.0,f,0.0,0.0,5425.96,5425.96,1318.27,3034.08,0.0,1073.61,10.48,Oct-2012,591.09,,Feb-2013,0.0,,1.0,INDIVIDUAL,,,,0.0,,,,,,,,,,,,,,,,,,1.0
2431568,6215940,9600.0,9600.0,9600.0, 36 months,12.42,320.79,B,B4,REDACTED,10+ years,RENT,65000.0,Verified,Dec-2011,Fully Paid,n,,,debt_consolidation,Loan Application,11xxx,NY,11.65,0.0,Aug-2002,0.0,,,6.0,0.0,11279.0,70.9,11.0,f,0.0,0.0,11337.71,11337.71,9600.0,1737.71,0.0,0.0,0.0,Jan-2014,3643.9,,Jan-2016,0.0,,1.0,INDIVIDUAL,,,,0.0,,,,,,,,,,,,,,,,,,0.0
8180161,3922512,21000.0,21000.0,21000.0, 60 months,11.71,464.07,B,B3,REDACTED,3 years,RENT,60000.0,Not Verified,Dec-2011,Charged Off,n,,,debt_consolidation,Loan Application,93xxx,CA,6.62,0.0,Dec-1990,0.0,,,7.0,0.0,10543.0,79.9,11.0,f,0.0,0.0,3708.24,3708.24,2142.87,1565.37,0.0,0.0,0.0,Aug-2012,464.07,,Aug-2012,0.0,,1.0,INDIVIDUAL,,,,0.0,,,,,,,,,,,,,,,,,,1.0
2691498,6772900,14000.0,14000.0,14000.0, 36 months,10.65,456.03,B,B2,REDACTED,3 years,RENT,30000.0,Source Verified,Dec-2011,Fully Paid,n,,,credit_card,Loan Application,06xxx,CT,15.52,0.0,Sep-2006,0.0,,,7.0,0.0,15542.0,65.6,14.0,f,0.0,0.0,15200.08,15200.08,14000.0,1200.08,0.0,0.0,0.0,Dec-2012,10643.16,,Dec-2012,0.0,,1.0,INDIVIDUAL,,,,0.0,,,,,,,,,,,,,,,,,,0.0
7963393,3570502,13350.0,13350.0,13350.0, 36 months,12.42,446.1,B,B4,REDACTED,10+ years,RENT,43000.0,Not Verified,Dec-2011,Fully Paid,n,,,debt_consolidation,Loan Application,92xxx,CA,20.57,0.0,May-1999,0.0,,,7.0,0.0,11531.0,95.3,15.0,f,0.0,0.0,16058.3944183,16058.39,13350.0,2708.39,0.0,0.0,0.0,Jan-2015,449.39,,Jan-2016,0.0,,1.0,INDIVIDUAL,,,,0.0,,,,,,,,,,,,,,,,,,0.0
3896388,5394248,15000.0,15000.0,15000.0, 36 months,16.77,533.08,D,D2,REDACTED,10+ years,RENT,42000.0,Verified,Dec-2011,Charged Off,n,,,debt_consolidation,Loan Application,54xxx,WI,19.63,0.0,Aug-2001,2.0,,,10.0,0.0,8238.0,74.9,38.0,f,0.0,0.0,13373.77,13373.77,8365.66,3923.4,0.0,1084.71,40.7831000068,Apr-2014,188.69,,Apr-2014,0.0,,1.0,INDIVIDUAL,,,,0.0,,,,,,,,,,,,,,,,,,1.0
6209069,9943468,15000.0,15000.0,15000.0, 36 months,17.27,536.81,D,D3,REDACTED,8 years,RENT,75000.0,Source Verified,Dec-2011,Charged Off,n,,,debt_consolidation,Loan Application,95xxx,CA,16.03,0.0,Mar-1991,0.0,48.0,,10.0,0.0,13505.0,75.9,17.0,f,0.0,0.0,10198.4,10198.4,6944.85,3238.39,0.0,15.16,5.64,Aug-2013,536.81,,Jan-2016,0.0,,1.0,INDIVIDUAL,,,,0.0,,,,,,,,,,,,,,,,,,1.0
3932324,2198351,11000.0,11000.0,10750.0, 60 months,13.49,253.06,C,C1,REDACTED,10+ years,MORTGAGE,129000.0,Verified,Dec-2011,Current,n,,,debt_consolidation,Loan Application,92xxx,CA,10.94,0.0,Nov-1997,0.0,80.0,,10.0,0.0,1735.0,24.1,31.0,f,2841.5,2777.27,12119.38,11843.35,8158.5,3960.88,0.0,0.0,0.0,Dec-2015,253.06,Jan-2016,Jan-2016,0.0,,1.0,INDIVIDUAL,,,,0.0,,,,,,,,,,,,,,,,,,
3859469,7907112,35000.0,35000.0,35000.0, 36 months,10.65,1140.07,B,B2,REDACTED,2 years,MORTGAGE,168000.0,Verified,Dec-2011,Fully Paid,n,,,debt_consolidation,Loan Application,77xxx,TX,3.17,1.0,Dec-2002,1.0,22.0,,16.0,0.0,1099.0,1.4,22.0,f,0.0,0.0,38059.76,38059.76,35000.0,3059.76,0.0,0.0,0.0,Oct-2013,272.59,,Sep-2013,0.0,,1.0,INDIVIDUAL,,,,0.0,,,,,,,,,,,,,,,,,,0.0
2972113,6177699,9000.0,9000.0,9000.0, 36 months,10.65,293.16,B,B2,REDACTED,9 years,MORTGAGE,74000.0,Source Verified,Dec-2011,Fully Paid,n,,,credit_card,Loan Application,57xxx,SD,8.89,0.0,Sep-1998,0.0,,,7.0,0.0,7388.0,71.7,10.0,f,0.0,0.0,10552.7927996,10552.79,9000.0,1552.79,0.0,0.0,0.0,Jan-2015,6.65,,Jan-2016,0.0,,1.0,INDIVIDUAL,,,,0.0,,,,,,,,,,,,,,,,,,0.0
8987782,5435541,22475.0,22475.0,22425.0, 60 months,15.27,537.87,C,C4,REDACTED,7 years,MORTGAGE,52000.0,Verified,Dec-2011,Current,n,,,debt_consolidation,Loan Application,03xxx,NH,15.23,0.0,Sep-1989,1.0,,,7.0,0.0,18554.0,61.8,23.0,f,5962.67,5949.34,25796.01,25738.74,16512.33,9283.68,0.0,0.0,0.0,Dec-2015,537.87,Jan-2016,Jan-2016,0.0,,1.0,INDIVIDUAL,,,,0.0,,,,,,,,,,,,,,,,,,
5699221,5187152,16000.0,16000.0,16000.0, 36 months,12.69,536.72,B,B5,REDACTED,1 year,RENT,58500.0,Source Verified,Dec-2011,Charged Off,n,,,debt_consolidation,Loan Application,60xxx,IL,20.64,0.0,Sep-1994,0.0,,,8.0,0.0,26224.0,89.3,10.0,f,0.0,0.0,12295.72,12295.72,9479.47,2778.95,26.8355108716,10.47,1.7799000029,May-2014,528.58,,Jan-2016,0.0,,1.0,INDIVIDUAL,,,,0.0,,,,,,,,,,,,,,,,,,1.0
2108024,5497022,13500.0,13500.0,13500.0, 36 months,12.69,452.86,B,B5,REDACTED,5 years,RENT,71000.0,Source Verified,Dec-2011,Fully Paid,n,,,debt_consolidation,Loan Application,22xxx,VA,11.97,0.0,Dec-1998,2.0,,,4.0,0.0,6681.0,77.7,11.0,f,0.0,0.0,16301.5451734,16301.55,13500.0,2801.55,0.0,0.0,0.0,Jan-2015,456.95,,Dec-2014,0.0,,1.0,INDIVIDUAL,,,,0.0,,,,,,,,,,,,,,,,,,0.0
1801672,1532065,24000.0,24000.0,24000.0, 36 months,12.69,805.08,B,B5,REDACTED,10+ years,RENT,75000.0,Verified,Dec-2011,Fully Paid,n,,,debt_consolidation,Loan Application,98xxx,WA,11.6,0.0,May-1996,0.0,,,10.0,0.0,21609.0,84.6,33.0,f,0.0,0.0,28978.6789484,28978.68,24000.0,4978.68,0.0,0.0,0.0,Jan-2015,819.13,,Jan-2016,0.0,,1.0,INDIVIDUAL,,,,0.0,,,,,,,,,,,,,,,,,,0.0
7915595,9668639,12000.0,12000.0,12000.0, 36 months,10.65,390.88,B,B2,REDACTED,5 years,RENT,60000.0,Not Verified,Dec-2011,Fully Paid,n,,,credit_card,Loan Application,92xxx,CA,10.84,0.0,Jun-2002,1.0,,,12.0,0.0,11849.0,48.8,18.0,f,0.0,0.0,14070.3986395,14070.4,12000.0,2070.4,0.0,0.0,0.0,Jan-2015,396.1,,Jan-2016,0.0,,1.0,INDIVIDUAL,,,,0.0,,,,,,,,,,,,,,,,,,0.0
2722443,1278603,8400.0,8400.0,8150.0, 60 months,16.77,207.73,D,D2,REDACTED,5 years,RENT,87996.0,Not Verified,Dec-2011,Current,n,,,major_purchase,Loan Application,11xxx,NY,11.35,0.0,Sep-2003,0.0,,,8.0,0.0,9551.0,80.3,13.0,f,2295.64,2227.76,9940.54,9643.84,6104.36,3836.18,0.0,0.0,0.0,Dec-2015,207.73,Jan-2016,Jan-2016,0.0,,1.0,INDIVIDUAL,,,,0.0,,,,,,,,,,,,,,,,,,
6366745,7687153,28000.0,28000.0,27975.0, 60 months,17.58,704.64,D,D4,REDACTED,5 years,MORTGAGE,140000.0,Verified,Dec-2011,Fully Paid,n,,,home_improvement,Loan Application,27xxx,NC,12.07,0.0,Jul-2006,1.0,,,13.0,0.0,2686.0,13.4,24.0,f,0.0,0.0,28411.15,28385.78,28000.0,411.15,0.0,0.0,0.0,Jan-2012,28412.43,,Jan-2012,0.0,,1.0,INDIVIDUAL,,,,0.0,,,,,,,,,,,,,,,,,,0.0
9163716,5363800,14000.0,14000.0,14000.0, 36 months,6.62,429.86,A,A2,REDACTED,10+ years,RENT,66000.0,Source Verified,Dec-2011,Fully Paid,n,,,debt_consolidation,Loan Application,23xxx,VA,11.15,0.0,Sep-1999,1.0,,,7.0,0.0,12095.0,35.4,46.0,f,0.0,0.0,15450.0842184,15450.08,14000.0,1450.08,0.0,0.0,0.0,Sep-2014,2133.17,,Aug-2014,0.0,,1.0,INDIVIDUAL,,,,0.0,,,,,,,,,,,,,,,,,,0.0
9418094,7269220,12000.0,12000.0,12000.0, 36 months,14.27,411.71,C,C2,REDACTED,8 years,MORTGAGE,70000.0,Not Verified,Dec-2011,Charged Off,n,,,other,Loan Application,14xxx,NY,8.4,0.0,Aug-2005,1.0,,,7.0,0.0,11546.0,86.2,12.0,f,0.0,0.0,4241.16,4241.16,2534.26,1163.48,0.0,543.42,5.32,Oct-2012,411.71,,Feb-2013,0.0,,1.0,INDIVIDUAL,,,,0.0,,,,,,,,,,,,,,,,,,1.0
2469282,9446709,25000.0,25000.0,25000.0, 36 months,11.71,826.9,B,B3,REDACTED,10+ years,MORTGAGE,100000.0,Verified,Dec-2011,Fully Paid,n,,,debt_consolidation,Loan Application,02xxx,RI,6.88,0.0,Dec-1986,1.0,,,8.0,0.0,21128.0,89.1,18.0,f,0.0,0.0,29277.5738374,29277.57,25000.0,4277.57,0.0,0.0,0.0,Sep-2014,1122.55,,Aug-2014,0.0,,1.0,INDIVIDUAL,,,,0.0,,,,,,,,,,,,,,,,,,0.0
9899775,9094921,9000.0,9000.0,9000.0, 36 months,12.69,301.91,B,B5,REDACTED,5 years,RENT,50000.0,Source Verified,Dec-2011,Fully Paid,n,,,debt_consolidation,Loan Application,11xxx,NY,17.81,0.0,Dec-2001,1.0,,,13.0,0.0,12752.0,55.4,21.0,f,0.0,0.0,10867.2099768,10867.21,9000.0,1867.21,0.0,0.0,0.0,Jan-2015,306.11,,Sep-2015,0.0,,1.0,INDIVIDUAL,,,,0.0,,,,,,,,,,,,,,,,,,0.0
5082372,3892258,13250.0,13250.0,13250.0, 36 months,10.65,431.6,B,B2,REDACTED,4 years,RENT,35000.0,Not Verified,Dec-2011,Fully Paid,n,,,debt_consolidation,Loan Application,45xxx,OH,24.93,0.0,Oct-2002,2.0,,,11.0,0.0,13392.0,58.7,25.0,f,0.0,0.0,15535.9318576,15535.93,13250.0,2285.93,0.0,0.0,0.0,Jan-2015,437.68,,Jan-2016,0.0,,1.0,INDIVIDUAL,,,,0.0,,,,,,,,,,,,,,,,,,0.0
4343826,7844819,20000.0,20000.0,20000.0, 36 months,13.49,678.61,C,C1,REDACTED,6 years,RENT,75000.0,Verified,Dec-2011,Fully Paid,n,,,debt_consolidation,Loan Application,92xxx,CA,22.38,0.0,Nov-1998,1.0,,,7.0,0.0,19548.0,90.8,17.0,f,0.0,0.0,23861.58,23861.58,20000.0,3861.58,0.0,0.0,0.0,Jan-2014,8269.74,,Jan-2016,0.0,,1.0,INDIVIDUAL,,,,0.0,,,,,,,,,,,,,,,,,,0.0
9028586,5505342,3000.0,3000.0,3000.0, 36 months,14.65,103.49,C,C3,REDACTED,5 years,RENT,71000.0,Verified,Dec-2011,Fully Paid,n,,,medical,Loan Application,53xxx,WI,21.84,0.0,Nov-2003,1.0,59.0,,4.0,0.0,15072.0,88.7,14.0,f,0.0,0.0,3723.93632476,3723.94,3000.0,723.94,0.0,0.0,0.0,Jan-2015,107.29,,Jan-2016,0.0,,1.0,INDIVIDUAL,,,,0.0,,,,,,,,,,,,,,,,,,0.0
3216385,6212976,7350.0,7350.0,7350.0, 36 months,10.65,239.42,B,B2,REDACTED,10+ years,MORTGAGE,48000.0,Not Verified,Dec-2011,Fully Paid,n,,,debt_consolidation,Loan Application,72xxx,AR,11.93,0.0,Feb-2006,0.0,,,5.0,0.0,15587.0,77.5,5.0,f,0.0,0.0,8616.33001985,8616.33,7350.0,1266.33,0.0,0.0,0.0,Jan-2015,249.88,,Jan-2016,0.0,,1.0,INDIVIDUAL,,,,0.0,,,,,,,,,,,,,,,,,,0.0
7864338,6429037,11500.0,11500.0,11500.0, 36 months,15.27,400.18,C,C4,REDACTED,5 years,RENT,36000.0,Not Verified,Dec-2011,Fully Paid,n,,,debt_consolidation,Loan Application,32xxx,FL,21.1,0.0,Aug-1998,1.0,54.0,,7.0,0.0,8969.0,76.7,14.0,f,0.0,0.0,14400.4992472,14400.5,11500.0,2900.5,0.0,0.0,0.0,Jan-2015,416.2,,Jun-2015,0.0,,1.0,INDIVIDUAL,,,,0.0,,,,,,,,,,,,,,,,,,0.0
4930700,1391292,13650.0,13650.0,13650.0, 36 months,12.42,456.12,B,B4,REDACTED,10+ years,MORTGAGE,86000.0,Not Verified,Dec-2011,Charged Off,n,,,debt_consolidation,Loan Application,91xxx,CA,12.29,0.0,May-1994,1.0,,,12.0,0.0,16140.0,73.4,34.0,f,0.0,0.0,8203.29,8203.29,5810.73,1931.92,0.0,460.64,4.64,May-2013,456.12,,Oct-2013,0.0,,1.0,INDIVIDUAL,,,,0.0,,,,,,,,,,,,,,,,,,1.0
5876118,6164797,10500.0,10500.0,10500.0, 36 months,16.29,370.66,D,D1,REDACTED,3 years,RENT,30000.0,Source Verified,Dec-2011,Charged Off,n,,,debt_consolidation,Loan Application,95xxx,CA,15.0,0.0,Nov-2007,1.0,,,7.0,0.0,5379.0,55.5,8.0,f,0.0,0.0,2222.16,2222.16,1414.89,807.27,0.0,0.0,0.0,Jul-2012,370.66,,Jan-2016,0.0,,1.0,INDIVIDUAL,,,,0.0,,,,,,,,,,,,,,,,,,1.0
3822934,7901617,12000.0,12000.0,11975.0, 36 months,9.91,386.7,B,B1,REDACTED,2 years,RENT,60000.0,Not Verified,Dec-2011,Fully Paid,n,,,debt_consolidation,Loan Application,94xxx,CA,15.5,0.0,Jun-2003,0.0,,,7.0,0.0,12168.0,85.7,21.0,f,0.0,0.0,13919.4138718,13890.44,12000.0,1919.41,0.0,0.0,0.0,Jan-2015,395.05,,Dec-2014,0.0,,1.0,INDIVIDUAL,,,,0.0,,,,,,,,,,,,,,,,,,0.0
6784432,6833860,6000.0,6000.0,6000.0, 36 months,8.9,190.52,A,A5,REDACTED,3 years,RENT,34000.0,Not Verified,Dec-2011,Fully Paid,n,,,credit_card,Loan Application,43xxx,OH,14.51,0.0,Nov-2004,2.0,,,9.0,0.0,13683.0,64.8,16.0,f,0.0,0.0,6857.26115126,6857.26,6000.0,857.26,0.0,0.0,0.0,Jan-2015,198.16,,Dec-2014,0.0,,1.0,INDIVIDUAL,,,,0.0,,,,,,,,,,,,,,,,,,0.0
2116477,1502793,11500.0,11500.0,11500.0, 36 months,15.27,400.18,C,C4,REDACTED,10+ years,MORTGAGE,44200.0,Verified,Dec-2011,Fully Paid,n,,,credit_card,Loan Application,95xxx,CA,21.69,0.0,Aug-2004,1.0,,,9.0,0.0,13147.0,90.0,11.0,f,0.0,0.0,13598.01,13598.01,11500.0,2098.01,0.0,0.0,0.0,Jul-2013,6821.51,,Jan-2016,0.0,,1.0,INDIVIDUAL,,,,0.0,,,,,,,,,,,,,,,,,,0.0
8209402,4990691,7000.0,7000.0,7000.0, 36 months,12.42,233.91,B,B4,REDACTED,7 years,MORTGAGE,82000.0,Not Verified,Dec-2011,Fully Paid,n,,,debt_consolidation,Loan Application,21xxx,MD,12.0,0.0,Jun-2002,1.0,79.0,,6.0,0.0,25334.0,71.6,31.0,f,0.0,0.0,8290.73,8290.73,7000.0,1290.73,0.0,0.0,0.0,Feb-2014,2454.29,,Jan-2016,0.0,,1.0,INDIVIDUAL,,,,0.0,,,,,,,,,,,,,,,,,,0.0
7347529,5304329,29500.0,29500.0,28513.4592504, 60 months,20.3,786.51,E,E5,REDACTED,6 years,MORTGAGE,83000.0,Source Verified,Dec-2011,Fully Paid,n,,,debt_consolidation,Loan Application,88xxx,NM,20.93,0.0,Dec-1990,0.0,,,12.0,0.0,22087.0,89.8,35.0,f,0.0,0.0,45755.2299805,43294.39,29500.0,16255.23,0.0,0.0,0.0,Oct-2015,9781.44,,Jan-2016,0.0,,1.0,INDIVIDUAL,,,,0.0,,,,,,,,,,,,,,,,,,0.0
3655234,7235742,2000.0,2000.0,2000.0, 36 months,15.27,69.6,C,C4,REDACTED,2 years,RENT,41000.0,Verified,Dec-2011,Fully Paid,n,,,moving,Loan Application,77xxx,TX,17.74,0.0,Jun-2004,1.0,,,7.0,0.0,18115.0,96.4,11.0,f,0.0,0.0,2520.4,2520.4,2000.0,505.4,15.0,0.0,0.0,Jan-2015,15.88,,Jan-2016,0.0,,1.0,INDIVIDUAL,,,,0.0,,,,,,,,,,,,,,,,,,0.0
3397479,9013990,11625.0,11625.0,11625.0, 36 months,13.49,394.45,C,C1,REDACTED,< 1 year,MORTGAGE,36000.0,Source Verified,Dec-2011,Fully Paid,n,,,credit_card,Loan Application,66xxx,KS,19.33,0.0,Feb-1993,1.0,,,17.0,0.0,19979.0,84.7,31.0,f,0.0,0.0,14196.268244,14196.27,11625.0,2571.27,0.0,0.0,0.0,Jan-2015,406.12,,Jan-2016,0.0,,1.0,INDIVIDUAL,,,,0.0,,,,,,,,,,,,,,,,,,0.0
6901322,9477141,15075.0,15075.0,15075.0, 36 months,14.27,517.21,C,C2,REDACTED,10+ years,RENT,35000.0,Verified,Dec-2011,Charged Off,n,,,debt_consolidation,Loan Application,77xxx,TX,20.16,0.0,Aug-2000,1.0,,,7.0,0.0,10570.0,89.6,14.0,f,0.0,0.0,15502.77,15502.77,11609.04,3374.45,0.0,519.28,5.0368000024,Jun-2014,517.21,,Oct-2014,0.0,,1.0,INDIVIDUAL,,,,0.0,,,,,,,,,,,,,,,,,,1.0
5848970,9131243,5300.0,5300.0,5300.0, 36 months,15.27,184.43,C,C4,REDACTED,1 year,RENT,30000.0,Verified,Dec-2011,Fully Paid,n,,,credit_card,Loan Application,06xxx,CT,24.88,0.0,Jun-2005,2.0,,,11.0,0.0,7855.0,82.7,13.0,f,0.0,0.0,6622.54670886,6622.55,5300.0,1322.55,0.0,0.0,0.0,Oct-2014,741.85,,Jan-2016,0.0,,1.0,INDIVIDUAL,,,,0.0,,,,,,,,,,,,,,,,,,0.0
5344923,1821820,8200.0,8200.0,8200.0, 36 months,6.62,251.77,A,A2,REDACTED,< 1 year,RENT,40000.0,Source Verified,Dec-2011,Fully Paid,n,,,home_improvement,Loan Application,19xxx,PA,11.1,0.0,Oct-2000,1.0,,,7.0,0.0,2573.0,25.5,11.0,f,0.0,0.0,9062.49784003,9062.5,8200.0,862.5,0.0,0.0,0.0,Jan-2015,260.69,,Jan-2016,0.0,,1.0,INDIVIDUAL,,,,0.0,,,,,,,,,,,,,,,,,,0.0
7311879,5786530,12000.0,12000.0,12000.0, 36 months,12.42,400.99,B,B4,REDACTED,9 years,MORTGAGE,105000.0,Not Verified,Dec-2011,Fully Paid,n,,,credit_card,Loan Application,75xxx,TX,13.98,0.0,Nov-1991,1.0,65.0,,10.0,0.0,11243.0,75.0,25.0,f,0.0,0.0,14431.9785602,14431.98,12000.0,2431.98,0.0,0.0,0.0,Jan-2015,413.19,,Dec-2015,0.0,,1.0,INDIVIDUAL,,,,0.0,,,,,,,,,,,,,,,,,,0.0
4378075,4533854,8650.0,8650.0,8650.0, 36 months,14.27,296.78,C,C2,REDACTED,4 years,MORTGAGE,45000.0,Source Verified,Dec-2011,Fully Paid,n,,,credit_card,Loan Application,33xxx,FL,7.6,0.0,May-2005,2.0,44.0,,14.0,0.0,6602.0,58.9,23.0,f,0.0,0.0,10678.6847685,10678.68,8650.0,2028.68,0.0,0.0,0.0,Jan-2015,312.44,,Dec-2014,0.0,,1.0,INDIVIDUAL,,,,0.0,,,,,,,,,,,,,,,,,,0.0
2760324,2837398,21000.0,11800.0,11500.0, 60 months,17.27,294.98,D,D3,REDACTED,10+ years,MORTGAGE,109000.0,Verified,Dec-2011,Current,n,,,debt_consolidation,Loan Application,07xxx,NJ,7.75,0.0,Dec-1973,0.0,,,9.0,0.0,25435.0,50.3,16.0,f,3250.78,3168.42,14117.18,13757.71,8549.22,5567.96,0.0,0.0,0.0,Dec-2015,294.98,Jan-2016,Jan-2016,0.0,,1.0,INDIVIDUAL,,,,0.0,,,,,,,,,,,,,,,,,,
7426029,3917753,16000.0,16000.0,16000.0, 60 months,17.27,399.97,D,D3,REDACTED,2 years,RENT,50000.0,Source Verified,Dec-2011,Current,n,,,debt_consolidation,Loan Application,76xxx,TX,11.04,0.0,May-2001,0.0,64.0,,10.0,0.0,15788.0,42.2,16.0,f,4386.9,4386.9,19183.22,19183.22,11613.1,7570.12,0.0,0.0,0.0,Dec-2015,399.97,Jan-2016,Jan-2016,0.0,,1.0,INDIVIDUAL,,,,0.0,,,,,,,,,,,,,,,,,,
2595318,1273884,12000.0,12000.0,11975.0, 36 months,12.42,400.99,B,B4,REDACTED,2 years,RENT,83000.0,Not Verified,Dec-2011,Fully Paid,n,,,debt_consolidation,Loan Application,94xxx,CA,11.81,0.0,Aug-2001,2.0,52.0,,14.0,0.0,16550.0,51.1,61.0,f,0.0,0.0,14432.3101772,14402.27,12000.0,2432.31,0.0,0.0,0.0,Jan-2015,411.96,,Jan-2016,0.0,,1.0,INDIVIDUAL,,,,0.0,,,,,,,,,,,,,,,,,,0.0
8140060,4386118,9500.0,9500.0,9500.0, 36 months,12.69,318.68,B,B5,REDACTED,< 1 year,MORTGAGE,52500.0,Source Verified,Dec-2011,Charged Off,n,,,moving,Loan Application,92xxx,CA,23.54,0.0,Jul-1999,2.0,,,14.0,0.0,23729.0,75.3,42.0,f,0.0,0.0,7002.16,7002.16,5366.65,1635.51,0.0,0.0,0.0,Nov-2013,318.68,,Jan-2016,0.0,,1.0,INDIVIDUAL,,,,0.0,,,,,,,,,,,,,,,,,,1.0
8439022,4904063,7400.0,7400.0,7400.0, 36 months,13.49,251.09,C,C1,REDACTED,< 1 year,OWN,25000.0,Source Verified,Dec-2011,Fully Paid,n,,,debt_consolidation,Loan Application,85xxx,AZ,8.45,0.0,Mar-1990,0.0,,,5.0,0.0,5199.0,92.8,13.0,f,0.0,0.0,9037.69568007,9037.7,7400.0,1637.7,0.0,0.0,0.0,Jan-2015,255.3,,Dec-2015,0.0,,1.0,INDIVIDUAL,,,,0.0,,,,,,,,,,,,,,,,,,0.0
1644714,3636970,14400.0,14400.0,14400.0, 36 months,13.49,488.6,C,C1,REDACTED,10+ years,MORTGAGE,60000.0,Not Verified,Dec-2011,Fully Paid,n,,,debt_consolidation,Loan Application,33xxx,FL,16.92,0.0,Mar-1996,1.0,57.0,,15.0,0.0,23317.0,65.0,26.0,f,0.0,0.0,15453.51,15453.51,14400.0,1053.51,0.0,0.0,0.0,Aug-2012,12526.96,,Nov-2015,0.0,,1.0,INDIVIDUAL,,,,0.0,,,,,,,,,,,,,,,,,,0.0
5804951,5579523,24250.0,18100.0,18075.0, 60 months,23.91,519.76,G,G4,REDACTED,7 years,MORTGAGE,120000.0,Verified,Dec-2011,Fully Paid,n,,,debt_consolidation,Loan Application,85xxx,AZ,12.96,0.0,Apr-2000,3.0,,,7.0,0.0,31992.0,99.0,20.0,f,0.0,0.0,22188.25,22157.63,18100.0,4088.25,0.0,0.0,0.0,Dec-2012,16499.75,,Sep-2014,0.0,,1.0,INDIVIDUAL,,,,0.0,,,,,,,,,,,,,,,,,,0.0
2749623,7937870,7200.0,7200.0,7200.0, 36 months,7.9,225.29,A,A4,REDACTED,3 years,RENT,68000.0,Source Verified,Dec-2011,Charged Off,n,,,debt_consolidation,Loan Application,30xxx,GA,7.98,0.0,Jan-2002,0.0,,,5.0,0.0,8783.0,82.9,14.0,f,0.0,0.0,7730.87,7730.87,6744.17,907.62,14.9790583788,64.1,11.538,Nov-2014,225.29,,Apr-2015,0.0,,1.0,INDIVIDUAL,,,,0.0,,,,,,,,,,,,,,,,,,1.0
1183444,2749443,26000.0,26000.0,25975.0, 60 months,16.77,642.96,D,D2,REDACTED,10+ years,MORTGAGE,53000.0,Verified,Dec-2011,Charged Off,n,,,home_improvement,Loan Application,27xxx,NC,11.77,0.0,Sep-1998,1.0,,,5.0,0.0,7560.0,72.7,14.0,f,0.0,0.0,9622.45,9613.3,3946.3,4391.9,0.0,1284.25,12.27,Feb-2013,642.96,,Jun-2013,0.0,,1.0,INDIVIDUAL,,,,0.0,,,,,,,,,,,,,,,,,,1.0
6070513,8115106,7000.0,7000.0,6975.0, 60 months,11.71,154.69,B,B3,REDACTED,6 years,MORTGAGE,69600.0,Verified,Dec-2011,Charged Off,n,,,credit_card,Loan Application,98xxx,WA,26.22,0.0,Oct-1979,0.0,,,10.0,0.0,45449.0,90.9,23.0,f,0.0,0.0,6126.24,6104.36,3452.36,1790.2,0.0,883.68,156.020399987,Oct-2014,154.69,,Jan-2015,0.0,,1.0,INDIVIDUAL,,,,0.0,,,,,,,,,,,,,,,,,,1.0
4226252,9751323,4000.0,4000.0,4000.0, 36 months,7.51,124.45,A,A3,REDACTED,< 1 year,RENT,65000.0,Source Verified,Dec-2011,Fully Paid,n,,,major_purchase,Loan Application,90xxx,CA,18.17,0.0,Oct-2002,0.0,,,10.0,0.0,10032.0,50.7,24.0,f,0.0,0.0,4182.25,4182.25,4000.0,182.25,0.0,0.0,0.0,Aug-2012,3313.87,,Jan-2016,0.0,,1.0,INDIVIDUAL,,,,0.0,,,,,,,,,,,,,,,,,,0.0
5180670,8802587,1500.0,1500.0,1500.0, 36 months,17.27,53.69,D,D3,REDACTED,10+ years,MORTGAGE,144000.0,Verified,Dec-2011,Fully Paid,n,,,debt_consolidation,Loan Application,90xxx,CA,8.23,1.0,Dec-1996,0.0,14.0,,6.0,0.0,14186.0,97.8,14.0,f,0.0,0.0,1521.6,1521.6,1500.0,21.6,0.0,0.0,0.0,Feb-2012,1521.89,,Feb-2012,0.0,,1.0,INDIVIDUAL,,,,0.0,,,,,,,,,,,,,,,,,,0.0
7943176,9956694,19600.0,19600.0,19600.0, 36 months,12.42,654.94,B,B4,REDACTED,2 years,RENT,75000.0,Verified,Dec-2011,Fully Paid,n,,,credit_card,Loan Application,14xxx,NY,11.62,0.0,Sep-2006,0.0,,,8.0,0.0,20355.0,50.1,12.0,f,0.0,0.0,21993.62,21993.62,19600.0,2393.62,0.0,0.0,0.0,Feb-2013,13491.06,,Jan-2016,0.0,,1.0,INDIVIDUAL,,,,0.0,,,,,,,,,,,,,,,,,,0.0
2890387,8433370,2500.0,2500.0,2500.0, 36 months,11.71,82.69,B,B3,REDACTED,7 years,MORTGAGE,29000.0,Verified,Dec-2011,Fully Paid,n,,,debt_consolidation,Loan Application,85xxx,AZ,18.7,0.0,Sep-2005,0.0,63.0,,5.0,0.0,2668.0,66.7,13.0,f,0.0,0.0,2894.74,2894.74,2500.0,394.74,0.0,0.0,0.0,Nov-2013,1168.5,,Jan-2016,0.0,,1.0,INDIVIDUAL,,,,0.0,,,,,,,,,,,,,,,,,,0.0
9479123,1814659,10000.0,10000.0,10000.0, 36 months,12.69,335.45,B,B5,REDACTED,2 years,RENT,70000.0,Not Verified,Dec-2011,Charged Off,n,,,credit_card,Loan Application,95xxx,CA,2.69,0.0,Oct-2000,0.0,,,5.0,0.0,6035.0,70.2,6.0,f,0.0,0.0,6351.59,6351.59,4513.35,1505.13,0.0,333.11,3.1464,Jul-2013,335.45,,Dec-2013,0.0,,1.0,INDIVIDUAL,,,,0.0,,,,,,,,,,,,,,,,,,1.0
5027104,6948854,10000.0,10000.0,10000.0, 36 months,6.62,307.04,A,A2,REDACTED,5 years,RENT,45000.0,Not Verified,Dec-2011,Fully Paid,n,,,credit_card,Loan Application,44xxx,OH,26.85,0.0,Jun-1981,0.0,,,15.0,0.0,10133.0,70.4,40.0,f,0.0,0.0,11051.5237979,11051.52,10000.0,1051.52,0.0,0.0,0.0,Jan-2015,319.94,,Dec-2014,0.0,,1.0,INDIVIDUAL,,,,0.0,,,,,,,,,,,,,,,,,,0.0
2718394,5224635,4225.0,4225.0,4225.0, 36 months,12.42,141.18,B,B4,REDACTED,5 years,MORTGAGE,55200.0,Not Verified,Dec-2011,Fully Paid,n,,,other,Loan Application,98xxx,WA,17.61,0.0,Dec-2002,1.0,,,6.0,0.0,4055.0,73.7,12.0,f,0.0,0.0,5081.02296079,5081.02,4225.0,856.02,0.0,0.0,0.0,Jan-2015,146.48,,Dec-2014,0.0,,1.0,INDIVIDUAL,,,,0.0,,,,,,,,,,,,,,,,,,0.0
6606265,8956808,3500.0,3500.0,3500.0, 36 months,7.9,109.52,A,A4,REDACTED,7 years,MORTGAGE,61440.0,Not Verified,Dec-2011,Fully Paid,n,,,vacation,Loan Application,94xxx,CA,6.46,1.0,Jan-1997,0.0,9.0,,6.0,0.0,15472.0,55.5,19.0,f,0.0,0.0,3942.07852815,3942.08,3500.0,442.08,0.0,0.0,0.0,Jan-2015,3.62,,Jan-2016,0.0,,1.0,INDIVIDUAL,,,,0.0,,,,,,,,,,,,,,,,,,0.0
7551725,1819139,12000.0,12000.0,12000.0, 36 months,6.62,368.45,A,A2,REDACTED,10+ years,MORTGAGE,56000.0,Not Verified,Dec-2011,Fully Paid,n,,,debt_consolidation,Loan Application,33xxx,FL,13.65,0.0,May-2000,0.0,,,7.0,0.0,9873.0,80.3,21.0,f,0.0,0.0,13262.20515,13262.21,12000.0,1262.21,0.0,0.0,0.0,Jan-2015,381.02,,Jan-2015,0.0,,1.0,INDIVIDUAL,,,,0.0,,,,,,,,,,,,,,,,,,0.0
9668370,5234716,16500.0,16500.0,16500.0, 36 months,8.9,523.93,A,A5,REDACTED,< 1 year,RENT,47000.0,Source Verified,Dec-2011,Fully Paid,n,,,debt_consolidation,Loan Application,60xxx,IL,9.06,0.0,Mar-2001,1.0,,,6.0,0.0,13917.0,38.8,24.0,f,0.0,0.0,18856.7578214,18856.76,16500.0,2356.76,0.0,0.0,0.0,Dec-2014,1053.02,,Jan-2016,0.0,,1.0,INDIVIDUAL,,,,0.0,,,,,,,,,,,,,,,,,,0.0
1782025,7535004,22000.0,22000.0,21975.0, 60 months,21.67,603.5,F,F3,REDACTED,< 1 year,RENT,55000.0,Verified,Dec-2011,Fully Paid,n,,,debt_consolidation,Loan Application,98xxx,WA,15.62,0.0,Apr-2001,1.0,,,9.0,0.0,20154.0,79.4,27.0,f,0.0,0.0,25023.2,24994.78,22000.01,3023.19,0.0,0.0,0.0,Nov-2013,407.7,,Oct-2013,0.0,,1.0,INDIVIDUAL,,,,0.0,,,,,,,,,,,,,,,,,,0.0
9146601,5435425,12000.0,12000.0,12000.0, 36 months,14.65,413.94,C,C3,REDACTED,1 year,RENT,71000.0,Verified,Dec-2011,Fully Paid,n,,,credit_card,Loan Application,67xxx,KS,14.87,0.0,Jun-1999,2.0,,,15.0,0.0,17972.0,71.0,38.0,f,0.0,0.0,12430.36,12430.36,12000.0,430.36,0.0,0.0,0.0,Mar-2012,11605.56,,Jan-2016,0.0,,1.0,INDIVIDUAL,,,,0.0,,,,,,,,,,,,,,,,,,0.0
3358850,7534137,15600.0,15600.0,15600.0, 60 months,12.69,352.48,B,B5,REDACTED,10+ years,RENT,50000.0,Source Verified,Dec-2011,Current,n,,,vacation,Loan Application,10xxx,NY,5.78,0.0,Jun-2003,1.0,,,8.0,0.0,8079.0,35.7,11.0,f,3968.14,3968.14,16894.08,16894.08,11631.87,5262.21,0.0,0.0,0.0,Jan-2016,352.48,Jan-2016,Jan-2016,0.0,,1.0,INDIVIDUAL,,,,0.0,,,,,,,,,,,,,,,,,,
9669278,6957308,10800.0,10800.0,10800.0, 36 months,12.42,360.89,B,B4,REDACTED,8 years,RENT,135000.0,Verified,Dec-2011,Fully Paid,n,,,credit_card,Loan Application,91xxx,CA,12.12,0.0,Oct-2002,0.0,,,14.0,0.0,18467.0,74.5,23.0,f,0.0,0.0,13004.1428688,13004.14,10800.0,2204.14,0.0,0.0,0.0,Jan-2015,372.99,,Jan-2015,0.0,,1.0,INDIVIDUAL,,,,0.0,,,,,,,,,,,,,,,,,,0.0
4714799,6843769,14000.0,14000.0,14000.0, 36 months,12.42,467.82,B,B4,REDACTED,10+ years,MORTGAGE,63000.0,Not Verified,Dec-2011,Fully Paid,n,,,credit_card,Loan Application,30xxx,GA,7.35,0.0,Nov-1993,0.0,,,5.0,0.0,17212.0,97.8,19.0,f,0.0,0.0,16789.0713659,16789.07,14000.0,2789.07,0.0,0.0,0.0,Sep-2014,2309.01,,Sep-2014,0.0,,1.0,INDIVIDUAL,,,,0.0,,,,,,,,,,,,,,,,,,0.0
8051943,4716722,18825.0,18825.0,18800.0, 60 months,17.58,473.75,D,D4,REDACTED,4 years,MORTGAGE,44000.0,Verified,Dec-2011,Current,n,,,debt_consolidation,Loan Application,11xxx,NY,24.98,0.0,Jan-2000,0.0,65.0,,9.0,0.0,14092.0,93.2,20.0,f,5199.06,5192.07,22698.14,22668.18,13625.93,9072.21,0.0,0.0,0.0,Dec-2015,473.75,Jan-2016,Jan-2016,0.0,,1.0,INDIVIDUAL,,,,0.0,,,,,,,,,,,,,,,,,,
2774191,8298856,6000.0,6000.0,6000.0, 36 months,13.49,203.59,C,C1,REDACTED,5 years,MORTGAGE,50000.0,Not Verified,Dec-2011,Fully Paid,n,,,debt_consolidation,Loan Application,88xxx,NM,15.58,0.0,May-2003,1.0,49.0,,8.0,0.0,7361.0,83.6,14.0,f,0.0,0.0,7325.29896789,7325.3,6000.0,1325.3,0.0,0.0,0.0,Jan-2015,215.51,,Jan-2016,0.0,,1.0,INDIVIDUAL,,,,0.0,,,,,,,,,,,,,,,,,,0.0
8872541,3563809,12000.0,12000.0,12000.0, 36 months,9.91,386.7,B,B1,REDACTED,5 years,RENT,80000.0,Not Verified,Dec-2011,Fully Paid,n,,,debt_consolidation,Loan Application,75xxx,TX,14.83,0.0,Oct-2000,0.0,,,11.0,0.0,17536.0,67.7,21.0,f,0.0,0.0,13905.9971729,13906.0,12000.0,1906.0,0.0,0.0,0.0,Oct-2014,965.7,,Jan-2016,0.0,,1.0,INDIVIDUAL,,,,0.0,,,,,,,,,,,,,,,,,,0.0
9924670,9906035,10000.0,10000.0,10000.0, 36 months,12.42,334.16,B,B4,REDACTED,4 years,RENT,45000.0,Not Verified,Dec-2011,Fully Paid,n,,,debt_consolidation,Loan Application,98xxx,WA,10.45,0.0,Feb-2005,0.0,,,14.0,0.0,10177.0,51.6,19.0,f,0.0,0.0,12025.4706286,12025.47,10000.0,2025.47,0.0,0.0,0.0,Jan-2015,348.59,,Jan-2016,0.0,,1.0,INDIVIDUAL,,,,0.0,,,,,,,,,,,,,,,,,,0.0
8128709,4870968,8000.0,8000.0,8000.0, 36 months,7.9,250.33,A,A4,REDACTED,2 years,RENT,78000.0,Not Verified,Dec-2011,Fully Paid,n,,,vacation,Loan Application,11xxx,NY,6.09,0.0,Jan-2006,1.0,,,16.0,0.0,15988.0,55.9,31.0,f,0.0,0.0,8846.24,8846.24,8000.0,846.24,0.0,0.0,0.0,Dec-2013,1095.85,,Dec-2015,0.0,,1.0,INDIVIDUAL,,,,0.0,,,,,,,,,,,,,,,,,,0.0
4196639,6268483,14125.0,14125.0,14125.0, 36 months,9.91,455.18,B,B1,REDACTED,1 year,RENT,33000.0,Verified,Dec-2011,Fully Paid,n,,,debt_consolidation,Loan Application,97xxx,OR,23.13,0.0,Dec-1997,3.0,,,12.0,0.0,19472.0,66.0,20.0,f,0.0,0.0,16055.99,16055.99,14125.0,1930.99,0.0,0.0,0.0,Dec-2013,6054.96,,Dec-2013,0.0,,1.0,INDIVIDUAL,,,,0.0,,,,,,,,,,,,,,,,,,0.0
1599660,4102081,14000.0,14000.0,14000.0, 36 months,12.69,469.63,B,B5,REDACTED,5 years,RENT,62800.0,Not Verified,Dec-2011,Fully Paid,n,,,debt_consolidation,Loan Application,98xxx,WA,19.24,0.0,Nov-1994,1.0,,,10.0,0.0,13579.0,64.5,18.0,f,0.0,0.0,16897.1798056,16897.18,14000.0,2897.18,0.0,0.0,0.0,Dec-2014,956.54,,Jan-2016,0.0,,1.0,INDIVIDUAL,,,,0.0,,,,,,,,,,,,,,,,,,0.0
7742007,3956411,13200.0,8975.0,8975.0, 60 months,17.27,224.36,D,D3,REDACTED,3 years,RENT,26400.0,Source Verified,Dec-2011,Fully Paid,n,,,small_business,Loan Application,77xxx,TX,9.64,0.0,Nov-2006,3.0,,,8.0,0.0,7411.0,50.1,12.0,f,0.0,0.0,10200.26,10200.26,8975.0,1225.26,0.0,0.0,0.0,Nov-2012,8187.44,,Sep-2015,0.0,,1.0,INDIVIDUAL,,,,0.0,,,,,,,,,,,,,,,,,,0.0
8387469,4626889,4000.0,4000.0,4000.0, 36 months,19.03,146.69,E,E2,REDACTED,10+ years,MORTGAGE,80000.0,Not Verified,Dec-2011,Fully Paid,n,,,vacation,Loan Application,27xxx,NC,20.59,1.0,Jul-1997,2.0,15.0,,30.0,0.0,6654.0,22.6,56.0,f,0.0,0.0,4340.62,4340.62,4000.0,340.62,0.0,0.0,0.0,Jan-2013,785.51,,Jan-2016,0.0,,1.0,INDIVIDUAL,,,,0.0,,,,,,,,,,,,,,,,,,0.0
9743446,4400541,4000.0,4000.0,4000.0, 36 months,12.69,134.18,B,B5,REDACTED,2 years,RENT,25000.0,Not Verified,Dec-2011,Charged Off,n,,,debt_consolidation,Loan Application,80xxx,CO,6.86,0.0,Feb-2005,3.0,,,5.0,0.0,8546.0,79.7,13.0,f,0.0,0.0,2022.66,2022.66,1373.86,498.22,0.0,150.58,1.55,Mar-2013,134.18,,Aug-2014,0.0,,1.0,INDIVIDUAL,,,,0.0,,,,,,,,,,,,,,,,,,1.0
1089281,9860544,10500.0,10500.0,10500.0, 36 months,6.03,319.58,A,A1,REDACTED,10+ years,MORTGAGE,65000.0,Source Verified,Dec-2011,Fully Paid,n,,,debt_consolidation,Loan Application,76xxx,TX,10.36,0.0,Nov-1981,0.0,,,8.0,0.0,10729.0,18.7,16.0,f,0.0,0.0,11503.7754683,11503.78,10500.0,1003.78,0.0,0.0,0.0,Dec-2014,643.26,,Dec-2014,0.0,,1.0,INDIVIDUAL,,,,0.0,,,,,,,,,,,,,,,,,,0.0
1171491,6117586,5500.0,5500.0,5500.0, 36 months,7.9,172.1,A,A4,REDACTED,10+ years,OWN,59000.0,Source Verified,Dec-2011,Fully Paid,n,,,car,Loan Application,18xxx,PA,6.65,0.0,Oct-1991,0.0,35.0,52.0,10.0,1.0,9130.0,43.3,23.0,f,0.0,0.0,6171.26713698,6171.27,5500.0,671.27,0.0,0.0,0.0,Jul-2014,1186.09,,Jul-2014,0.0,,1.0,INDIVIDUAL,,,,0.0,,,,,,,,,,,,,,,,,,0.0
6609248,4252047,7350.0,7350.0,7350.0, 36 months,11.71,243.11,B,B3,REDACTED,1 year,RENT,33000.0,Verified,Dec-2011,Fully Paid,n,,,debt_consolidation,Loan Application,91xxx,CA,22.51,0.0,May-1998,1.0,,,13.0,0.0,24782.0,77.9,23.0,f,0.0,0.0,8725.63245565,8725.63,7350.0,1375.63,0.0,0.0,0.0,Sep-2014,1204.05,,Sep-2014,0.0,,1.0,INDIVIDUAL,,,,0.0,,,,,,,,,,,,,,,,,,0.0
1925818,5157716,10000.0,10000.0,10000.0, 36 months,12.42,334.16,B,B4,REDACTED,10+ years,RENT,39000.0,Source Verified,Dec-2011,Charged Off,n,,,credit_card,Loan Application,63xxx,MO,18.31,0.0,Aug-1998,1.0,,,7.0,0.0,11691.0,90.6,19.0,f,0.0,0.0,11604.88,11604.88,9635.96,1956.9,0.0,12.02,0.0,Apr-2014,4378.02,,Jan-2016,0.0,,1.0,INDIVIDUAL,,,,0.0,,,,,,,,,,,,,,,,,,1.0
9433368,5739376,12000.0,12000.0,12000.0, 36 months,7.51,373.33,A,A3,REDACTED,10+ years,RENT,42000.0,Not Verified,Dec-2011,Fully Paid,n,,,debt_consolidation,Loan Application,43xxx,OH,10.74,0.0,Jun-1994,1.0,,,7.0,0.0,18913.0,43.0,17.0,f,0.0,0.0,13456.3231235,13456.32,12000.0,1441.33,14.990682475,0.0,0.0,Jan-2015,24.36,,Jan-2015,0.0,,1.0,INDIVIDUAL,,,,0.0,,,,,,,,,,,,,,,,,,0.0
9206222,8625250,5000.0,5000.0,5000.0, 60 months,11.71,110.5,B,B3,REDACTED,5 years,MORTGAGE,38004.0,Not Verified,Dec-2011,Fully Paid,n,,,home_improvement,Loan Application,48xxx,MI,23.78,0.0,Nov-2006,0.0,,,12.0,0.0,10023.0,57.3,17.0,f,0.0,0.0,6534.43,6534.43,5000.0,1534.43,0.0,0.0,0.0,Oct-2015,1561.93,,Jan-2016,0.0,,1.0,INDIVIDUAL,,,,0.0,,,,,,,,,,,,,,,,,,0.0
6713490,9279528,8000.0,8000.0,8000.0, 60 months,11.71,176.79,B,B3,REDACTED,3 years,OWN,31000.0,Source Verified,Dec-2011,Fully Paid,n,,,other,Loan Application,97xxx,OR,16.22,0.0,Mar-2006,3.0,,,13.0,0.0,2751.0,34.4,29.0,f,0.0,0.0,8306.47,8306.47,8000.0,306.47,0.0,0.0,0.0,May-2012,7778.22,,May-2012,0.0,,1.0,INDIVIDUAL,,,,0.0,,,,,,,,,,,,,,,,,,0.0
1949759,4772094,4500.0,4500.0,4500.0, 36 months,8.9,142.89,A,A5,REDACTED,10+ years,MORTGAGE,50700.0,Verified,Dec-2011,Fully Paid,n,,,other,Loan Application,28xxx,NC,23.43,0.0,Sep-1996,0.0,,,10.0,0.0,9127.0,24.4,20.0,f,0.0,0.0,5050.37,5050.37,4500.0,550.37,0.0,0.0,0.0,Dec-2013,1912.16,,Jan-2016,0.0,,1.0,INDIVIDUAL,,,,0.0,,,,,,,,,,,,,,,,,,0.0
8252619,2333391,18000.0,18000.0,17975.0, 36 months,12.42,601.48,B,B4,REDACTED,1 year,OWN,75000.0,Verified,Dec-2011,Fully Paid,n,,,credit_card,Loan Application,70xxx,LA,12.51,0.0,Apr-1991,2.0,,,9.0,0.0,14810.0,66.1,27.0,f,0.0,0.0,21629.2435137,21599.23,18000.0,3629.24,0.0,0.0,0.0,Oct-2014,1805.88,,Jan-2016,0.0,,1.0,INDIVIDUAL,,,,0.0,,,,,,,,,,,,,,,,,,0.0
2161316,5670979,12300.0,12300.0,12300.0, 60 months,13.49,282.96,C,C1,REDACTED,2 years,MORTGAGE,30000.0,Source Verified,Dec-2011,Current,n,,,debt_consolidation,Loan Application,59xxx,MT,12.76,0.0,Nov-2002,1.0,,,8.0,0.0,10981.0,55.5,12.0,f,3174.77,3174.77,13556.6,13556.6,9125.24,4431.36,0.0,0.0,0.0,Dec-2015,282.96,Jan-2016,Jan-2016,0.0,,1.0,INDIVIDUAL,,,,0.0,,,,,,,,,,,,,,,,,,
4557588,8821664,12000.0,12000.0,12000.0, 36 months,13.49,407.17,C,C1,REDACTED,6 years,RENT,40000.0,Not Verified,Dec-2011,Fully Paid,n,,,debt_consolidation,Loan Application,31xxx,GA,15.72,0.0,Aug-1999,0.0,77.0,,8.0,0.0,10790.0,80.5,13.0,f,0.0,0.0,12761.93,12761.93,12000.0,761.93,0.0,0.0,0.0,Jul-2012,10731.86,,Jul-2012,0.0,,1.0,INDIVIDUAL,,,,0.0,,,,,,,,,,,,,,,,,,0.0
6042264,3606468,10000.0,10000.0,10000.0, 36 months,13.49,339.31,C,C1,REDACTED,10+ years,MORTGAGE,50000.0,Not Verified,Dec-2011,Fully Paid,n,,,credit_card,Loan Application,92xxx,CA,5.88,1.0,Sep-1998,2.0,13.0,,5.0,0.0,8899.0,47.6,15.0,f,0.0,0.0,12077.3273066,12077.33,10000.0,2077.33,0.0,0.0,0.0,Apr-2014,2939.1,,Jan-2015,0.0,,1.0,INDIVIDUAL,,,,0.0,,,,,,,,,,,,,,,,,,0.0
5629944,8740102,6000.0,6000.0,6000.0, 36 months,7.9,187.75,A,A4,REDACTED,7 years,MORTGAGE,80000.0,Not Verified,Dec-2011,Fully Paid,n,,,other,Loan Application,54xxx,WI,8.87,0.0,Jul-1993,4.0,,,8.0,0.0,19071.0,30.3,29.0,f,0.0,0.0,6633.12,6633.12,6000.0,633.12,0.0,0.0,0.0,Nov-2013,2695.52,,Oct-2013,0.0,,1.0,INDIVIDUAL,,,,0.0,,,,,,,,,,,,,,,,,,0.0
1902977,5075894,12000.0,12000.0,12000.0, 36 months,12.69,402.54,B,B5,REDACTED,4 years,RENT,40000.0,Not Verified,Dec-2011,Fully Paid,n,,,debt_consolidation,Loan Application,21xxx,MD,22.2,0.0,Nov-1998,1.0,,,9.0,0.0,16273.0,55.5,23.0,f,0.0,0.0,14006.68,14006.68,12000.0,2006.68,0.0,0.0,0.0,Oct-2013,5971.51,,Jan-2016,0.0,,1.0,INDIVIDUAL,,,,0.0,,,,,,,,,,,,,,,,,,0.0
3721425,1857823,12000.0,12000.0,12000.0, 36 months,8.9,381.04,A,A5,REDACTED,7 years,RENT,80000.0,Not Verified,Dec-2011,Charged Off,n,,,other,Loan Application,90xxx,CA,9.13,0.0,Oct-2003,0.0,,,8.0,0.0,13088.0,83.5,16.0,f,0.0,0.0,10411.4,10411.4,8330.52,1564.56,0.0,516.32,5.0436,Mar-2014,381.04,,Jul-2014,0.0,,1.0,INDIVIDUAL,,,,0.0,,,,,,,,,,,,,,,,,,1.0
8075493,7455138,7000.0,7000.0,7000.0, 36 months,11.71,231.54,B,B3,REDACTED,2 years,RENT,75000.0,Source Verified,Dec-2011,Fully Paid,n,,,debt_consolidation,Loan Application,92xxx,CA,15.57,0.0,Jan-2001,0.0,,,7.0,0.0,22196.0,94.1,17.0,f,0.0,0.0,8331.94008531,8331.94,7000.0,1331.94,0.0,0.0,0.0,Jan-2015,243.64,,Dec-2014,0.0,,1.0,INDIVIDUAL,,,,0.0,,,,,,,,,,,,,,,,,,0.0
6608201,3080075,35000.0,26825.0,26800.0, 60 months,18.64,690.56,E,E1,REDACTED,8 years,MORTGAGE,85000.0,Verified,Dec-2011,Fully Paid,n,,,debt_consolidation,Loan Application,60xxx,IL,12.0,0.0,Jan-1995,1.0,,,16.0,0.0,31071.0,53.0,50.0,f,0.0,0.0,28061.33,28035.18,26825.0,1236.33,0.0,0.0,0.0,Mar-2012,26684.35,,Jan-2016,0.0,,1.0,INDIVIDUAL,,,,0.0,,,,,,,,,,,,,,,,,,0.0
2963389,3618621,1400.0,1400.0,1400.0, 36 months,7.9,43.81,A,A4,REDACTED,1 year,RENT,28800.0,Not Verified,Dec-2011,Fully Paid,n,,,other,Loan Application,34xxx,FL,10.0,0.0,Jun-2003,1.0,,,5.0,0.0,2016.0,9.9,7.0,f,0.0,0.0,1478.87,1478.87,1400.0,78.87,0.0,0.0,0.0,Oct-2012,817.34,,Aug-2013,0.0,,1.0,INDIVIDUAL,,,,0.0,,,,,,,,,,,,,,,,,,0.0
6207330,9953035,16000.0,16000.0,16000.0, 60 months,13.49,368.08,C,C1,REDACTED,10+ years,RENT,35000.0,Verified,Dec-2011,Charged Off,n,,,small_business,Loan Application,27xxx,NC,16.22,0.0,Jul-2002,1.0,,,6.0,0.0,19184.0,58.5,14.0,f,0.0,0.0,10343.32,10343.32,5147.59,3678.41,0.0,1517.32,15.1732,Jan-2014,368.08,,May-2014,0.0,,1.0,INDIVIDUAL,,,,0.0,,,,,,,,,,,,,,,,,,1.0
4085760,5796983,3200.0,3200.0,3200.0, 36 months,9.91,103.12,B,B1,REDACTED,9 years,RENT,61200.0,Not Verified,Dec-2011,Fully Paid,n,,,debt_consolidation,Loan Application,92xxx,CA,2.16,0.0,Dec-1999,0.0,,113.0,5.0,1.0,2795.0,33.3,17.0,f,0.0,0.0,3709.19273041,3709.19,3200.0,509.19,0.0,0.0,0.0,Oct-2014,317.41,,Mar-2015,0.0,,1.0,INDIVIDUAL,,,,0.0,,,,,,,,,,,,,,,,,,0.0
5198949,8484818,8000.0,8000.0,8000.0, 36 months,7.9,250.33,A,A4,REDACTED,1 year,RENT,40000.0,Not Verified,Dec-2011,Fully Paid,n,,,medical,Loan Application,92xxx,CA,13.35,0.0,Dec-1996,0.0,,,4.0,0.0,2440.0,34.4,11.0,f,0.0,0.0,8986.26366347,8986.26,8000.0,986.26,0.0,0.0,0.0,Aug-2014,1483.12,,Aug-2014,0.0,,1.0,INDIVIDUAL,,,,0.0,,,,,,,,,,,,,,,,,,0.0
2415351,5962822,11875.0,11875.0,11875.0, 60 months,12.69,268.32,B,B5,REDACTED,< 1 year,RENT,25920.0,Source Verified,Dec-2011,Charged Off,n,,,debt_consolidation,Loan Application,94xxx,CA,23.75,0.0,Apr-2001,0.0,,,8.0,0.0,13932.0,94.1,28.0,f,0.0,0.0,1185.35,1185.35,285.76,248.58,0.0,651.01,117.181799998,Mar-2012,268.32,,Jul-2012,0.0,,1.0,INDIVIDUAL,,,,0.0,,,,,,,,,,,,,,,,,,1.0
5723210,7141358,5000.0,5000.0,5000.0, 36 months,6.03,152.18,A,A1,REDACTED,9 years,MORTGAGE,54000.0,Not Verified,Dec-2011,Fully Paid,n,,,home_improvement,Loan Application,07xxx,NJ,3.82,0.0,Dec-1998,0.0,,,6.0,0.0,1779.0,4.0,14.0,f,0.0,0.0,5410.75,5410.75,5000.0,410.75,0.0,0.0,0.0,Dec-2013,2065.02,,Dec-2013,0.0,,1.0,INDIVIDUAL,,,,0.0,,,,,,,,,,,,,,,,,,0.0
6577964,6863900,1800.0,1800.0,1800.0, 36 months,6.62,55.27,A,A2,REDACTED,10+ years,RENT,18000.0,Not Verified,Dec-2011,Fully Paid,n,,,small_business,Loan Application,48xxx,MI,23.8,0.0,Feb-2001,0.0,,,5.0,0.0,1792.0,39.8,12.0,f,0.0,0.0,1880.09,1880.09,1800.0,80.09,0.0,0.0,0.0,Oct-2012,1440.67,,Jan-2014,0.0,,1.0,INDIVIDUAL,,,,0.0,,,,,,,,,,,,,,,,,,0.0
9133681,6756656,35000.0,35000.0,35000.0, 36 months,8.9,1111.37,A,A5,REDACTED,5 years,RENT,85000.0,Verified,Dec-2011,Fully Paid,n,,,debt_consolidation,Loan Application,60xxx,IL,17.73,0.0,Jul-2001,0.0,,,7.0,0.0,16720.0,61.5,13.0,f,0.0,0.0,37304.76,37304.76,35000.0,2304.76,0.0,0.0,0.0,Oct-2012,27308.49,,Oct-2012,0.0,,1.0,INDIVIDUAL,,,,0.0,,,,,,,,,,,,,,,,,,0.0
3242751,8535490,18000.0,18000.0,17950.0, 36 months,8.9,571.56,A,A5,REDACTED,5 years,RENT,78000.0,Verified,Dec-2011,Fully Paid,n,,,credit_card,Loan Application,11xxx,NY,7.0,0.0,Oct-1998,1.0,,,6.0,0.0,17769.0,66.3,10.0,f,0.0,0.0,19883.16,19827.94,18000.0,1883.16,0.0,0.0,0.0,Jun-2013,10185.73,,Jun-2013,0.0,,1.0,INDIVIDUAL,,,,0.0,,,,,,,,,,,,,,,,,,0.0
2514905,4832227,14000.0,14000.0,14000.0, 36 months,7.9,438.07,A,A4,REDACTED,10+ years,OWN,45600.0,Not Verified,Dec-2011,Charged Off,n,,,debt_consolidation,Loan Application,26xxx,WV,19.74,0.0,Jun-1992,0.0,,,5.0,0.0,15846.0,63.9,10.0,f,0.0,0.0,6130.32,6130.32,5053.24,1077.08,0.0,0.0,0.0,Mar-2013,438.07,,Jan-2016,0.0,,1.0,INDIVIDUAL,,,,0.0,,,,,,,,,,,,,,,,,,1.0
9571540,2569793,5000.0,5000.0,5000.0, 36 months,12.42,167.08,B,B4,REDACTED,2 years,RENT,70000.0,Not Verified,Dec-2011,Fully Paid,n,,,debt_consolidation,Loan Application,78xxx,TX,20.06,0.0,Mar-2004,1.0,,,14.0,0.0,13543.0,54.2,26.0,f,0.0,0.0,5501.16,5501.16,5000.0,501.16,0.0,0.0,0.0,Nov-2012,3833.62,,Jul-2015,0.0,,1.0,INDIVIDUAL,,,,0.0,,,,,,,,,,,,,,,,,,0.0
9574674,8265886,8000.0,8000.0,8000.0, 36 months,15.96,281.1,C,C5,REDACTED,4 years,RENT,70000.0,Source Verified,Dec-2011,Fully Paid,n,,,credit_card,Loan Application,60xxx,IL,14.04,0.0,Apr-2000,2.0,,,10.0,0.0,24072.0,91.9,30.0,f,0.0,0.0,9993.12043943,9993.12,8000.0,1993.12,0.0,0.0,0.0,Jun-2014,644.42,,Jan-2016,0.0,,1.0,INDIVIDUAL,,,,0.0,,,,,,,,,,,,,,,,,,0.0
1731537,7764693,10000.0,10000.0,10000.0, 36 months,6.03,304.36,A,A1,REDACTED,9 years,MORTGAGE,80000.0,Not Verified,Dec-2011,Fully Paid,n,,,debt_consolidation,Loan Application,02xxx,MA,12.99,0.0,Sep-1987,0.0,,,7.0,0.0,27644.0,45.2,17.0,f,0.0,0.0,10840.08,10840.08,10000.0,840.08,0.0,0.0,0.0,Jan-2014,3845.46,,Jan-2014,0.0,,1.0,INDIVIDUAL,,,,0.0,,,,,,,,,,,,,,,,,,0.0
3694195,8504942,10000.0,10000.0,9975.0, 36 months,7.51,311.11,A,A3,REDACTED,5 years,RENT,50000.0,Verified,Dec-2011,Fully Paid,n,,,debt_consolidation,Loan Application,08xxx,NJ,4.63,0.0,Mar-2006,2.0,,,8.0,0.0,6592.0,25.7,25.0,f,0.0,0.0,11019.26,10991.72,10000.0,1019.26,0.0,0.0,0.0,Feb-2014,2375.97,,Feb-2014,0.0,,1.0,INDIVIDUAL,,,,0.0,,,,,,,,,,,,,,,,,,0.0
8052947,9192422,12000.0,12000.0,12000.0, 36 months,12.42,400.99,B,B4,REDACTED,10+ years,MORTGAGE,35000.0,Verified,Dec-2011,Fully Paid,n,,,debt_consolidation,Loan Application,81xxx,CO,18.51,0.0,Dec-1998,0.0,,,10.0,0.0,8198.0,75.7,13.0,f,0.0,0.0,14432.9181418,14432.92,12000.0,2432.92,0.0,0.0,0.0,Jan-2015,409.71,,Dec-2014,0.0,,1.0,INDIVIDUAL,,,,0.0,,,,,,,,,,,,,,,,,,0.0
2340991,4441856,23200.0,23200.0,23175.0, 36 months,7.9,725.94,A,A4,REDACTED,3 years,MORTGAGE,65000.0,Verified,Dec-2011,Fully Paid,n,,,debt_consolidation,Loan Application,48xxx,MI,27.99,0.0,Oct-2001,0.0,,,10.0,0.0,36381.0,47.0,34.0,f,0.0,0.0,24554.42,24527.96,23199.99,1354.43,0.0,0.0,0.0,Nov-2012,18024.97,,Jan-2016,0.0,,1.0,INDIVIDUAL,,,,0.0,,,,,,,,,,,,,,,,,,0.0
3723780,6962003,18000.0,18000.0,17975.0, 60 months,15.27,430.78,C,C4,REDACTED,1 year,MORTGAGE,84000.0,Verified,Dec-2011,Current,n,,,credit_card,Loan Application,06xxx,CT,11.41,0.0,Dec-1998,3.0,,,11.0,0.0,22542.0,83.2,23.0,f,4791.06,4784.32,20631.16,20602.66,13208.94,7422.22,0.0,0.0,0.0,Dec-2015,430.78,Jan-2016,Jan-2016,0.0,,1.0,INDIVIDUAL,,,,0.0,,,,,,,,,,,,,,,,,,
6395589,7087781,4800.0,4800.0,4800.0, 36 months,15.27,167.03,C,C4,REDACTED,10+ years,MORTGAGE,75000.0,Not Verified,Dec-2011,Fully Paid,n,,,debt_consolidation,Loan Application,26xxx,WV,9.3,0.0,Mar-2003,1.0,,,13.0,0.0,22195.0,73.7,18.0,f,0.0,0.0,6005.12393731,6005.12,4800.0,1205.12,0.0,0.0,0.0,Jan-2015,190.27,,Dec-2014,0.0,,1.0,INDIVIDUAL,,,,0.0,,,,,,,,,,,,,,,,,,0.0
9537584,1940244,7300.0,7300.0,7300.0, 36 months,11.71,241.46,B,B3,REDACTED,6 years,RENT,35000.0,Not Verified,Dec-2011,Fully Paid,n,,,debt_consolidation,Loan Application,20xxx,VA,16.42,0.0,Aug-2002,1.0,,,10.0,0.0,9628.0,44.6,17.0,f,0.0,0.0,8654.58187742,8654.58,7300.0,1354.58,0.0,0.0,0.0,Aug-2014,1426.64,,Jan-2016,0.0,,1.0,INDIVIDUAL,,,,0.0,,,,,,,,,,,,,,,,,,0.0
8166622,8286066,10400.0,10400.0,10400.0, 36 months,9.91,335.14,B,B1,REDACTED,6 years,RENT,40000.0,Source Verified,Dec-2011,Fully Paid,n,,,debt_consolidation,Loan Application,34xxx,FL,11.67,0.0,Oct-1999,2.0,,,7.0,0.0,11624.0,80.6,19.0,f,0.0,0.0,12022.8864985,12022.89,10400.0,1622.89,0.0,0.0,0.0,Aug-2014,1976.75,,Jan-2016,0.0,,1.0,INDIVIDUAL,,,,0.0,,,,,,,,,,,,,,,,,,0.0
5130963,9390595,6600.0,6600.0,6600.0, 36 months,9.91,212.69,B,B1,REDACTED,1 year,MORTGAGE,100000.0,Not Verified,Dec-2011,Fully Paid,n,,,house,Loan Application,32xxx,FL,15.53,0.0,Jul-2002,2.0,,,10.0,0.0,2171.0,27.8,30.0,f,0.0,0.0,7274.62,7274.62,6600.0,674.62,0.0,0.0,0.0,Apr-2013,4304.99,,Jan-2016,0.0,,1.0,INDIVIDUAL,,,,0.0,,,,,,,,,,,,,,,,,,0.0
3480528,5487848,12000.0,12000.0,12000.0, 36 months,8.9,381.04,A,A5,REDACTED,7 years,OWN,40000.0,Not Verified,Dec-2011,Fully Paid,n,,,debt_consolidation,Loan Application,07xxx,NJ,9.45,0.0,May-2002,0.0,73.0,,12.0,0.0,13756.0,37.4,20.0,f,0.0,0.0,13715.4578317,13715.46,12000.0,1715.46,0.0,0.0,0.0,Jan-2015,391.28,,Sep-2015,0.0,,1.0,INDIVIDUAL,,,,0.0,,,,,,,,,,,,,,,,,,0.0
4837160,3148961,13250.0,13250.0,13250.0, 36 months,17.27,474.19,D,D3,REDACTED,10+ years,RENT,52000.0,Verified,Dec-2011,Fully Paid,n,,,debt_consolidation,Loan Application,12xxx,NY,23.7,0.0,Aug-1998,0.0,70.0,,8.0,0.0,15002.0,91.5,18.0,f,0.0,0.0,15650.39,15650.39,13250.0,2400.39,0.0,0.0,0.0,Apr-2013,9026.78,,Jan-2016,0.0,,1.0,INDIVIDUAL,,,,0.0,,,,,,,,,,,,,,,,,,0.0
6541581,7286344,12000.0,12000.0,12000.0, 36 months,11.71,396.92,B,B3,REDACTED,3 years,RENT,92500.0,Source Verified,Dec-2011,Fully Paid,n,,,debt_consolidation,Loan Application,94xxx,CA,15.97,0.0,Mar-2006,2.0,,,11.0,0.0,9558.0,56.2,21.0,f,0.0,0.0,14286.7225067,14286.72,12000.0,2286.72,0.0,0.0,0.0,Jan-2015,404.66,,Dec-2014,0.0,,1.0,INDIVIDUAL,,,,0.0,,,,,,,,,,,,,,,,,,0.0
3818217,7187981,25000.0,25000.0,25000.0, 36 months,9.91,805.63,B,B1,REDACTED,9 years,RENT,61000.0,Source Verified,Dec-2011,Fully Paid,n,,,debt_consolidation,Loan Application,94xxx,CA,10.35,0.0,Jul-1996,0.0,,,5.0,0.0,23712.0,49.4,10.0,f,0.0,0.0,29000.8350292,29000.84,25000.0,4000.84,0.0,0.0,0.0,Jan-2015,812.89,,Jan-2016,0.0,,1.0,INDIVIDUAL,,,,0.0,,,,,,,,,,,,,,,,,,0.0
7331351,3412614,6000.0,6000.0,6000.0, 36 months,10.65,195.44,B,B2,REDACTED,10+ years,RENT,36000.0,Not Verified,Dec-2011,Fully Paid,n,,,other,Loan Application,96xxx,HI,14.43,0.0,Jan-1997,1.0,29.0,,5.0,0.0,13626.0,48.5,9.0,f,0.0,0.0,7033.84026542,7033.84,6000.0,1033.84,0.0,0.0,0.0,Jan-2015,204.1,,Dec-2014,0.0,,1.0,INDIVIDUAL,,,,0.0,,,,,,,,,,,,,,,,,,0.0
2084650,6022017,12000.0,12000.0,12000.0, 36 months,7.51,373.33,A,A3,REDACTED,10+ years,MORTGAGE,68000.0,Not Verified,Dec-2011,Fully Paid,n,,,credit_card,Loan Application,94xxx,CA,7.08,0.0,Jan-1991,1.0,,,7.0,0.0,15433.0,55.6,34.0,f,0.0,0.0,12554.01,12554.01,12000.0,554.01,0.0,0.0,0.0,Oct-2013,473.95,,Sep-2013,0.0,,1.0,INDIVIDUAL,,,,0.0,,,,,,,,,,,,,,,,,,0.0
6647944,1843123,14400.0,14400.0,14400.0, 36 months,11.71,476.3,B,B3,REDACTED,1 year,RENT,80000.0,Not Verified,Dec-2011,Fully Paid,n,,,credit_card,Loan Application,90xxx,CA,16.35,0.0,Nov-1995,1.0,,,10.0,0.0,19983.0,48.4,16.0,f,0.0,0.0,15543.7,15543.7,14400.0,1143.7,0.0,0.0,0.0,Oct-2012,11736.19,,Jan-2016,0.0,,1.0,INDIVIDUAL,,,,0.0,,,,,,,,,,,,,,,,,,0.0
4305388,2538557,10000.0,10000.0,10000.0, 36 months,12.42,334.16,B,B4,REDACTED,10+ years,RENT,43000.0,Not Verified,Dec-2011,Fully Paid,n,,,credit_card,Loan Application,11xxx,NY,11.58,0.0,Apr-2000,0.0,51.0,,13.0,0.0,13034.0,65.5,33.0,f,0.0,0.0,12026.2996643,12026.3,10000.0,2026.3,0.0,0.0,0.0,Jan-2015,345.52,,Jan-2016,0.0,,1.0,INDIVIDUAL,,,,0.0,,,,,,,,,,,,,,,,,,0.0
8953881,6338316,8000.0,8000.0,8000.0, 36 months,11.71,264.61,B,B3,REDACTED,1 year,RENT,150000.0,Not Verified,Dec-2011,Fully Paid,n,,,credit_card,Loan Application,10xxx,NY,2.48,1.0,Jul-1996,0.0,5.0,,5.0,0.0,9722.0,56.2,8.0,f,0.0,0.0,9522.45744006,9522.46,8000.0,1522.46,0.0,0.0,0.0,Jan-2015,278.01,,Mar-2015,0.0,,1.0,INDIVIDUAL,,,,0.0,,,,,,,,,,,,,,,,,,0.0
4253337,8721962,8000.0,8000.0,8000.0, 36 months,16.29,282.41,D,D1,REDACTED,5 years,RENT,50000.0,Not Verified,Dec-2011,Charged Off,n,,,credit_card,Loan Application,89xxx,NV,13.22,0.0,Nov-2005,0.0,,,9.0,0.0,5106.0,72.9,12.0,f,0.0,0.0,4533.54,4533.54,2798.78,1436.44,0.0,298.32,3.09,Apr-2013,287.45,,Sep-2013,0.0,,1.0,INDIVIDUAL,,,,0.0,,,,,,,,,,,,,,,,,,1.0
1616824,9123409,30000.0,30000.0,28673.7965195, 60 months,12.42,673.72,B,B4,REDACTED,3 years,RENT,70000.0,Source Verified,Dec-2011,Charged Off,n,,,small_business,Loan Application,77xxx,TX,0.94,0.0,Jul-2006,0.0,,,7.0,0.0,1159.0,3.2,14.0,f,0.0,0.0,17179.15,14854.83,8464.18,5679.62,33.6865849703,3001.66,30.0165999979,Oct-2013,673.72,,Feb-2014,0.0,,1.0,INDIVIDUAL,,,,0.0,,,,,,,,,,,,,,,,,,1.0
9824471,4852564,18000.0,18000.0,18000.0, 60 months,16.77,445.13,D,D2,REDACTED,6 years,OWN,40000.0,Not Verified,Dec-2011,Charged Off,n,,,home_improvement,Loan Application,94xxx,CA,18.42,0.0,Nov-2000,3.0,,,7.0,0.0,11147.0,73.4,20.0,f,0.0,0.0,11229.37,11229.37,4677.94,4651.94,0.0,1899.49,18.8164000016,Oct-2013,445.13,,Feb-2014,0.0,,1.0,INDIVIDUAL,,,,0.0,,,,,,,,,,,,,,,,,,1.0
7929815,8890010,13250.0,13250.0,13250.0, 36 months,11.71,438.26,B,B3,REDACTED,2 years,OWN,35000.0,Not Verified,Dec-2011,Fully Paid,n,,,credit_card,Loan Application,19xxx,PA,22.35,0.0,Aug-2004,1.0,,,16.0,0.0,10014.0,67.2,21.0,f,0.0,0.0,15775.4874675,15775.49,13250.0,2525.49,0.0,0.0,0.0,Jan-2015,444.97,,Oct-2015,0.0,,1.0,INDIVIDUAL,,,,0.0,,,,,,,,,,,,,,,,,,0.0
4425167,3803511,14000.0,14000.0,14000.0, 36 months,14.27,480.33,C,C2,REDACTED,6 years,RENT,80000.0,Not Verified,Dec-2011,Fully Paid,n,,,debt_consolidation,Loan Application,90xxx,CA,16.21,0.0,Aug-2002,0.0,,,8.0,0.0,11546.0,96.2,11.0,f,0.0,0.0,17282.3067306,17282.31,14000.0,3282.31,0.0,0.0,0.0,Jan-2015,509.76,,Dec-2014,0.0,,1.0,INDIVIDUAL,,,,0.0,,,,,,,,,,,,,,,,,,0.0
2882305,4043702,20000.0,20000.0,19975.0, 60 months,20.3,533.23,E,E5,REDACTED,10+ years,OWN,59000.0,Verified,Dec-2011,Charged Off,n,,,debt_consolidation,Loan Application,99xxx,AK,20.91,0.0,Aug-2000,2.0,,,16.0,0.0,32137.0,83.1,32.0,f,0.0,0.0,16063.42,16043.48,6317.7,7790.84,0.0,1954.88,19.5488,Mar-2014,281.46,,Jul-2014,0.0,,1.0,INDIVIDUAL,,,,0.0,,,,,,,,,,,,,,,,,,1.0
4861794,9722751,10000.0,10000.0,10000.0, 36 months,16.29,353.01,D,D1,REDACTED,10+ years,RENT,40000.0,Verified,Dec-2011,Fully Paid,n,,,credit_card,Loan Application,10xxx,NY,24.39,0.0,Aug-2001,1.0,,,7.0,0.0,11665.0,96.4,18.0,f,0.0,0.0,12455.59,12455.59,10000.0,2455.59,0.0,0.0,0.0,Feb-2014,3641.77,,Jan-2016,0.0,,1.0,INDIVIDUAL,,,,0.0,,,,,,,,,,,,,,,,,,0.0
7204597,5725597,35000.0,23250.0,23200.0, 60 months,20.3,619.88,E,E5,REDACTED,5 years,RENT,85000.0,Verified,Dec-2011,Fully Paid,n,,,debt_consolidation,Loan Application,07xxx,NJ,20.16,0.0,Dec-2003,0.0,,,11.0,0.0,31306.0,74.5,24.0,f,0.0,0.0,36085.5582764,36007.96,23250.0,12835.56,0.0,0.0,0.0,Oct-2015,8847.24,,Jan-2016,0.0,,1.0,INDIVIDUAL,,,,0.0,,,,,,,,,,,,,,,,,,0.0
6600591,9918834,4000.0,4000.0,4000.0, 36 months,6.03,121.75,A,A1,REDACTED,1 year,RENT,55000.0,Not Verified,Dec-2011,Fully Paid,n,,,debt_consolidation,Loan Application,97xxx,OR,7.05,0.0,Oct-2001,0.0,,,7.0,0.0,2189.0,43.8,18.0,f,0.0,0.0,4355.44311422,4355.44,4000.0,355.44,0.0,0.0,0.0,Mar-2014,1192.02,,Apr-2014,0.0,,1.0,INDIVIDUAL,,,,0.0,,,,,,,,,,,,,,,,,,0.0
2734520,5727065,13000.0,13000.0,13000.0, 36 months,9.91,418.93,B,B1,REDACTED,6 years,RENT,110000.0,Not Verified,Dec-2011,Fully Paid,n,,,debt_consolidation,Loan Application,95xxx,CA,8.38,0.0,Jun-2001,0.0,,,8.0,0.0,9599.0,81.3,14.0,f,0.0,0.0,14957.7536521,14957.75,13000.0,1957.75,0.0,0.0,0.0,May-2014,3659.9,,Jan-2016,0.0,,1.0,INDIVIDUAL,,,,0.0,,,,,,,,,,,,,,,,,,0.0
4387745,4057992,28000.0,28000.0,28000.0, 36 months,12.69,939.26,B,B5,REDACTED,5 years,RENT,100000.0,Source Verified,Dec-2011,Fully Paid,n,,,credit_card,Loan Application,53xxx,WI,12.35,0.0,Oct-2000,0.0,,,7.0,0.0,5739.0,67.5,15.0,f,0.0,0.0,33809.0491826,33809.05,28000.0,5809.05,0.0,0.0,0.0,Jan-2015,953.93,,Dec-2014,0.0,,1.0,INDIVIDUAL,,,,0.0,,,,,,,,,,,,,,,,,,0.0
6166094,9437340,10000.0,10000.0,10000.0, 36 months,13.49,339.31,C,C1,REDACTED,3 years,RENT,62000.0,Not Verified,Dec-2011,Fully Paid,n,,,debt_consolidation,Loan Application,02xxx,MA,11.52,0.0,Oct-2000,0.0,,,9.0,0.0,16462.0,79.1,20.0,f,0.0,0.0,11250.9,11250.9,10000.0,1250.9,0.0,0.0,0.0,Jan-2013,7193.77,,Jan-2016,0.0,,1.0,INDIVIDUAL,,,,0.0,,,,,,,,,,,,,,,,,,0.0
3216543,5796734,20000.0,20000.0,20000.0, 36 months,7.9,625.81,A,A4,REDACTED,< 1 year,RENT,45000.0,Verified,Dec-2011,Fully Paid,n,,,debt_consolidation,Loan Application,30xxx,GA,9.25,0.0,Nov-1981,1.0,,,8.0,0.0,14386.0,74.9,10.0,f,0.0,0.0,22527.937256,22527.94,20000.0,2527.94,0.0,0.0,0.0,Jan-2015,631.87,,Oct-2015,0.0,,1.0,INDIVIDUAL,,,,0.0,,,,,,,,,,,,,,,,,,0.0
6426751,6076743,18000.0,18000.0,17950.0, 36 months,9.91,580.05,B,B1,REDACTED,5 years,RENT,110000.0,Verified,Dec-2011,Fully Paid,n,,,debt_consolidation,Loan Application,33xxx,FL,10.0,0.0,Jan-2000,1.0,,,8.0,0.0,12371.0,62.5,22.0,f,0.0,0.0,19205.83,19152.49,18000.0,1205.83,0.0,0.0,0.0,Oct-2012,14579.33,,Aug-2014,0.0,,1.0,INDIVIDUAL,,,,0.0,,,,,,,,,,,,,,,,,,0.0
3940459,5488349,9000.0,9000.0,9000.0, 60 months,19.91,238.0,E,E4,REDACTED,3 years,RENT,60000.0,Verified,Dec-2011,Charged Off,n,,,credit_card,Loan Application,95xxx,CA,22.56,0.0,Dec-1997,1.0,,,17.0,0.0,21321.0,91.1,30.0,f,0.0,0.0,5227.64,5227.64,2327.73,2899.91,0.0,0.0,0.0,Oct-2013,238.0,,Jan-2016,0.0,,1.0,INDIVIDUAL,,,,0.0,,,,,,,,,,,,,,,,,,1.0
9621886,4607530,25000.0,25000.0,24975.0, 60 months,18.64,643.58,E,E1,REDACTED,10+ years,RENT,61500.0,Verified,Dec-2011,Charged Off,n,,,debt_consolidation,Loan Application,11xxx,NY,12.6,1.0,Apr-2000,0.0,22.0,,11.0,0.0,24278.0,60.8,25.0,f,0.0,0.0,25775.38,25749.68,13993.4,11732.12,32.18,17.68,3.1824,Apr-2015,643.58,,Jan-2016,0.0,,1.0,INDIVIDUAL,,,,0.0,,,,,,,,,,,,,,,,,,1.0
5495111,4314037,10000.0,10000.0,10000.0, 36 months,11.71,330.76,B,B3,REDACTED,3 years,RENT,33000.0,Not Verified,Dec-2011,Fully Paid,n,,,other,Loan Application,11xxx,NY,8.69,0.0,Apr-2000,0.0,,,6.0,0.0,6621.0,88.3,9.0,f,0.0,0.0,11838.8778008,11838.88,10000.0,1838.88,0.0,0.0,0.0,Jul-2014,2258.8,,Jul-2015,0.0,,1.0,INDIVIDUAL,,,,0.0,,,,,,,,,,,,,,,,,,0.0
2882877,9696843,4200.0,4200.0,4200.0, 36 months,6.03,127.83,A,A1,REDACTED,3 years,RENT,61000.0,Not Verified,Dec-2011,Fully Paid,n,,,credit_card,Loan Application,07xxx,NJ,8.92,0.0,Oct-2003,0.0,,,7.0,0.0,4228.0,12.9,16.0,f,0.0,0.0,4601.62011009,4601.62,4200.0,401.62,0.0,0.0,0.0,Dec-2014,129.65,,Jan-2016,0.0,,1.0,INDIVIDUAL,,,,0.0,,,,,,,,,,,,,,,,,,0.0
4048774,4259714,20000.0,20000.0,19975.0, 60 months,15.27,478.64,C,C4,REDACTED,10+ years,OWN,78216.0,Verified,Dec-2011,Charged Off,n,,,debt_consolidation,Loan Application,95xxx,CA,10.79,0.0,Jul-1995,1.0,,,8.0,0.0,25161.0,80.3,21.0,f,0.0,0.0,5797.78,5790.61,2367.51,2405.39,0.0,1024.88,9.89,Oct-2012,478.64,,Mar-2013,0.0,,1.0,INDIVIDUAL,,,,0.0,,,,,,,,,,,,,,,,,,1.0
8328995,8478680,18000.0,18000.0,17975.0, 60 months,17.27,449.97,D,D3,REDACTED,1 year,MORTGAGE,62000.0,Verified,Dec-2011,Default,n,,,debt_consolidation,Loan Application,23xxx,VA,7.82,0.0,Aug-1988,2.0,61.0,,8.0,0.0,11273.0,86.7,30.0,f,6405.39,6396.45,19767.48,19740.11,11594.61,8172.87,0.0,0.0,0.0,Aug-2015,449.97,Feb-2016,Jan-2016,0.0,,1.0,INDIVIDUAL,,,,0.0,,,,,,,,,,,,,,,,,,1.0
1338118,5885461,24000.0,24000.0,24000.0, 36 months,16.29,847.21,D,D1,REDACTED,2 years,RENT,50964.0,Verified,Dec-2011,Fully Paid,n,,,debt_consolidation,Loan Application,30xxx,GA,8.83,1.0,Sep-2003,1.0,13.0,,7.0,0.0,16318.0,69.4,13.0,f,0.0,0.0,30497.2915622,30497.29,24000.0,6497.29,0.0,0.0,0.0,Jan-2015,853.26,,Dec-2014,0.0,,1.0,INDIVIDUAL,,,,0.0,,,,,,,,,,,,,,,,,,0.0
2313707,4301177,4475.0,4475.0,4475.0, 36 months,15.27,155.72,C,C4,REDACTED,3 years,RENT,43680.0,Not Verified,Dec-2011,Fully Paid,n,,,credit_card,Loan Application,80xxx,CO,18.79,0.0,Dec-2000,2.0,,,17.0,0.0,4489.0,33.5,29.0,f,0.0,0.0,5601.55613342,5601.56,4475.0,1126.56,0.0,0.0,0.0,Jan-2015,168.52,,Jan-2016,0.0,,1.0,INDIVIDUAL,,,,0.0,,,,,,,,,,,,,,,,,,0.0
3851672,2082821,20000.0,20000.0,19950.0, 60 months,14.65,472.14,C,C3,REDACTED,2 years,MORTGAGE,56000.0,Verified,Dec-2011,Current,n,,,credit_card,Loan Application,91xxx,CA,12.15,0.0,Jul-1993,1.0,,,9.0,0.0,19348.0,59.9,15.0,f,5241.44,5228.34,22660.12,22603.47,14758.56,7901.56,0.0,0.0,0.0,Dec-2015,472.14,Feb-2016,Jan-2016,0.0,,1.0,INDIVIDUAL,,,,0.0,,,,,,,,,,,,,,,,,,
4069802,7047214,12000.0,12000.0,12000.0, 36 months,12.42,400.99,B,B4,REDACTED,5 years,RENT,50700.0,Source Verified,Dec-2011,Fully Paid,n,,,credit_card,Loan Application,07xxx,NJ,22.49,0.0,Sep-2003,0.0,,,12.0,0.0,18682.0,80.8,18.0,f,0.0,0.0,14431.5364041,14431.54,12000.0,2431.54,0.0,0.0,0.0,Jan-2015,414.83,,Dec-2014,0.0,,1.0,INDIVIDUAL,,,,0.0,,,,,,,,,,,,,,,,,,0.0
3662146,5578994,18000.0,18000.0,18000.0, 60 months,17.58,452.98,D,D4,REDACTED,,MORTGAGE,60000.0,Verified,Dec-2011,Fully Paid,n,,,debt_consolidation,Loan Application,36xxx,AL,21.96,0.0,Mar-2003,1.0,75.0,,11.0,0.0,5945.0,83.7,28.0,f,0.0,0.0,26369.525524,26369.53,18000.0,8369.53,0.0,0.0,0.0,Sep-2015,6909.59,,Sep-2015,0.0,,1.0,INDIVIDUAL,,,,0.0,,,,,,,,,,,,,,,,,,0.0
5122167,5919304,5000.0,5000.0,5000.0, 36 months,12.42,167.08,B,B4,REDACTED,2 years,RENT,30000.0,Source Verified,Dec-2011,Charged Off,n,,,debt_consolidation,Loan Application,29xxx,SC,23.84,0.0,Jun-2001,2.0,,,8.0,0.0,7980.0,89.7,40.0,f,0.0,0.0,833.7,833.7,587.51,246.19,0.0,0.0,0.0,Jun-2012,167.08,,Jan-2016,0.0,,1.0,INDIVIDUAL,,,,0.0,,,,,,,,,,,,,,,,,,1.0
1321342,5129112,3000.0,3000.0,3000.0, 36 months,6.03,91.31,A,A1,REDACTED,5 years,RENT,50000.0,Not Verified,Dec-2011,Fully Paid,n,,,other,Loan Application,24xxx,VA,5.5,0.0,Dec-2003,0.0,,,7.0,0.0,9616.0,29.4,15.0,f,0.0,0.0,3207.71,3207.71,3000.0,207.71,0.0,0.0,0.0,Oct-2013,573.77,,Aug-2014,0.0,,1.0,INDIVIDUAL,,,,0.0,,,,,,,,,,,,,,,,,,0.0
4144834,4111753,25000.0,25000.0,24975.0, 60 months,19.03,648.93,E,E2,REDACTED,10+ years,RENT,75000.0,Verified,Dec-2011,Current,n,,,debt_consolidation,Loan Application,83xxx,WY,19.63,0.0,Jan-1992,2.0,,,9.0,0.0,24150.0,91.5,13.0,f,7061.64,7054.49,31102.15,31071.23,17938.36,13163.79,0.0,0.0,0.0,Dec-2015,648.93,Feb-2016,Jan-2016,0.0,,1.0,INDIVIDUAL,,,,0.0,,,,,,,,,,,,,,,,,,
8168067,5699423,18000.0,18000.0,18000.0, 60 months,19.03,467.23,E,E2,REDACTED,3 years,RENT,90000.0,Source Verified,Dec-2011,Current,n,,,credit_card,Loan Application,11xxx,NY,11.32,0.0,Aug-2005,1.0,,,10.0,0.0,13371.0,85.2,16.0,f,5085.55,5085.55,22392.2,22392.2,12914.45,9477.75,0.0,0.0,0.0,Dec-2015,467.23,Feb-2016,Jan-2016,0.0,,1.0,INDIVIDUAL,,,,0.0,,,,,,,,,,,,,,,,,,
7721428,2803499,12000.0,12000.0,12000.0, 36 months,9.91,386.7,B,B1,REDACTED,10+ years,RENT,55000.0,Not Verified,Dec-2011,Charged Off,n,,,debt_consolidation,Loan Application,02xxx,RI,13.0,0.0,Mar-1998,0.0,,,10.0,0.0,11774.0,75.5,17.0,f,0.0,0.0,5851.68,5851.68,4244.34,1162.46,0.0,444.88,4.55,Mar-2013,386.7,,Jul-2013,0.0,,1.0,INDIVIDUAL,,,,0.0,,,,,,,,,,,,,,,,,,1.0
5195702,7009475,20000.0,20000.0,20000.0, 36 months,15.27,695.96,C,C4,REDACTED,10+ years,MORTGAGE,50000.0,Verified,Dec-2011,Fully Paid,n,,,other,Loan Application,01xxx,MA,4.34,0.0,Nov-2002,1.0,28.0,,6.0,0.0,6855.0,52.7,12.0,f,0.0,0.0,25041.2284351,25041.23,20000.0,5041.23,0.0,0.0,0.0,Jan-2015,727.38,,Aug-2015,0.0,,1.0,INDIVIDUAL,,,,0.0,,,,,,,,,,,,,,,,,,0.0
9738625,4025044,10000.0,10000.0,10000.0, 36 months,13.49,339.31,C,C1,REDACTED,3 years,RENT,84000.0,Verified,Dec-2011,Fully Paid,n,,,debt_consolidation,Loan Application,91xxx,CA,13.87,0.0,Feb-2007,0.0,55.0,,8.0,0.0,6046.0,68.7,10.0,f,0.0,0.0,12155.9176965,12155.92,10000.0,2155.92,0.0,0.0,0.0,Jul-2014,1990.92,,Jan-2016,0.0,,1.0,INDIVIDUAL,,,,0.0,,,,,,,,,,,,,,,,,,0.0
4371726,8195781,15000.0,15000.0,15000.0, 36 months,12.42,501.23,B,B4,REDACTED,6 years,OWN,155000.0,Verified,Dec-2011,Fully Paid,n,,,debt_consolidation,Loan Application,30xxx,GA,17.85,0.0,Mar-1990,0.0,,,14.0,0.0,68319.0,74.9,41.0,f,0.0,0.0,17713.89,17713.89,15000.0,2713.89,0.0,0.0,0.0,Jan-2014,5699.63,,Jan-2016,0.0,,1.0,INDIVIDUAL,,,,0.0,,,,,,,,,,,,,,,,,,0.0
1278557,1376079,12000.0,12000.0,12000.0, 36 months,7.9,375.49,A,A4,REDACTED,< 1 year,MORTGAGE,62000.0,Source Verified,Dec-2011,Fully Paid,n,,,debt_consolidation,Loan Application,21xxx,MD,8.71,0.0,Apr-2002,0.0,,,10.0,0.0,18125.0,57.7,15.0,f,0.0,0.0,13448.7262039,13448.73,12000.0,1448.73,0.0,0.0,0.0,Jun-2014,2940.47,,Jan-2016,0.0,,1.0,INDIVIDUAL,,,,0.0,,,,,,,,,,,,,,,,,,0.0
8414620,9524175,20000.0,13475.0,13041.4704382, 60 months,10.65,290.64,B,B2,REDACTED,2 years,MORTGAGE,175000.0,Verified,Dec-2011,Current,n,,,debt_consolidation,Loan Application,76xxx,TX,5.23,0.0,Aug-1982,0.0,,,12.0,0.0,16008.0,34.1,39.0,f,3324.85,3318.58,13903.92,13205.4,10150.15,3753.77,0.0,0.0,0.0,Dec-2015,290.64,Feb-2016,Jan-2016,0.0,,1.0,INDIVIDUAL,,,,0.0,,,,,,,,,,,,,,,,,,
6551371,4509565,6300.0,6300.0,6300.0, 36 months,11.71,208.38,B,B3,REDACTED,2 years,RENT,30000.0,Not Verified,Dec-2011,Fully Paid,n,,,credit_card,Loan Application,10xxx,NY,7.2,0.0,Oct-1991,1.0,38.0,,6.0,0.0,6274.0,84.3,11.0,f,0.0,0.0,7499.16244931,7499.16,6300.0,1199.16,0.0,0.0,0.0,Jan-2015,218.08,,Jan-2016,0.0,,1.0,INDIVIDUAL,,,,0.0,,,,,,,,,,,,,,,,,,0.0
7491860,4896961,20000.0,20000.0,18626.3467435, 60 months,16.77,494.59,D,D2,REDACTED,7 years,RENT,50000.0,Verified,Dec-2011,Current,n,,,credit_card,Loan Application,62xxx,IL,22.82,0.0,Mar-1995,1.0,,,12.0,0.0,16565.0,56.7,22.0,f,5440.58,5433.68,23717.44,20735.34,14559.42,9158.02,0.0,0.0,0.0,Dec-2015,494.59,Feb-2016,Jan-2016,0.0,,1.0,INDIVIDUAL,,,,0.0,,,,,,,,,,,,,,,,,,
4555905,2390997,35000.0,23150.0,21739.748129, 60 months,17.27,578.71,D,D3,REDACTED,8 years,MORTGAGE,208000.0,Source Verified,Dec-2011,Fully Paid,n,,,debt_consolidation,Loan Application,20xxx,MD,7.94,0.0,Feb-1993,0.0,24.0,,11.0,0.0,3761.0,23.5,79.0,f,0.0,0.0,26012.99,23132.31,23150.0,2862.99,0.0,0.0,0.0,Oct-2012,21393.19,,Jan-2016,0.0,,1.0,INDIVIDUAL,,,,0.0,,,,,,,,,,,,,,,,,,0.0
7701585,8946736,8250.0,8250.0,8086.74800373, 60 months,15.96,200.45,C,C5,REDACTED,2 years,MORTGAGE,35004.0,Verified,Dec-2011,Fully Paid,n,,,home_improvement,Loan Application,14xxx,NY,15.6,2.0,Nov-2003,1.0,2.0,,13.0,0.0,4479.0,7.7,21.0,f,0.0,0.0,10423.49,10100.42,8250.0,2173.49,0.0,0.0,0.0,Dec-2013,6046.08,,Dec-2013,0.0,,1.0,INDIVIDUAL,,,,0.0,,,,,,,,,,,,,,,,,,0.0
9410227,5119193,20000.0,20000.0,18847.3730567, 60 months,12.69,451.9,B,B5,REDACTED,7 years,OWN,85000.0,Source Verified,Dec-2011,Current,n,,,home_improvement,Loan Application,70xxx,LA,10.21,0.0,Oct-2002,0.0,,,13.0,0.0,17537.0,54.8,31.0,f,5085.8,5085.8,21660.78,19573.02,14914.19,6746.59,0.0,0.0,0.0,Dec-2015,451.9,Feb-2016,Jan-2016,0.0,,1.0,INDIVIDUAL,,,,0.0,,,,,,,,,,,,,,,,,,
7094437,6595891,10000.0,10000.0,10000.0, 36 months,11.71,330.76,B,B3,REDACTED,5 years,RENT,32000.0,Not Verified,Dec-2011,Charged Off,n,,,credit_card,Loan Application,33xxx,FL,21.83,0.0,Oct-2001,0.0,,,11.0,0.0,7346.0,59.6,23.0,f,0.0,0.0,1958.97,1958.97,1186.67,464.08,0.0,308.22,3.27,Jun-2012,330.76,,Oct-2012,0.0,,1.0,INDIVIDUAL,,,,0.0,,,,,,,,,,,,,,,,,,1.0
7709129,5884910,24000.0,24000.0,24000.0, 36 months,8.9,762.08,A,A5,REDACTED,10+ years,MORTGAGE,116400.0,Verified,Dec-2011,Charged Off,n,,,car,Loan Application,33xxx,FL,3.94,0.0,Dec-1992,4.0,,,14.0,0.0,3885.0,8.1,31.0,f,0.0,0.0,8649.71,8649.71,6036.95,1580.45,0.0,1032.31,10.25,Oct-2012,762.08,,Jun-2015,0.0,,1.0,INDIVIDUAL,,,,0.0,,,,,,,,,,,,,,,,,,1.0
9243179,9425471,14400.0,14400.0,14400.0, 36 months,12.69,483.05,B,B5,REDACTED,9 years,MORTGAGE,40000.0,Not Verified,Dec-2011,Fully Paid,n,,,debt_consolidation,Loan Application,61xxx,IL,20.16,0.0,Jan-2003,2.0,,,8.0,0.0,12248.0,79.5,13.0,f,0.0,0.0,17385.837084,17385.84,14400.0,2985.84,0.0,0.0,0.0,Jan-2015,496.51,,Dec-2014,0.0,,1.0,INDIVIDUAL,,,,0.0,,,,,,,,,,,,,,,,,,0.0
7946157,7807049,6000.0,6000.0,6000.0, 36 months,14.65,206.97,C,C3,REDACTED,7 years,RENT,34000.0,Not Verified,Dec-2011,Fully Paid,n,,,credit_card,Loan Application,20xxx,MD,21.39,0.0,Oct-2002,2.0,45.0,,7.0,0.0,6546.0,88.5,13.0,f,0.0,0.0,7463.19355868,7463.19,6000.0,1448.21,14.9811566894,0.0,0.0,Dec-2014,418.17,,Dec-2014,0.0,,1.0,INDIVIDUAL,,,,0.0,,,,,,,,,,,,,,,,,,0.0
4434598,3384546,22000.0,22000.0,21975.0, 36 months,15.96,773.03,C,C5,REDACTED,5 years,MORTGAGE,73000.0,Verified,Dec-2011,Fully Paid,n,,,debt_consolidation,Loan Application,61xxx,IL,22.47,0.0,Jan-1995,1.0,30.0,,16.0,0.0,26721.0,85.1,32.0,f,0.0,0.0,27811.7307407,27780.17,22000.0,5811.73,0.0,0.0,0.0,Jan-2015,819.9,,Jul-2015,0.0,,1.0,INDIVIDUAL,,,,0.0,,,,,,,,,,,,,,,,,,0.0
9007235,6248205,12000.0,12000.0,12000.0, 36 months,11.71,396.92,B,B3,REDACTED,10+ years,RENT,57200.0,Source Verified,Dec-2011,Charged Off,n,,,debt_consolidation,Loan Application,01xxx,MA,16.36,0.0,May-2000,0.0,,,11.0,0.0,22059.0,68.5,17.0,f,0.0,0.0,3564.9,3564.9,2613.54,951.36,0.0,0.0,0.0,Oct-2012,396.92,,Jan-2016,0.0,,1.0,INDIVIDUAL,,,,0.0,,,,,,,,,,,,,,,,,,1.0
7344648,2231579,16000.0,16000.0,16000.0, 36 months,16.77,568.62,D,D2,REDACTED,< 1 year,MORTGAGE,114000.0,Source Verified,Dec-2011,Fully Paid,n,,,debt_consolidation,Loan Application,64xxx,MO,17.2,0.0,Jul-1998,1.0,,,17.0,0.0,23096.0,64.2,34.0,f,0.0,0.0,20462.9062732,20462.91,16000.0,4462.91,0.0,0.0,0.0,Jan-2015,587.21,,Jan-2016,0.0,,1.0,INDIVIDUAL,,,,0.0,,,,,,,,,,,,,,,,,,0.0
2178674,7787788,10000.0,10000.0,10000.0, 36 months,10.65,325.74,B,B2,REDACTED,10+ years,MORTGAGE,90000.0,Not Verified,Dec-2011,Fully Paid,n,,,debt_consolidation,Loan Application,11xxx,NY,11.16,0.0,May-2000,1.0,,,15.0,0.0,30660.0,59.4,22.0,f,0.0,0.0,11723.7126323,11723.71,10000.0,1723.71,0.0,0.0,0.0,Jan-2015,336.85,,Dec-2014,0.0,,1.0,INDIVIDUAL,,,,0.0,,,,,,,,,,,,,,,,,,0.0
9520722,8244751,16000.0,11625.0,11368.7344561, 60 months,19.03,301.76,E,E2,REDACTED,8 years,MORTGAGE,54000.0,Source Verified,Dec-2011,Current,n,,,home_improvement,Loan Application,28xxx,NC,16.89,0.0,Feb-2004,0.0,52.0,,9.0,0.0,13771.0,56.2,22.0,f,3291.05,3291.05,14442.38,13819.42,8333.95,6108.43,0.0,0.0,0.0,Jan-2016,301.76,Feb-2016,Jan-2016,0.0,,1.0,INDIVIDUAL,,,,0.0,,,,,,,,,,,,,,,,,,
8914094,8905032,10000.0,10000.0,10000.0, 36 months,12.69,335.45,B,B5,REDACTED,2 years,RENT,35000.0,Source Verified,Dec-2011,Charged Off,n,,,debt_consolidation,Loan Application,40xxx,KY,12.03,0.0,Apr-2000,1.0,,,10.0,0.0,10472.0,84.6,15.0,f,0.0,0.0,7690.46,7690.46,5358.77,1671.4,0.0,660.29,6.4601,Oct-2013,335.45,,Feb-2014,0.0,,1.0,INDIVIDUAL,,,,0.0,,,,,,,,,,,,,,,,,,1.0
8698391,1760732,3500.0,3500.0,3500.0, 36 months,13.49,118.76,C,C1,REDACTED,7 years,RENT,56000.0,Not Verified,Dec-2011,Fully Paid,n,,,debt_consolidation,Loan Application,33xxx,FL,10.35,0.0,Jul-1989,2.0,47.0,,14.0,0.0,6943.0,54.2,37.0,f,0.0,0.0,3615.21,3615.21,3500.0,115.21,0.0,0.0,0.0,Mar-2012,3379.25,,Dec-2012,0.0,,1.0,INDIVIDUAL,,,,0.0,,,,,,,,,,,,,,,,,,0.0
7478452,2784991,9600.0,9600.0,9600.0, 36 months,9.91,309.36,B,B1,REDACTED,5 years,RENT,35000.0,Not Verified,Dec-2011,Fully Paid,n,,,debt_consolidation,Loan Application,27xxx,NC,16.49,0.0,Dec-1996,0.0,,,8.0,0.0,10980.0,79.0,16.0,f,0.0,0.0,11082.0496688,11082.05,9600.0,1482.05,0.0,0.0,0.0,Jun-2014,2124.39,,Jul-2014,0.0,,1.0,INDIVIDUAL,,,,0.0,,,,,,,,,,,,,,,,,,0.0
2526768,3598479,9875.0,9875.0,9875.0, 36 months,7.9,309.0,A,A4,REDACTED,10+ years,MORTGAGE,40000.0,Source Verified,Dec-2011,Fully Paid,n,,,debt_consolidation,Loan Application,10xxx,NY,24.03,0.0,Jun-2002,1.0,,,11.0,0.0,24129.0,63.7,16.0,f,0.0,0.0,11122.691055,11122.69,9875.0,1247.69,0.0,0.0,0.0,Jan-2015,314.45,,Jan-2015,0.0,,1.0,INDIVIDUAL,,,,0.0,,,,,,,,,,,,,,,,,,0.0
9311758,5658590,21500.0,16975.0,15953.4263944, 60 months,17.58,427.19,D,D4,REDACTED,2 years,OWN,59000.0,Verified,Dec-2011,Fully Paid,n,,,debt_consolidation,Loan Application,63xxx,MO,22.86,0.0,May-1990,1.0,75.0,,13.0,0.0,18723.0,81.8,16.0,f,0.0,0.0,19857.78,18048.15,16975.0,2882.78,0.0,0.0,0.0,Jan-2013,12653.57,,Sep-2013,0.0,,1.0,INDIVIDUAL,,,,0.0,,,,,,,,,,,,,,,,,,0.0
6460229,4254720,4800.0,4800.0,4800.0, 36 months,7.9,150.2,A,A4,REDACTED,6 years,RENT,48000.0,Source Verified,Dec-2011,Fully Paid,n,,,debt_consolidation,Loan Application,33xxx,FL,13.0,0.0,Feb-2006,1.0,,,7.0,0.0,2936.0,26.0,13.0,f,0.0,0.0,5080.25,5080.25,4800.0,280.25,0.0,0.0,0.0,Oct-2012,3731.1,,Dec-2015,0.0,,1.0,INDIVIDUAL,,,,0.0,,,,,,,,,,,,,,,,,,0.0
7288951,5795935,7800.0,7800.0,7800.0, 36 months,6.03,237.4,A,A1,REDACTED,10+ years,OWN,85000.0,Not Verified,Dec-2011,Fully Paid,n,,,major_purchase,Loan Application,89xxx,NV,0.78,0.0,Jul-1994,1.0,,,7.0,0.0,3878.0,6.2,12.0,f,0.0,0.0,8545.84036762,8545.84,7800.0,745.84,0.0,0.0,0.0,Jan-2015,4.89,,Mar-2015,0.0,,1.0,INDIVIDUAL,,,,0.0,,,,,,,,,,,,,,,,,,0.0
9218198,2506627,20000.0,20000.0,20000.0, 36 months,14.27,686.18,C,C2,REDACTED,10+ years,MORTGAGE,70000.0,Verified,Dec-2011,Fully Paid,n,,,credit_card,Loan Application,77xxx,TX,6.21,0.0,Sep-2001,1.0,,,6.0,0.0,12377.0,89.0,14.0,f,0.0,0.0,23996.94,23996.94,20000.0,3996.94,0.0,0.0,0.0,Nov-2013,8922.33,,Jan-2016,0.0,,1.0,INDIVIDUAL,,,,0.0,,,,,,,,,,,,,,,,,,0.0
5754532,3329328,9750.0,9750.0,9750.0, 36 months,7.51,303.34,A,A3,REDACTED,4 years,RENT,35000.0,Not Verified,Dec-2011,Charged Off,n,,,debt_consolidation,Loan Application,96xxx,HI,29.04,0.0,Sep-1996,1.0,,,9.0,0.0,13275.0,51.7,19.0,f,0.0,0.0,5150.83,5150.83,4327.31,823.52,0.0,0.0,0.0,May-2013,303.34,,Jan-2016,0.0,,1.0,INDIVIDUAL,,,,0.0,,,,,,,,,,,,,,,,,,1.0
5097128,2966391,18000.0,15050.0,14773.4575135, 60 months,15.96,365.67,C,C5,REDACTED,6 years,MORTGAGE,91000.0,Verified,Dec-2011,Fully Paid,n,,,credit_card,Loan Application,24xxx,VA,23.41,0.0,Mar-1984,2.0,,,13.0,0.0,46957.0,67.0,38.0,f,0.0,0.0,18879.1,18295.98,15050.0,3829.1,0.0,0.0,0.0,Oct-2013,11241.88,,Jan-2016,0.0,,1.0,INDIVIDUAL,,,,0.0,,,,,,,,,,,,,,,,,,0.0
4545050,1403497,5000.0,5000.0,5000.0, 36 months,6.03,152.18,A,A1,REDACTED,9 years,MORTGAGE,30000.0,Not Verified,Dec-2011,Fully Paid,n,,,other,Loan Application,92xxx,CA,16.48,0.0,Jun-2000,0.0,,,7.0,0.0,5881.0,25.6,16.0,f,0.0,0.0,5451.0297879,5451.03,5000.0,451.03,0.0,0.0,0.0,Apr-2014,1344.77,,Oct-2014,0.0,,1.0,INDIVIDUAL,,,,0.0,,,,,,,,,,,,,,,,,,0.0
7645417,6085597,9000.0,9000.0,9000.0, 36 months,14.65,310.45,C,C3,REDACTED,4 years,RENT,45000.0,Source Verified,Dec-2011,Fully Paid,n,,,debt_consolidation,Loan Application,11xxx,NY,17.01,1.0,Nov-1995,1.0,20.0,85.0,21.0,1.0,10464.0,50.0,51.0,f,0.0,0.0,10750.2,10750.2,9000.0,1750.2,0.0,0.0,0.0,Sep-2013,4548.72,,Sep-2013,0.0,,1.0,INDIVIDUAL,,,,0.0,,,,,,,,,,,,,,,,,,0.0
2627465,8499716,7200.0,7200.0,7175.0, 36 months,7.9,225.29,A,A4,REDACTED,1 year,RENT,55000.0,Not Verified,Dec-2011,Fully Paid,n,,,debt_consolidation,Loan Application,33xxx,FL,11.98,0.0,May-2006,0.0,,,11.0,0.0,5862.0,46.1,14.0,f,0.0,0.0,8109.2597076,8081.11,7200.0,909.26,0.0,0.0,0.0,Jan-2015,232.43,,Dec-2014,0.0,,1.0,INDIVIDUAL,,,,0.0,,,,,,,,,,,,,,,,,,0.0
9561594,9657584,3000.0,3000.0,3000.0, 60 months,19.03,77.88,E,E2,REDACTED,3 years,RENT,53004.0,Source Verified,Dec-2011,Current,n,,,other,Loan Application,33xxx,FL,10.73,1.0,Aug-2003,2.0,19.0,,3.0,0.0,1985.0,79.4,12.0,f,848.45,848.45,3729.4,3729.4,2151.55,1577.85,0.0,0.0,0.0,Dec-2015,77.88,Feb-2016,Jan-2016,0.0,,1.0,INDIVIDUAL,,,,0.0,,,,,,,,,,,,,,,,,,
8862202,2767856,25000.0,25000.0,23505.2938421, 60 months,19.42,654.31,E,E3,REDACTED,10+ years,RENT,60000.0,Verified,Dec-2011,Charged Off,n,,,credit_card,Loan Application,94xxx,CA,20.04,0.0,Aug-2000,0.0,,,12.0,0.0,17035.0,94.9,24.0,f,0.0,0.0,26721.85,23057.3,11624.71,11255.08,0.0,3842.06,687.78,Dec-2014,654.31,,Jan-2016,0.0,,1.0,INDIVIDUAL,,,,0.0,,,,,,,,,,,,,,,,,,1.0
1071990,4642316,25000.0,25000.0,25000.0, 36 months,15.27,869.95,C,C4,REDACTED,8 years,OWN,82000.0,Verified,Dec-2011,Fully Paid,n,,,debt_consolidation,Loan Application,91xxx,CA,18.5,0.0,Sep-2002,2.0,,,7.0,0.0,18223.0,70.6,23.0,f,0.0,0.0,28094.27,28094.27,25000.0,3094.27,0.0,0.0,0.0,Nov-2012,19410.22,,Jan-2015,0.0,,1.0,INDIVIDUAL,,,,0.0,,,,,,,,,,,,,,,,,,0.0
6945623,1064242,10000.0,10000.0,10000.0, 36 months,15.96,351.38,C,C5,REDACTED,10+ years,RENT,53000.0,Verified,Dec-2011,Fully Paid,n,,,debt_consolidation,Loan Application,96xxx,CA,13.09,0.0,Nov-1999,1.0,,,9.0,0.0,23870.0,77.2,19.0,f,0.0,0.0,12641.9665755,12641.97,10000.0,2641.97,0.0,0.0,0.0,Jan-2015,371.75,,Dec-2014,0.0,,1.0,INDIVIDUAL,,,,0.0,,,,,,,,,,,,,,,,,,0.0
8343550,2118613,8875.0,8875.0,8875.0, 36 months,12.69,297.72,B,B5,REDACTED,5 years,MORTGAGE,35360.0,Verified,Dec-2011,Charged Off,n,,,debt_consolidation,Loan Application,18xxx,PA,23.11,0.0,Sep-2005,1.0,,,9.0,0.0,13003.0,71.1,13.0,f,0.0,0.0,2046.9,2046.9,1251.86,528.58,0.0,266.46,2.96,Jun-2012,297.72,,Nov-2012,0.0,,1.0,INDIVIDUAL,,,,0.0,,,,,,,,,,,,,,,,,,1.0
5166456,3667485,15550.0,15550.0,15525.0, 36 months,11.71,514.34,B,B3,REDACTED,10+ years,RENT,54000.0,Verified,Dec-2011,Fully Paid,n,,,debt_consolidation,Loan Application,33xxx,FL,23.36,0.0,Jul-1998,0.0,,,9.0,0.0,22455.0,89.8,16.0,f,0.0,0.0,18510.724981,18480.99,15550.0,2960.72,0.0,0.0,0.0,Jan-2015,534.3,,Dec-2014,0.0,,1.0,INDIVIDUAL,,,,0.0,,,,,,,,,,,,,,,,,,0.0
9660621,8704199,17000.0,17000.0,16060.1106911, 60 months,15.27,406.85,C,C4,REDACTED,8 years,RENT,65000.0,Not Verified,Dec-2011,Current,n,,,debt_consolidation,Loan Application,07xxx,NJ,16.84,0.0,Nov-1998,2.0,33.0,,11.0,0.0,12923.0,62.7,16.0,f,4525.87,4525.87,19520.54,17601.18,12474.13,7026.07,20.34,0.0,0.0,Dec-2015,406.85,Feb-2016,Jan-2016,0.0,,1.0,INDIVIDUAL,,,,0.0,,,,,,,,,,,,,,,,,,
1842225,8416582,7500.0,7500.0,7475.0, 36 months,12.69,251.59,B,B5,REDACTED,5 years,RENT,65000.0,Not Verified,Dec-2011,Fully Paid,n,,,credit_card,Loan Application,90xxx,CA,4.41,0.0,Mar-2007,2.0,,,15.0,0.0,5927.0,35.5,22.0,f,0.0,0.0,9051.84301793,9021.7,7500.0,1551.84,0.0,0.0,0.0,Jan-2015,270.37,,Jan-2016,0.0,,1.0,INDIVIDUAL,,,,0.0,,,,,,,,,,,,,,,,,,0.0
9188300,8766200,8875.0,8875.0,8875.0, 36 months,8.9,281.81,A,A5,REDACTED,6 years,OWN,28800.0,Not Verified,Dec-2011,Fully Paid,n,,,debt_consolidation,Loan Application,92xxx,CA,24.29,0.0,Sep-1998,0.0,,,10.0,0.0,8890.0,69.5,23.0,f,0.0,0.0,10143.3821914,10143.38,8875.0,1268.38,0.0,0.0,0.0,Jan-2015,291.21,,Jan-2016,0.0,,1.0,INDIVIDUAL,,,,0.0,,,,,,,,,,,,,,,,,,0.0
6847029,2808905,4500.0,4500.0,4500.0, 36 months,17.27,161.05,D,D3,REDACTED,1 year,RENT,42000.0,Not Verified,Dec-2011,Fully Paid,n,,,credit_card,Loan Application,43xxx,OH,4.34,0.0,Mar-2008,0.0,,,3.0,0.0,3424.0,68.5,3.0,f,0.0,0.0,5505.07469031,5505.07,4500.0,1005.07,0.0,0.0,0.0,Jul-2014,182.85,,Jul-2014,0.0,,1.0,INDIVIDUAL,,,,0.0,,,,,,,,,,,,,,,,,,0.0
4662305,7784979,5800.0,5800.0,5800.0, 36 months,12.42,193.81,B,B4,REDACTED,3 years,RENT,36000.0,Not Verified,Dec-2011,Fully Paid,n,,,debt_consolidation,Loan Application,78xxx,TX,21.67,0.0,Nov-2000,1.0,38.0,,9.0,0.0,6558.0,66.9,20.0,f,0.0,0.0,6975.27607766,6975.28,5800.0,1175.28,0.0,0.0,0.0,Jan-2015,200.51,,Jan-2016,0.0,,1.0,INDIVIDUAL,,,,0.0,,,,,,,,,,,,,,,,,,0.0
6146686,7628330,10000.0,10000.0,10000.0, 36 months,11.71,330.76,B,B3,REDACTED,2 years,RENT,40000.0,Not Verified,Dec-2011,Fully Paid,n,,,debt_consolidation,Loan Application,07xxx,NJ,22.26,0.0,Aug-1998,1.0,70.0,,8.0,0.0,11145.0,47.4,17.0,f,0.0,0.0,11816.1434269,11816.14,10000.0,1816.14,0.0,0.0,0.0,Jun-2014,2571.77,,Jan-2016,0.0,,1.0,INDIVIDUAL,,,,0.0,,,,,,,,,,,,,,,,,,0.0
4800574,9971062,10000.0,10000.0,10000.0, 36 months,9.91,322.25,B,B1,REDACTED,4 years,RENT,50000.0,Not Verified,Dec-2011,Fully Paid,n,,,credit_card,Loan Application,30xxx,GA,19.06,0.0,Apr-1994,0.0,69.0,,11.0,0.0,10898.0,88.6,28.0,f,0.0,0.0,11398.55,11398.55,10000.0,1398.55,0.0,0.0,0.0,Dec-2013,4002.95,,Jan-2016,0.0,,1.0,INDIVIDUAL,,,,0.0,,,,,,,,,,,,,,,,,,0.0
8336674,6998828,14000.0,14000.0,14000.0, 36 months,11.71,463.07,B,B3,REDACTED,1 year,RENT,52000.0,Not Verified,Dec-2011,Fully Paid,n,,,credit_card,Loan Application,94xxx,CA,12.97,0.0,Jan-2005,1.0,,,6.0,0.0,13008.0,57.9,8.0,f,0.0,0.0,15609.96,15609.96,14000.0,1609.96,0.0,0.0,0.0,Feb-2013,9596.96,,Feb-2013,0.0,,1.0,INDIVIDUAL,,,,0.0,,,,,,,,,,,,,,,,,,0.0
5621448,4820583,25000.0,25000.0,23176.933614, 60 months,19.03,648.93,E,E2,REDACTED,3 years,MORTGAGE,85000.0,Verified,Dec-2011,Current,n,,,credit_card,Loan Application,22xxx,VA,17.15,1.0,Oct-2005,1.0,18.0,,7.0,0.0,15814.0,87.9,19.0,f,7056.13,7048.97,31161.59,26759.52,17943.87,13185.27,32.45,0.0,0.0,Dec-2015,648.93,Feb-2016,Jan-2016,0.0,,1.0,INDIVIDUAL,,,,0.0,,,,,,,,,,,,,,,,,,
6299406,7014908,12000.0,12000.0,12000.0, 36 months,8.9,381.04,A,A5,REDACTED,3 years,RENT,32000.0,Source Verified,Dec-2011,Charged Off,n,,,debt_consolidation,Loan Application,97xxx,OR,6.75,0.0,Nov-2005,0.0,,,9.0,0.0,5329.0,59.2,12.0,f,0.0,0.0,8740.16,8740.16,6603.89,1390.81,0.0,745.46,7.4546000016,Sep-2013,381.04,,Feb-2014,0.0,,1.0,INDIVIDUAL,,,,0.0,,,,,,,,,,,,,,,,,,1.0
8710519,5566874,24000.0,24000.0,23975.0, 36 months,7.9,750.97,A,A4,REDACTED,6 years,OWN,75000.0,Verified,Dec-2011,Fully Paid,n,,,debt_consolidation,Loan Application,33xxx,FL,10.58,0.0,Jul-1986,2.0,,,9.0,0.0,26098.0,45.0,22.0,f,0.0,0.0,27033.3315289,27005.18,24000.0,3033.33,0.0,0.0,0.0,Jan-2015,759.52,,Jan-2016,0.0,,1.0,INDIVIDUAL,,,,0.0,,,,,,,,,,,,,,,,,,0.0
8252931,2781837,14000.0,14000.0,14000.0, 36 months,14.27,480.33,C,C2,REDACTED,< 1 year,RENT,80000.0,Not Verified,Dec-2011,Fully Paid,n,,,credit_card,Loan Application,10xxx,NY,3.3,0.0,Dec-2005,1.0,35.0,,10.0,0.0,7085.0,59.0,14.0,f,0.0,0.0,17230.0765228,17230.08,14000.0,3230.08,0.0,0.0,0.0,Aug-2014,2364.03,,Sep-2014,0.0,,1.0,INDIVIDUAL,,,,0.0,,,,,,,,,,,,,,,,,,0.0
2261447,9365669,12000.0,12000.0,11975.0, 36 months,8.9,381.04,A,A5,REDACTED,7 years,MORTGAGE,40246.0,Verified,Dec-2011,Fully Paid,n,,,credit_card,Loan Application,85xxx,AZ,17.08,0.0,Aug-1999,0.0,,,7.0,0.0,14573.0,72.2,24.0,f,0.0,0.0,13736.4111926,13707.8,12000.0,1717.36,19.05,0.0,0.0,Jan-2015,418.47,,Jan-2016,0.0,,1.0,INDIVIDUAL,,,,0.0,,,,,,,,,,,,,,,,,,0.0
7862579,1023971,15000.0,15000.0,14224.1077399, 60 months,12.69,338.93,B,B5,REDACTED,3 years,OWN,30000.0,Verified,Dec-2011,Charged Off,n,,,debt_consolidation,Loan Application,08xxx,NJ,24.76,0.0,Jun-2004,1.0,,,7.0,0.0,16876.0,65.7,17.0,f,0.0,0.0,9543.84,8138.48,4881.73,3227.63,0.0,1434.48,14.0952,Dec-2013,338.93,,May-2014,0.0,,1.0,INDIVIDUAL,,,,0.0,,,,,,,,,,,,,,,,,,1.0
9769949,5415082,8050.0,8050.0,8050.0, 36 months,12.69,270.04,B,B5,REDACTED,1 year,RENT,36000.0,Source Verified,Dec-2011,Charged Off,n,,,debt_consolidation,Loan Application,98xxx,WA,14.8,0.0,May-2007,0.0,,,4.0,0.0,12000.0,81.3,7.0,f,0.0,0.0,1330.92,1330.92,748.57,327.43,0.0,254.92,2.82,Apr-2012,270.04,,Sep-2012,0.0,,1.0,INDIVIDUAL,,,,0.0,,,,,,,,,,,,,,,,,,1.0
1623974,3865616,5600.0,5600.0,5600.0, 36 months,10.65,182.42,B,B2,REDACTED,6 years,RENT,60000.0,Not Verified,Dec-2011,Fully Paid,n,,,debt_consolidation,Loan Application,95xxx,CA,16.36,1.0,Apr-1999,0.0,4.0,90.0,11.0,1.0,2238.0,12.4,25.0,f,0.0,0.0,6564.33417452,6564.33,5600.0,964.33,0.0,0.0,0.0,Jan-2015,192.37,,Jan-2016,0.0,,1.0,INDIVIDUAL,,,,0.0,,,,,,,,,,,,,,,,,,0.0
9433934,8066234,7500.0,7500.0,7500.0, 36 months,9.91,241.69,B,B1,REDACTED,3 years,RENT,31200.0,Not Verified,Dec-2011,Fully Paid,n,,,credit_card,Loan Application,92xxx,CA,12.35,0.0,Oct-2005,0.0,,,14.0,0.0,7790.0,57.3,18.0,f,0.0,0.0,8548.15,8548.15,7500.0,1048.15,0.0,0.0,0.0,Dec-2013,3005.84,,Dec-2013,0.0,,1.0,INDIVIDUAL,,,,0.0,,,,,,,,,,,,,,,,,,0.0
2705076,1602793,7000.0,7000.0,7000.0, 36 months,11.71,231.54,B,B3,REDACTED,10+ years,RENT,90000.0,Verified,Dec-2011,Fully Paid,n,,,credit_card,Loan Application,21xxx,MD,12.19,0.0,Aug-1998,0.0,,,13.0,0.0,28060.0,93.8,25.0,f,0.0,0.0,8332.09758105,8332.1,7000.0,1332.1,0.0,0.0,0.0,Jan-2015,243.02,,Dec-2014,0.0,,1.0,INDIVIDUAL,,,,0.0,,,,,,,,,,,,,,,,,,0.0
2124160,8137749,5400.0,5400.0,5400.0, 36 months,7.9,168.97,A,A4,REDACTED,4 years,RENT,40000.0,Not Verified,Dec-2011,Fully Paid,n,,,debt_consolidation,Loan Application,65xxx,MO,10.89,0.0,Jul-1993,0.0,,,5.0,0.0,8855.0,77.0,15.0,f,0.0,0.0,6081.93480181,6081.93,5400.0,681.93,0.0,0.0,0.0,Jan-2015,174.22,,Jan-2016,0.0,,1.0,INDIVIDUAL,,,,0.0,,,,,,,,,,,,,,,,,,0.0
5226953,4416087,16000.0,16000.0,16000.0, 36 months,12.42,534.65,B,B4,REDACTED,1 year,RENT,90000.0,Verified,Dec-2011,Fully Paid,n,,,credit_card,Loan Application,19xxx,PA,13.67,0.0,Oct-2002,2.0,,,11.0,0.0,22488.0,65.2,19.0,f,0.0,0.0,19242.0198828,19242.02,16000.0,3242.02,0.0,0.0,0.0,Jan-2015,553.45,,Jan-2016,0.0,,1.0,INDIVIDUAL,,,,0.0,,,,,,,,,,,,,,,,,,0.0
8030470,6499725,35000.0,27575.0,26043.4324926, 60 months,12.42,619.26,B,B4,REDACTED,9 years,MORTGAGE,105000.0,Verified,Dec-2011,Fully Paid,n,,,home_improvement,Loan Application,78xxx,TX,16.53,0.0,Aug-1990,0.0,43.0,,9.0,0.0,15523.0,25.0,38.0,f,0.0,0.0,34439.9758013,31713.96,27575.0,6864.98,0.0,0.0,0.0,Jun-2014,14468.07,,Jul-2014,0.0,,1.0,INDIVIDUAL,,,,0.0,,,,,,,,,,,,,,,,,,0.0
5227249,3592664,6000.0,6000.0,6000.0, 60 months,7.9,121.38,A,A4,REDACTED,< 1 year,RENT,30084.0,Verified,Dec-2011,Charged Off,n,,,debt_consolidation,Loan Application,41xxx,KY,1.68,0.0,Jul-1994,0.0,,,6.0,0.0,2192.0,10.0,15.0,f,0.0,0.0,3662.31,3662.31,2298.98,836.88,0.0,526.45,5.0643,Feb-2014,121.38,,Jul-2014,0.0,,1.0,INDIVIDUAL,,,,0.0,,,,,,,,,,,,,,,,,,1.0
1247059,6531368,4125.0,4125.0,4125.0, 60 months,12.69,93.21,B,B5,REDACTED,10+ years,MORTGAGE,36000.0,Not Verified,Dec-2011,Current,n,,,car,Loan Application,48xxx,MI,17.73,0.0,Sep-2002,4.0,38.0,,5.0,0.0,5346.0,37.6,21.0,f,1054.59,1054.59,4457.96,4457.96,3070.41,1387.55,0.0,0.0,0.0,Dec-2015,93.21,Feb-2016,Jan-2016,0.0,,1.0,INDIVIDUAL,,,,0.0,,,,,,,,,,,,,,,,,,
2000844,8239530,9800.0,9800.0,9800.0, 36 months,16.29,345.95,D,D1,REDACTED,4 years,RENT,67000.0,Not Verified,Dec-2011,Fully Paid,n,,,credit_card,Loan Application,94xxx,CA,21.01,0.0,May-1992,2.0,39.0,,14.0,0.0,21366.0,44.9,18.0,f,0.0,0.0,12159.38,12159.38,9800.0,2359.38,0.0,0.0,0.0,Jan-2014,3866.0,,Jan-2016,0.0,,1.0,INDIVIDUAL,,,,0.0,,,,,,,,,,,,,,,,,,0.0
3746283,9625441,15700.0,15700.0,14931.3097035, 60 months,18.25,400.82,D,D5,REDACTED,10+ years,MORTGAGE,63000.0,Source Verified,Dec-2011,Current,n,,,debt_consolidation,Loan Application,33xxx,FL,17.43,0.0,Dec-1999,1.0,,,12.0,0.0,9196.0,63.0,16.0,f,4380.32,4380.32,19209.98,17407.58,11319.68,7890.3,0.0,0.0,0.0,Dec-2015,400.82,Feb-2016,Jan-2016,0.0,,1.0,INDIVIDUAL,,,,0.0,,,,,,,,,,,,,,,,,,
7096024,7960026,5000.0,5000.0,5000.0, 36 months,6.62,153.52,A,A2,REDACTED,1 year,RENT,276000.0,Source Verified,Dec-2011,Fully Paid,n,,,debt_consolidation,Loan Application,33xxx,FL,1.82,0.0,Jun-2004,0.0,,,7.0,0.0,15175.0,56.0,18.0,f,0.0,0.0,5524.93647169,5524.94,5000.0,524.94,0.0,0.0,0.0,Jan-2015,166.04,,Dec-2014,0.0,,1.0,INDIVIDUAL,,,,0.0,,,,,,,,,,,,,,,,,,0.0
1520597,9495747,9900.0,9900.0,9900.0, 36 months,11.71,327.46,B,B3,REDACTED,6 years,RENT,26400.0,Verified,Dec-2011,Fully Paid,n,,,debt_consolidation,Loan Application,43xxx,OH,14.09,0.0,Apr-1994,0.0,,91.0,4.0,1.0,7911.0,88.9,11.0,f,0.0,0.0,11783.1375424,11783.14,9900.0,1883.14,0.0,0.0,0.0,Jan-2015,347.26,,Jan-2016,0.0,,1.0,INDIVIDUAL,,,,0.0,,,,,,,,,,,,,,,,,,0.0
4198328,3583280,4000.0,4000.0,4000.0, 36 months,11.71,132.31,B,B3,REDACTED,,RENT,24000.0,Source Verified,Dec-2011,Fully Paid,n,,,home_improvement,Loan Application,32xxx,FL,7.5,1.0,Feb-2005,0.0,16.0,,4.0,0.0,1593.0,54.9,6.0,f,0.0,0.0,4185.93,4185.93,4000.0,185.93,0.0,0.0,0.0,May-2012,3658.15,,May-2012,0.0,,1.0,INDIVIDUAL,,,,0.0,,,,,,,,,,,,,,,,,,0.0
7218927,6534099,15000.0,15000.0,15000.0, 36 months,11.71,496.14,B,B3,REDACTED,3 years,MORTGAGE,68400.0,Source Verified,Dec-2011,Fully Paid,n,,,debt_consolidation,Loan Application,32xxx,FL,5.7,0.0,Jul-2000,0.0,,,5.0,0.0,9368.0,82.2,9.0,f,0.0,0.0,17857.8799053,17857.88,15000.0,2857.88,0.0,0.0,0.0,Jan-2015,508.58,,Nov-2015,0.0,,1.0,INDIVIDUAL,,,,0.0,,,,,,,,,,,,,,,,,,0.0
6965599,7691534,6250.0,6250.0,6250.0, 36 months,15.96,219.61,C,C5,REDACTED,1 year,RENT,29120.0,Not Verified,Dec-2011,Fully Paid,n,,,debt_consolidation,Loan Application,54xxx,WI,20.85,0.0,Dec-1999,3.0,,,5.0,0.0,5771.0,88.8,12.0,f,0.0,0.0,7901.70400329,7901.7,6250.0,1651.7,0.0,0.0,0.0,Jan-2015,231.21,,Jan-2016,0.0,,1.0,INDIVIDUAL,,,,0.0,,,,,,,,,,,,,,,,,,0.0
1100657,9361998,6400.0,6400.0,6400.0, 36 months,16.29,225.93,D,D1,REDACTED,< 1 year,RENT,29120.0,Not Verified,Dec-2011,Fully Paid,n,,,debt_consolidation,Loan Application,54xxx,WI,17.97,0.0,Jun-2001,1.0,,,6.0,0.0,5866.0,94.6,14.0,f,0.0,0.0,8131.3194932,8131.32,6400.0,1731.32,0.0,0.0,0.0,Jan-2015,230.53,,Jan-2016,0.0,,1.0,INDIVIDUAL,,,,0.0,,,,,,,,,,,,,,,,,,0.0
1665823,4742160,8850.0,8850.0,8850.0, 60 months,13.49,203.6,C,C1,REDACTED,10+ years,MORTGAGE,89122.0,Source Verified,Dec-2011,Fully Paid,n,,,major_purchase,Loan Application,89xxx,NV,7.67,0.0,Nov-1995,0.0,33.0,,17.0,0.0,5633.0,84.7,38.0,f,0.0,0.0,12021.0600184,12021.06,8850.0,3171.06,0.0,0.0,0.0,Dec-2015,2655.46,,Jan-2016,0.0,,1.0,INDIVIDUAL,,,,0.0,,,,,,,,,,,,,,,,,,0.0
7940942,4742102,12000.0,12000.0,12000.0, 36 months,15.27,417.58,C,C4,REDACTED,4 years,MORTGAGE,54000.0,Not Verified,Dec-2011,Fully Paid,n,,,debt_consolidation,Loan Application,08xxx,NJ,17.07,0.0,Oct-1991,1.0,56.0,,10.0,0.0,15723.0,61.0,34.0,f,0.0,0.0,15021.3258056,15021.33,12000.0,3021.33,0.0,0.0,0.0,Jan-2015,450.23,,Jan-2016,0.0,,1.0,INDIVIDUAL,,,,0.0,,,,,,,,,,,,,,,,,,0.0
9606024,3559401,15000.0,15000.0,14975.0, 36 months,8.9,476.3,A,A5,REDACTED,5 years,MORTGAGE,30000.0,Verified,Dec-2011,Fully Paid,n,,,debt_consolidation,Loan Application,71xxx,AR,6.48,0.0,Sep-2000,1.0,,,6.0,0.0,5649.0,25.2,10.0,f,0.0,0.0,17018.6506125,16990.3,15000.0,2018.65,0.0,0.0,0.0,Apr-2014,4183.77,,Dec-2014,0.0,,1.0,INDIVIDUAL,,,,0.0,,,,,,,,,,,,,,,,,,0.0
7433958,3108044,6500.0,6500.0,6500.0, 36 months,14.27,223.01,C,C2,REDACTED,4 years,MORTGAGE,30000.0,Not Verified,Dec-2011,Fully Paid,n,,,credit_card,Loan Application,98xxx,WA,10.12,0.0,Mar-2003,0.0,48.0,,5.0,0.0,10843.0,81.5,9.0,f,0.0,0.0,7994.1555559,7994.16,6500.0,1494.16,0.0,0.0,0.0,Dec-2014,228.19,,Dec-2014,0.0,,1.0,INDIVIDUAL,,,,0.0,,,,,,,,,,,,,,,,,,0.0
2332500,7099930,8000.0,8000.0,8000.0, 36 months,15.96,281.1,C,C5,REDACTED,10+ years,RENT,50000.0,Not Verified,Dec-2011,Fully Paid,n,,,credit_card,Loan Application,06xxx,CT,16.34,1.0,May-1999,1.0,21.0,,10.0,0.0,7634.0,81.2,18.0,f,0.0,0.0,10113.71096,10113.71,8000.0,2113.71,0.0,0.0,0.0,Jan-2015,297.31,,Jan-2016,0.0,,1.0,INDIVIDUAL,,,,0.0,,,,,,,,,,,,,,,,,,0.0
6049993,4449764,30000.0,19825.0,18614.4655746, 60 months,21.28,539.47,F,F2,REDACTED,6 years,MORTGAGE,92000.0,Source Verified,Dec-2011,Current,n,,,home_improvement,Loan Application,06xxx,CT,17.57,0.0,Mar-1988,2.0,27.0,,17.0,0.0,36497.0,74.5,62.0,f,5785.16,5785.16,25893.0,22627.64,14039.85,11853.15,0.0,0.0,0.0,Dec-2015,539.47,Feb-2016,Jan-2016,0.0,,1.0,INDIVIDUAL,,,,0.0,,,,,,,,,,,,,,,,,,
7503870,3414319,15000.0,15000.0,15000.0, 36 months,14.65,517.42,C,C3,REDACTED,10+ years,MORTGAGE,100500.0,Source Verified,Dec-2011,Fully Paid,n,,,credit_card,Loan Application,08xxx,NJ,14.56,0.0,May-2002,2.0,,,8.0,0.0,11736.0,74.3,14.0,f,0.0,0.0,16915.33,16915.33,15000.0,1915.33,0.0,0.0,0.0,Dec-2012,11232.83,,Feb-2013,0.0,,1.0,INDIVIDUAL,,,,0.0,,,,,,,,,,,,,,,,,,0.0
7722187,8886443,10200.0,10200.0,10200.0, 36 months,14.27,349.96,C,C2,REDACTED,3 years,RENT,40000.0,Not Verified,Dec-2011,Fully Paid,n,,,debt_consolidation,Loan Application,95xxx,CA,16.53,0.0,Jan-2007,1.0,,,7.0,0.0,9428.0,80.6,10.0,f,0.0,0.0,12182.11,12182.11,10200.0,1982.11,0.0,0.0,0.0,Oct-2013,4856.49,,Jan-2015,0.0,,1.0,INDIVIDUAL,,,,0.0,,,,,,,,,,,,,,,,,,0.0
8935440,2833919,9000.0,9000.0,9000.0, 36 months,12.42,300.74,B,B4,REDACTED,5 years,MORTGAGE,47000.0,Not Verified,Dec-2011,Fully Paid,n,,,credit_card,Loan Application,34xxx,FL,19.1,0.0,May-1994,0.0,46.0,,7.0,0.0,4012.0,47.2,17.0,f,0.0,0.0,10823.1032433,10823.1,9000.0,1823.1,0.0,0.0,0.0,Jan-2015,313.32,,Dec-2014,0.0,,1.0,INDIVIDUAL,,,,0.0,,,,,,,,,,,,,,,,,,0.0
2369929,1937046,6500.0,6500.0,6500.0, 36 months,16.29,229.46,D,D1,REDACTED,3 years,MORTGAGE,68000.0,Not Verified,Dec-2011,Fully Paid,n,,,debt_consolidation,Loan Application,34xxx,FL,21.85,0.0,May-1996,1.0,,,11.0,0.0,10075.0,92.4,17.0,f,0.0,0.0,8195.24288805,8195.24,6500.0,1695.24,0.0,0.0,0.0,Jun-2014,1547.92,,Jan-2016,0.0,,1.0,INDIVIDUAL,,,,0.0,,,,,,,,,,,,,,,,,,0.0
1493215,9407873,23000.0,23000.0,23000.0, 60 months,21.28,625.86,F,F2,REDACTED,8 years,MORTGAGE,95000.0,Verified,Dec-2011,Fully Paid,n,,,debt_consolidation,Loan Application,48xxx,MI,8.94,0.0,Jul-2001,0.0,,,9.0,0.0,9826.0,99.3,35.0,f,0.0,0.0,30964.69,30964.69,23000.0,7964.69,0.0,0.0,0.0,Oct-2013,17827.7,,Jan-2016,0.0,,1.0,INDIVIDUAL,,,,0.0,,,,,,,,,,,,,,,,,,0.0
1762889,6184059,2000.0,2000.0,2000.0, 36 months,7.9,62.59,A,A4,REDACTED,4 years,RENT,39600.0,Not Verified,Dec-2011,Fully Paid,n,,,credit_card,Loan Application,92xxx,CA,5.09,0.0,Oct-1998,0.0,,,8.0,0.0,2058.0,79.2,13.0,f,0.0,0.0,2252.26999733,2252.27,2000.0,252.27,0.0,0.0,0.0,Dec-2014,65.78,,Sep-2015,0.0,,1.0,INDIVIDUAL,,,,0.0,,,,,,,,,,,,,,,,,,0.0
5782061,9911462,8000.0,8000.0,8000.0, 36 months,13.49,271.45,C,C1,REDACTED,3 years,OWN,30000.0,Verified,Dec-2011,Fully Paid,n,,,debt_consolidation,Loan Application,92xxx,CA,14.48,0.0,Dec-2002,2.0,,,11.0,0.0,6266.0,44.1,21.0,f,0.0,0.0,9767.17100778,9767.17,8000.0,1767.17,0.0,0.0,0.0,Dec-2014,287.22,,Dec-2014,0.0,,1.0,INDIVIDUAL,,,,0.0,,,,,,,,,,,,,,,,,,0.0
2961802,4496317,8875.0,8875.0,8875.0, 36 months,7.51,276.11,A,A3,REDACTED,1 year,RENT,30000.0,Verified,Dec-2011,Fully Paid,n,,,debt_consolidation,Loan Application,41xxx,KY,28.4,0.0,May-1983,0.0,,,11.0,0.0,29470.0,83.7,27.0,f,0.0,0.0,9738.77,9738.77,8875.0,863.77,0.0,0.0,0.0,Sep-2013,4226.2,,Oct-2013,0.0,,1.0,INDIVIDUAL,,,,0.0,,,,,,,,,,,,,,,,,,0.0
4419817,3325931,1500.0,1500.0,1500.0, 36 months,18.64,54.72,E,E1,REDACTED,< 1 year,RENT,17000.0,Source Verified,Dec-2011,Charged Off,n,,,other,Loan Application,44xxx,OH,4.59,0.0,Sep-2007,3.0,,,10.0,0.0,1497.0,99.8,15.0,f,0.0,0.0,560.69,560.69,300.67,191.27,0.0,68.75,0.65,Sep-2012,54.72,,Feb-2013,0.0,,1.0,INDIVIDUAL,,,,0.0,,,,,,,,,,,,,,,,,,1.0
7281826,9247581,8000.0,8000.0,8000.0, 36 months,12.42,267.33,B,B4,REDACTED,3 years,RENT,42000.0,Not Verified,Dec-2011,Fully Paid,n,,,debt_consolidation,Loan Application,19xxx,PA,20.26,0.0,Sep-2002,0.0,,,4.0,0.0,12035.0,85.4,11.0,f,0.0,0.0,9638.08234049,9638.08,8000.0,1623.08,15.0,0.0,0.0,Jan-2015,13.95,,Jan-2015,0.0,,1.0,INDIVIDUAL,,,,0.0,,,,,,,,,,,,,,,,,,0.0
9290318,8792630,20000.0,16925.0,11925.0, 60 months,14.65,399.55,C,C3,REDACTED,10+ years,RENT,75000.0,Verified,Dec-2011,Charged Off,n,,,debt_consolidation,Loan Application,91xxx,CA,16.51,0.0,Nov-1995,2.0,,,10.0,0.0,21513.0,74.9,16.0,f,0.0,0.0,3612.52,2544.34,1819.26,1773.35,19.9121868438,0.0,0.0,Sep-2012,819.08,,Jan-2016,0.0,,1.0,INDIVIDUAL,,,,0.0,,,,,,,,,,,,,,,,,,1.0
3241388,8484780,6500.0,6500.0,6500.0, 36 months,11.71,215.0,B,B3,REDACTED,4 years,RENT,42000.0,Not Verified,Dec-2011,Fully Paid,n,,,credit_card,Loan Application,02xxx,MA,6.26,0.0,Jan-2007,0.0,,,5.0,0.0,10139.0,63.8,11.0,f,0.0,0.0,7727.50005069,7727.5,6500.0,1227.5,0.0,0.0,0.0,Sep-2014,863.1,,Oct-2014,0.0,,1.0,INDIVIDUAL,,,,0.0,,,,,,,,,,,,,,,,,,0.0
7822346,5489582,9600.0,9600.0,9600.0, 36 months,13.49,325.74,C,C1,REDACTED,3 years,MORTGAGE,27000.0,Source Verified,Dec-2011,Fully Paid,n,,,debt_consolidation,Loan Application,12xxx,NY,10.22,0.0,Dec-2001,2.0,,,12.0,0.0,7387.0,84.9,27.0,f,0.0,0.0,11408.78,11408.78,9600.0,1808.78,0.0,0.0,0.0,Dec-2013,4254.59,,Dec-2013,0.0,,1.0,INDIVIDUAL,,,,0.0,,,,,,,,,,,,,,,,,,0.0
2657736,5429720,25975.0,16475.0,15252.506785, 60 months,12.69,372.25,B,B5,REDACTED,10+ years,MORTGAGE,130000.0,Verified,Dec-2011,Current,n,,,debt_consolidation,Loan Application,17xxx,PA,26.13,0.0,Jun-1983,0.0,,,15.0,0.0,93718.0,77.2,29.0,f,4184.79,4178.38,17850.84,15654.81,12290.21,5560.63,0.0,0.0,0.0,Dec-2015,372.25,Feb-2016,Jan-2016,0.0,,1.0,INDIVIDUAL,,,,0.0,,,,,,,,,,,,,,,,,,
2577139,1964879,10000.0,10000.0,10000.0, 36 months,7.9,312.91,A,A4,REDACTED,5 years,MORTGAGE,46000.0,Not Verified,Dec-2011,Fully Paid,n,,,home_improvement,Loan Application,98xxx,WA,10.46,0.0,Dec-2001,0.0,,,12.0,0.0,10763.0,50.1,17.0,f,0.0,0.0,11262.9109239,11262.91,10000.0,1262.91,0.0,0.0,0.0,Dec-2014,321.98,,Dec-2014,0.0,,1.0,INDIVIDUAL,,,,0.0,,,,,,,,,,,,,,,,,,0.0
5051809,5079567,15000.0,15000.0,15000.0, 36 months,12.42,501.23,B,B4,REDACTED,10+ years,MORTGAGE,80000.0,Verified,Dec-2011,Fully Paid,n,,,debt_consolidation,Loan Application,28xxx,NC,5.61,0.0,Nov-2000,1.0,,,8.0,0.0,10746.0,53.7,17.0,f,0.0,0.0,18039.0998082,18039.1,15000.0,3039.1,0.0,0.0,0.0,Dec-2014,520.23,,Dec-2014,0.0,,1.0,INDIVIDUAL,,,,0.0,,,,,,,,,,,,,,,,,,0.0
4376264,9939518,9000.0,9000.0,9000.0, 36 months,6.62,276.34,A,A2,REDACTED,3 years,MORTGAGE,45000.0,Not Verified,Dec-2011,Fully Paid,n,,,debt_consolidation,Loan Application,91xxx,CA,22.05,0.0,Jan-1997,1.0,,,7.0,0.0,14022.0,44.0,17.0,f,0.0,0.0,9929.50041729,9929.5,9000.0,929.5,0.0,0.0,0.0,Aug-2014,1391.04,,Aug-2014,0.0,,1.0,INDIVIDUAL,,,,0.0,,,,,,,,,,,,,,,,,,0.0
2583275,9567668,10000.0,10000.0,10000.0, 36 months,7.9,312.91,A,A4,REDACTED,2 years,RENT,72500.0,Verified,Dec-2011,Fully Paid,n,,,credit_card,Loan Application,11xxx,NY,27.92,0.0,May-2000,0.0,,,7.0,0.0,10638.0,69.1,23.0,f,0.0,0.0,11263.4829655,11263.48,10000.0,1263.48,0.0,0.0,0.0,Dec-2014,318.38,,Dec-2014,0.0,,1.0,INDIVIDUAL,,,,0.0,,,,,,,,,,,,,,,,,,0.0
3089211,7876648,1000.0,1000.0,1000.0, 36 months,14.65,34.5,C,C3,REDACTED,,RENT,18408.0,Not Verified,Dec-2011,Charged Off,n,,,major_purchase,Loan Application,08xxx,NJ,6.0,0.0,Apr-1993,2.0,,114.0,3.0,1.0,2510.0,83.7,8.0,f,0.0,0.0,91.31,91.31,22.24,12.18,0.0,56.89,10.2402,Jan-2012,34.5,,Jun-2012,0.0,,1.0,INDIVIDUAL,,,,0.0,,,,,,,,,,,,,,,,,,1.0
8598597,7893253,14000.0,14000.0,14000.0, 36 months,7.9,438.07,A,A4,REDACTED,2 years,RENT,30000.0,Source Verified,Dec-2011,Fully Paid,n,,,debt_consolidation,Loan Application,76xxx,TX,15.2,0.0,Aug-2000,0.0,,,8.0,0.0,13581.0,62.3,28.0,f,0.0,0.0,15297.94,15297.94,14000.0,1297.94,0.0,0.0,0.0,Jun-2013,7854.53,,Jan-2016,0.0,,1.0,INDIVIDUAL,,,,0.0,,,,,,,,,,,,,,,,,,0.0
1693836,9827426,8500.0,8500.0,8500.0, 36 months,14.27,291.63,C,C2,REDACTED,9 years,RENT,50000.0,Source Verified,Dec-2011,Charged Off,n,,,debt_consolidation,Loan Application,19xxx,PA,8.5,0.0,Nov-2004,2.0,,,15.0,0.0,9354.0,61.5,27.0,f,0.0,0.0,2444.63,2444.63,1378.65,657.23,0.0,408.75,3.88,Jul-2012,291.63,,Apr-2013,0.0,,1.0,INDIVIDUAL,,,,0.0,,,,,,,,,,,,,,,,,,1.0
3526142,8704200,15000.0,15000.0,14248.3068198, 60 months,19.03,389.36,E,E2,REDACTED,9 years,RENT,75000.0,Source Verified,Dec-2011,Fully Paid,n,,,debt_consolidation,Loan Application,33xxx,FL,2.82,0.0,Aug-1993,2.0,,,9.0,0.0,11379.0,75.9,12.0,f,0.0,0.0,22590.2041393,20762.84,15000.0,7590.2,0.0,0.0,0.0,Aug-2015,5880.48,,Aug-2015,0.0,,1.0,INDIVIDUAL,,,,0.0,,,,,,,,,,,,,,,,,,0.0
8669148,9758136,4500.0,4500.0,4500.0, 36 months,15.96,158.12,C,C5,REDACTED,5 years,MORTGAGE,65000.0,Not Verified,Dec-2011,Fully Paid,n,,,other,Loan Application,12xxx,NY,14.66,0.0,Aug-2002,1.0,,,20.0,0.0,18611.0,76.6,34.0,f,0.0,0.0,5580.11,5580.11,4500.0,1080.11,0.0,0.0,0.0,Feb-2014,1636.76,,Feb-2014,0.0,,1.0,INDIVIDUAL,,,,0.0,,,,,,,,,,,,,,,,,,0.0
6502582,5748558,3000.0,3000.0,3000.0, 36 months,7.51,93.34,A,A3,REDACTED,10+ years,MORTGAGE,65000.0,Not Verified,Dec-2011,Fully Paid,n,,,major_purchase,Loan Application,78xxx,TX,27.91,0.0,Jan-1998,0.0,,,10.0,0.0,38905.0,56.0,19.0,f,0.0,0.0,3358.81340478,3358.81,3000.0,358.81,0.0,0.0,0.0,Dec-2014,100.23,,Jan-2016,0.0,,1.0,INDIVIDUAL,,,,0.0,,,,,,,,,,,,,,,,,,0.0
3777330,9200284,10000.0,10000.0,10000.0, 36 months,9.91,322.25,B,B1,REDACTED,4 years,MORTGAGE,120000.0,Source Verified,Dec-2011,Fully Paid,n,,,home_improvement,Loan Application,08xxx,NJ,7.98,0.0,May-1997,2.0,,,7.0,0.0,21440.0,68.1,35.0,f,0.0,0.0,11597.2666022,11597.27,10000.0,1597.27,0.0,0.0,0.0,Dec-2014,339.84,,Dec-2014,0.0,,1.0,INDIVIDUAL,,,,0.0,,,,,,,,,,,,,,,,,,0.0
4728406,8008161,21250.0,21250.0,21225.0, 60 months,16.77,525.5,D,D2,REDACTED,5 years,MORTGAGE,42500.0,Verified,Dec-2011,Fully Paid,n,,,debt_consolidation,Loan Application,64xxx,MO,19.93,0.0,Sep-2002,2.0,,,7.0,0.0,18352.0,62.7,13.0,f,0.0,0.0,30769.8936537,30733.78,21250.0,9519.89,0.0,0.0,0.0,Sep-2015,7681.95,,Jan-2016,0.0,,1.0,INDIVIDUAL,,,,0.0,,,,,,,,,,,,,,,,,,0.0
8519370,2295661,33425.0,20675.0,19010.8212185, 60 months,13.49,475.63,C,C1,REDACTED,2 years,MORTGAGE,75000.0,Source Verified,Dec-2011,Charged Off,n,,,debt_consolidation,Loan Application,11xxx,NY,25.71,0.0,Jul-1978,3.0,,,10.0,0.0,50670.0,50.5,43.0,f,0.0,0.0,19893.95,16765.31,13371.26,6512.03,0.0,10.66,0.0,Feb-2015,1370.08,,Jan-2016,0.0,,1.0,INDIVIDUAL,,,,0.0,,,,,,,,,,,,,,,,,,1.0
1008677,5566760,35000.0,35000.0,32763.0551996, 60 months,19.42,916.03,E,E3,REDACTED,8 years,RENT,195000.0,Verified,Dec-2011,Current,n,,,debt_consolidation,Loan Application,98xxx,WA,11.72,0.0,Jan-1996,2.0,,,17.0,0.0,29573.0,66.1,27.0,f,9928.6,9921.47,43947.08,38440.59,25071.4,18875.68,0.0,0.0,0.0,Dec-2015,916.03,Feb-2016,Jan-2016,0.0,,1.0,INDIVIDUAL,,,,0.0,,,,,,,,,,,,,,,,,,
1636332,9967996,7200.0,7200.0,7200.0, 36 months,15.27,250.55,C,C4,REDACTED,4 years,RENT,54990.0,Verified,Dec-2011,Fully Paid,n,,,debt_consolidation,Loan Application,76xxx,TX,20.95,0.0,Oct-2001,1.0,81.0,,16.0,0.0,9119.0,96.0,24.0,f,0.0,0.0,8948.24764409,8948.25,7200.0,1748.25,0.0,0.0,0.0,Jun-2014,1708.04,,Jan-2016,0.0,,1.0,INDIVIDUAL,,,,0.0,,,,,,,,,,,,,,,,,,0.0
5704445,1872103,18000.0,18000.0,17836.580601, 60 months,11.71,397.77,B,B3,REDACTED,< 1 year,RENT,40000.0,Source Verified,Dec-2011,Charged Off,n,,,debt_consolidation,Loan Application,85xxx,AZ,18.18,0.0,Dec-1999,0.0,,,6.0,0.0,12806.0,68.8,12.0,f,0.0,0.0,10850.22,10567.42,5690.48,3448.57,0.0,1711.17,17.1117,Dec-2013,397.77,,Apr-2014,0.0,,1.0,INDIVIDUAL,,,,0.0,,,,,,,,,,,,,,,,,,1.0
3440618,7756844,23000.0,23000.0,23000.0, 36 months,7.9,719.68,A,A4,REDACTED,2 years,MORTGAGE,137000.0,Source Verified,Dec-2011,Fully Paid,n,,,debt_consolidation,Loan Application,76xxx,TX,8.13,0.0,Nov-1991,1.0,,,11.0,0.0,17564.0,60.8,37.0,f,0.0,0.0,23980.67,23980.67,23000.0,980.67,0.0,0.0,0.0,Jul-2012,19664.2,,Nov-2014,0.0,,1.0,INDIVIDUAL,,,,0.0,,,,,,,,,,,,,,,,,,0.0
2835248,6694884,20000.0,20000.0,19523.2077364, 60 months,16.77,494.59,D,D2,REDACTED,10+ years,RENT,60000.0,Verified,Dec-2011,Charged Off,n,,,debt_consolidation,Loan Application,94xxx,CA,9.46,0.0,Mar-1995,2.0,28.0,,13.0,0.0,16326.0,41.0,30.0,f,0.0,0.0,18799.72,17787.27,9606.12,7667.87,0.0,1525.73,268.0326,Nov-2014,494.59,,Apr-2015,0.0,,1.0,INDIVIDUAL,,,,0.0,,,,,,,,,,,,,,,,,,1.0
5214805,9292024,6000.0,6000.0,6000.0, 60 months,17.58,151.0,D,D4,REDACTED,3 years,RENT,30120.0,Not Verified,Dec-2011,Current,n,,,debt_consolidation,Loan Application,11xxx,NY,15.54,0.0,Nov-2003,0.0,,,8.0,0.0,8136.0,80.6,11.0,f,1513.33,1513.33,7382.84,7382.84,4486.67,2881.17,15.0,0.0,0.0,Dec-2015,151.0,Feb-2016,Jan-2016,0.0,,1.0,INDIVIDUAL,,,,0.0,,,,,,,,,,,,,,,,,,
8986551,4298472,7000.0,7000.0,7000.0, 36 months,8.9,222.28,A,A5,REDACTED,1 year,RENT,46000.0,Verified,Dec-2011,Fully Paid,n,,,credit_card,Loan Application,22xxx,VA,7.9,0.0,Aug-2002,1.0,,,7.0,0.0,8717.0,76.5,18.0,f,0.0,0.0,7999.84792572,7999.85,7000.0,999.85,0.0,0.0,0.0,Dec-2014,232.27,,Jan-2016,0.0,,1.0,INDIVIDUAL,,,,0.0,,,,,,,,,,,,,,,,,,0.0
1502361,3366023,21000.0,21000.0,20975.0, 36 months,12.69,704.45,B,B5,REDACTED,8 years,MORTGAGE,135000.0,Verified,Dec-2011,Fully Paid,n,,,debt_consolidation,Loan Application,43xxx,OH,8.52,0.0,Feb-2000,1.0,81.0,,11.0,0.0,30361.0,63.0,24.0,f,0.0,0.0,24283.82,24254.93,21000.01,3283.81,0.0,0.0,0.0,Jul-2013,11650.08,,Oct-2015,0.0,,1.0,INDIVIDUAL,,,,0.0,,,,,,,,,,,,,,,,,,0.0
6449815,2443539,8250.0,8250.0,8250.0, 36 months,7.51,256.67,A,A3,REDACTED,,MORTGAGE,31500.0,Verified,Dec-2011,Fully Paid,n,,,debt_consolidation,Loan Application,21xxx,MD,17.87,0.0,Dec-1981,4.0,,,17.0,0.0,7521.0,10.4,37.0,f,0.0,0.0,9236.36905915,9236.37,8250.0,986.37,0.0,0.0,0.0,Dec-2014,278.92,,Dec-2014,0.0,,1.0,INDIVIDUAL,,,,0.0,,,,,,,,,,,,,,,,,,0.0
4471687,1679051,13000.0,13000.0,13000.0, 36 months,9.91,418.93,B,B1,REDACTED,10+ years,RENT,65000.0,Verified,Dec-2011,Fully Paid,n,,,credit_card,Loan Application,94xxx,CA,8.82,0.0,Dec-2001,0.0,,,10.0,0.0,22554.0,75.9,18.0,f,0.0,0.0,14817.85,14817.85,13000.0,1817.85,0.0,0.0,0.0,Dec-2013,5207.35,,Jan-2014,0.0,,1.0,INDIVIDUAL,,,,0.0,,,,,,,,,,,,,,,,,,0.0
5000415,6480006,18000.0,18000.0,18000.0, 36 months,6.62,552.67,A,A2,REDACTED,2 years,MORTGAGE,78000.0,Not Verified,Dec-2011,Fully Paid,n,,,debt_consolidation,Loan Application,76xxx,TX,6.35,0.0,Mar-1992,0.0,,,8.0,0.0,16136.0,25.0,13.0,f,0.0,0.0,19892.9516423,19892.95,18000.0,1892.95,0.0,0.0,0.0,Dec-2014,574.46,,Dec-2014,0.0,,1.0,INDIVIDUAL,,,,0.0,,,,,,,,,,,,,,,,,,0.0
7066739,5242604,7200.0,7200.0,7175.0, 36 months,6.03,219.14,A,A1,REDACTED,5 years,MORTGAGE,60000.0,Not Verified,Dec-2011,Fully Paid,n,,,other,Loan Application,85xxx,AZ,2.54,0.0,May-1996,0.0,68.0,,6.0,0.0,3859.0,6.0,20.0,f,0.0,0.0,7881.92413224,7854.56,7200.0,681.92,0.0,0.0,0.0,Sep-2014,873.09,,Jan-2016,0.0,,1.0,INDIVIDUAL,,,,0.0,,,,,,,,,,,,,,,,,,0.0
3021721,5733864,16500.0,16500.0,16500.0, 36 months,8.9,523.93,A,A5,REDACTED,10+ years,RENT,48000.0,Not Verified,Dec-2011,Fully Paid,n,,,credit_card,Loan Application,84xxx,UT,13.1,0.0,May-2000,0.0,,,7.0,0.0,21329.0,87.1,25.0,f,0.0,0.0,18159.26,18159.26,16500.0,1659.26,0.0,0.0,0.0,May-2013,9783.86,,Oct-2014,0.0,,1.0,INDIVIDUAL,,,,0.0,,,,,,,,,,,,,,,,,,0.0
9354127,3657383,8125.0,8125.0,8125.0, 36 months,7.9,254.24,A,A4,REDACTED,< 1 year,RENT,25000.0,Not Verified,Dec-2011,Fully Paid,n,,,debt_consolidation,Loan Application,60xxx,IL,24.34,0.0,Apr-1999,1.0,,,13.0,0.0,19296.0,63.6,21.0,f,0.0,0.0,9151.00534309,9151.01,8125.0,1026.01,0.0,0.0,0.0,Dec-2014,262.23,,Apr-2015,0.0,,1.0,INDIVIDUAL,,,,0.0,,,,,,,,,,,,,,,,,,0.0
5649252,3583679,18800.0,18800.0,18750.0, 36 months,7.51,584.89,A,A3,REDACTED,3 years,MORTGAGE,82000.0,Verified,Dec-2011,Fully Paid,n,,,debt_consolidation,Loan Application,92xxx,CA,13.76,1.0,Dec-1988,0.0,11.0,,14.0,0.0,14477.0,17.3,24.0,f,0.0,0.0,21054.1855484,20998.24,18800.0,2254.19,0.0,0.0,0.0,Dec-2014,594.74,,Dec-2014,0.0,,1.0,INDIVIDUAL,,,,0.0,,,,,,,,,,,,,,,,,,0.0
1355914,7203675,26800.0,26800.0,26800.0, 36 months,19.03,982.79,E,E2,REDACTED,10+ years,MORTGAGE,82000.0,Source Verified,Dec-2011,Fully Paid,n,,,credit_card,Loan Application,92xxx,CA,21.59,0.0,Jan-1981,1.0,,,12.0,0.0,26919.0,98.0,31.0,f,0.0,0.0,31277.98,31277.98,26800.0,4477.98,0.0,0.0,0.0,Dec-2012,20489.14,,Sep-2015,0.0,,1.0,INDIVIDUAL,,,,0.0,,,,,,,,,,,,,,,,,,0.0
6110001,2199003,19200.0,19200.0,19200.0, 36 months,7.9,600.78,A,A4,REDACTED,5 years,MORTGAGE,42000.0,Verified,Dec-2011,Fully Paid,n,,,debt_consolidation,Loan Application,74xxx,OK,19.66,0.0,Nov-2000,0.0,,,13.0,0.0,28727.0,72.2,24.0,f,0.0,0.0,21328.13,21328.13,19200.0,2128.13,0.0,0.0,0.0,Dec-2013,7516.94,,Jan-2014,0.0,,1.0,INDIVIDUAL,,,,0.0,,,,,,,,,,,,,,,,,,0.0
6605654,8637385,12875.0,8475.0,8184.32017993, 60 months,17.58,213.28,D,D4,REDACTED,3 years,RENT,27600.0,Verified,Dec-2011,Fully Paid,n,,,debt_consolidation,Loan Application,93xxx,CA,18.7,0.0,Apr-2001,1.0,,,4.0,0.0,5595.0,86.1,7.0,f,0.0,0.0,11208.865744,10571.95,8475.0,2733.87,0.0,0.0,0.0,Feb-2014,5908.59,,Oct-2015,0.0,,1.0,INDIVIDUAL,,,,0.0,,,,,,,,,,,,,,,,,,0.0
3130535,7461497,4000.0,4000.0,4000.0, 36 months,12.42,133.67,B,B4,REDACTED,5 years,MORTGAGE,38000.0,Not Verified,Dec-2011,Fully Paid,n,,,credit_card,Loan Application,45xxx,OH,19.64,0.0,Jul-2002,1.0,,,11.0,0.0,11130.0,52.7,16.0,f,0.0,0.0,4300.29,4300.29,4000.0,300.29,0.0,0.0,0.0,Aug-2012,3326.13,,Jan-2016,0.0,,1.0,INDIVIDUAL,,,,0.0,,,,,,,,,,,,,,,,,,0.0
3658627,9909164,4000.0,4000.0,4000.0, 36 months,16.29,141.21,D,D1,REDACTED,4 years,RENT,35000.0,Not Verified,Dec-2011,Fully Paid,n,,,debt_consolidation,Loan Application,90xxx,CA,9.22,0.0,Sep-2003,0.0,44.0,,7.0,0.0,8247.0,83.5,13.0,f,0.0,0.0,5053.37722473,5053.38,4000.0,1053.38,0.0,0.0,0.0,Jul-2014,824.36,,Jan-2016,0.0,,1.0,INDIVIDUAL,,,,0.0,,,,,,,,,,,,,,,,,,0.0
4713019,6793811,12000.0,12000.0,12000.0, 36 months,9.91,386.7,B,B1,REDACTED,10+ years,OWN,33000.0,Not Verified,Dec-2011,Fully Paid,n,,,credit_card,Loan Application,90xxx,CA,18.8,0.0,Sep-1990,0.0,,,5.0,0.0,17229.0,74.9,10.0,f,0.0,0.0,13871.4187605,13871.42,12000.0,1871.42,0.0,0.0,0.0,Jul-2014,2286.28,,Jul-2015,0.0,,1.0,INDIVIDUAL,,,,0.0,,,,,,,,,,,,,,,,,,0.0
8224453,1035022,2625.0,2625.0,2625.0, 36 months,11.71,86.83,B,B3,REDACTED,10+ years,MORTGAGE,52800.0,Not Verified,Dec-2011,Fully Paid,n,,,medical,Loan Application,89xxx,NV,14.52,0.0,Nov-2003,2.0,,,8.0,0.0,8343.0,65.2,21.0,f,0.0,0.0,3124.73761374,3124.74,2625.0,499.74,0.0,0.0,0.0,Jan-2015,6.4,,Jan-2015,0.0,,1.0,INDIVIDUAL,,,,0.0,,,,,,,,,,,,,,,,,,0.0
7870033,4441669,18000.0,18000.0,17387.6797446, 60 months,13.49,414.09,C,C1,REDACTED,10+ years,MORTGAGE,40900.0,Verified,Dec-2011,Current,n,,,debt_consolidation,Loan Application,72xxx,AR,13.7,0.0,Sep-2000,1.0,,,10.0,0.0,11963.0,62.6,19.0,f,4641.04,4634.53,19847.2,18715.57,13358.97,6488.23,0.0,0.0,0.0,Dec-2015,414.09,Feb-2016,Jan-2016,0.0,,1.0,INDIVIDUAL,,,,0.0,,,,,,,,,,,,,,,,,,
6923653,9217035,7000.0,7000.0,7000.0, 36 months,9.91,225.58,B,B1,REDACTED,10+ years,RENT,73882.0,Not Verified,Dec-2011,Fully Paid,n,,,debt_consolidation,Loan Application,15xxx,PA,11.45,0.0,Apr-1993,0.0,49.0,,10.0,0.0,16783.0,38.1,10.0,f,0.0,0.0,8118.35053132,8118.35,7000.0,1118.35,0.0,0.0,0.0,Dec-2014,236.31,,Dec-2014,0.0,,1.0,INDIVIDUAL,,,,0.0,,,,,,,,,,,,,,,,,,0.0
7375054,6024243,11300.0,11300.0,11300.0, 36 months,12.69,379.06,B,B5,REDACTED,7 years,MORTGAGE,36000.0,Not Verified,Dec-2011,Fully Paid,n,,,credit_card,Loan Application,33xxx,FL,16.33,0.0,Jun-1998,1.0,79.0,,9.0,0.0,18905.0,74.7,22.0,f,0.0,0.0,12787.19,12787.19,11300.0,1487.19,0.0,0.0,0.0,Mar-2013,7497.46,,Apr-2013,0.0,,1.0,INDIVIDUAL,,,,0.0,,,,,,,,,,,,,,,,,,0.0
7276914,1569955,4000.0,4000.0,4000.0, 36 months,9.91,128.9,B,B1,REDACTED,10+ years,MORTGAGE,130000.0,Source Verified,Dec-2011,Fully Paid,n,,,debt_consolidation,Loan Application,93xxx,CA,10.05,0.0,Dec-1997,3.0,,,12.0,0.0,13212.0,85.0,22.0,f,0.0,0.0,4634.24672516,4634.25,4000.0,634.25,0.0,0.0,0.0,Sep-2014,516.99,,Jan-2016,0.0,,1.0,INDIVIDUAL,,,,0.0,,,,,,,,,,,,,,,,,,0.0
2255433,2471930,8000.0,8000.0,8000.0, 36 months,6.03,243.49,A,A1,REDACTED,10+ years,MORTGAGE,57200.0,Not Verified,Dec-2011,Fully Paid,n,,,debt_consolidation,Loan Application,29xxx,SC,4.72,0.0,May-1993,0.0,,,18.0,0.0,7764.0,6.8,47.0,f,0.0,0.0,8517.87,8517.87,8000.0,517.87,0.0,0.0,0.0,Apr-2013,4868.26,,Sep-2015,0.0,,1.0,INDIVIDUAL,,,,0.0,,,,,,,,,,,,,,,,,,0.0
5467045,6122680,14400.0,14400.0,14400.0, 36 months,18.25,522.41,D,D5,REDACTED,5 years,RENT,51871.0,Verified,Dec-2011,Charged Off,n,,,debt_consolidation,Loan Application,02xxx,RI,7.82,0.0,Mar-2006,0.0,,,5.0,0.0,8092.0,79.3,9.0,f,0.0,0.0,7869.17,7869.17,4684.23,2613.83,0.0,571.11,5.67,Feb-2013,522.41,,Jul-2013,0.0,,1.0,INDIVIDUAL,,,,0.0,,,,,,,,,,,,,,,,,,1.0
8602321,1913583,4375.0,4375.0,4375.0, 36 months,12.42,146.2,B,B4,REDACTED,2 years,OWN,15000.0,Verified,Dec-2011,Fully Paid,n,,,debt_consolidation,Loan Application,94xxx,CA,13.92,0.0,Nov-2006,0.0,,,3.0,0.0,2847.0,74.9,5.0,f,0.0,0.0,5261.08149103,5261.08,4375.0,886.08,0.0,0.0,0.0,Dec-2014,152.4,,Aug-2015,0.0,,1.0,INDIVIDUAL,,,,0.0,,,,,,,,,,,,,,,,,,0.0
4690976,8628663,4100.0,4100.0,4100.0, 36 months,7.51,127.56,A,A3,REDACTED,9 years,MORTGAGE,70197.0,Not Verified,Dec-2011,Fully Paid,n,,,credit_card,Loan Application,70xxx,LA,6.58,0.0,May-2001,1.0,,,7.0,0.0,24138.0,72.1,12.0,f,0.0,0.0,4582.75029982,4582.75,4100.0,482.75,0.0,0.0,0.0,Aug-2014,638.01,,Apr-2015,0.0,,1.0,INDIVIDUAL,,,,0.0,,,,,,,,,,,,,,,,,,0.0
9836948,2562892,6000.0,6000.0,6000.0, 36 months,8.9,190.52,A,A5,REDACTED,7 years,RENT,47000.0,Verified,Dec-2011,Fully Paid,n,,,other,Loan Application,44xxx,OH,14.43,0.0,Jan-1995,3.0,78.0,,8.0,0.0,3917.0,31.4,14.0,f,0.0,0.0,6857.05560144,6857.06,6000.0,857.06,0.0,0.0,0.0,Dec-2014,199.26,,Dec-2014,0.0,,1.0,INDIVIDUAL,,,,0.0,,,,,,,,,,,,,,,,,,0.0
9769589,1144565,4200.0,4200.0,4200.0, 60 months,17.27,105.0,D,D3,REDACTED,9 years,RENT,43000.0,Source Verified,Dec-2011,Charged Off,n,,,debt_consolidation,Loan Application,85xxx,AZ,10.13,0.0,Nov-1996,1.0,82.0,,9.0,0.0,8843.0,77.0,19.0,f,0.0,0.0,4200.0,4200.0,2381.46,1807.62,0.0,10.92,1.9656,Apr-2015,105.0,,Jan-2016,0.0,,1.0,INDIVIDUAL,,,,0.0,,,,,,,,,,,,,,,,,,1.0
5399416,8614834,4000.0,4000.0,4000.0, 36 months,6.62,122.82,A,A2,REDACTED,6 years,MORTGAGE,120000.0,Source Verified,Dec-2011,Fully Paid,n,,,home_improvement,Loan Application,27xxx,NC,3.89,0.0,Feb-1997,1.0,,,13.0,0.0,11947.0,24.4,31.0,f,0.0,0.0,4152.93,4152.93,4000.0,152.93,0.0,0.0,0.0,Aug-2012,1918.67,,Sep-2012,0.0,,1.0,INDIVIDUAL,,,,0.0,,,,,,,,,,,,,,,,,,0.0
3279475,7698469,3000.0,3000.0,3000.0, 36 months,10.65,97.72,B,B2,REDACTED,10+ years,MORTGAGE,86004.0,Not Verified,Dec-2011,Charged Off,n,,,other,Loan Application,07xxx,NJ,13.37,0.0,Dec-1997,2.0,,,8.0,0.0,23964.0,64.6,35.0,f,0.0,0.0,2236.73,2236.73,1629.41,417.88,0.0,189.44,1.8944000011,Sep-2013,97.72,,Feb-2014,0.0,,1.0,INDIVIDUAL,,,,0.0,,,,,,,,,,,,,,,,,,1.0
5482711,3086177,5400.0,5400.0,5400.0, 36 months,12.69,181.15,B,B5,REDACTED,10+ years,MORTGAGE,75000.0,Not Verified,Dec-2011,Fully Paid,n,,,car,Loan Application,77xxx,TX,8.8,0.0,Jan-1992,0.0,31.0,,6.0,0.0,10376.0,68.7,33.0,f,0.0,0.0,6273.69,6273.69,5400.0,873.69,0.0,0.0,0.0,Aug-2013,2844.38,,Sep-2013,0.0,,1.0,INDIVIDUAL,,,,0.0,,,,,,,,,,,,,,,,,,0.0
9034235,5111848,15000.0,15000.0,15000.0, 36 months,16.29,529.51,D,D1,REDACTED,1 year,RENT,110000.0,Verified,Dec-2011,Charged Off,n,,,small_business,Loan Application,75xxx,TX,21.99,2.0,Nov-1998,0.0,4.0,,12.0,0.0,40370.0,84.1,24.0,f,0.0,0.0,1873.45,1873.45,655.77,402.57,0.0,815.11,146.7198,Feb-2012,529.51,,Jul-2012,0.0,,1.0,INDIVIDUAL,,,,0.0,,,,,,,,,,,,,,,,,,1.0
3119150,7375973,20000.0,20000.0,19523.4219167, 60 months,18.64,514.86,E,E1,REDACTED,3 years,MORTGAGE,80000.0,Source Verified,Dec-2011,Fully Paid,n,,,debt_consolidation,Loan Application,85xxx,AZ,23.47,0.0,Jan-2001,0.0,,,8.0,0.0,11952.0,88.5,13.0,f,0.0,0.0,22955.76,21817.92,20000.0,2955.76,0.0,0.0,0.0,Oct-2012,18326.72,,Nov-2012,0.0,,1.0,INDIVIDUAL,,,,0.0,,,,,,,,,,,,,,,,,,0.0
6202590,5829544,10400.0,10400.0,10400.0, 36 months,12.69,348.87,B,B5,REDACTED,4 years,RENT,44000.0,Source Verified,Dec-2011,Fully Paid,n,,,credit_card,Loan Application,92xxx,CA,19.91,0.0,Apr-2002,2.0,,,6.0,0.0,13695.0,90.1,21.0,f,0.0,0.0,12551.7831242,12551.78,10400.0,2151.78,0.0,0.0,0.0,Dec-2014,375.39,,Dec-2015,0.0,,1.0,INDIVIDUAL,,,,0.0,,,,,,,,,,,,,,,,,,0.0
5050966,6972058,4500.0,4500.0,4500.0, 60 months,17.58,113.25,D,D4,REDACTED,7 years,MORTGAGE,51600.0,Source Verified,Dec-2011,Fully Paid,n,,,debt_consolidation,Loan Application,98xxx,WA,22.63,0.0,Jun-2004,1.0,,,8.0,0.0,13739.0,67.7,13.0,f,0.0,0.0,6287.69813066,6287.7,4500.0,1787.7,0.0,0.0,0.0,Oct-2014,2554.52,,Jan-2016,0.0,,1.0,INDIVIDUAL,,,,0.0,,,,,,,,,,,,,,,,,,0.0
9795397,8782830,11500.0,11500.0,11500.0, 36 months,12.42,384.28,B,B4,REDACTED,< 1 year,RENT,38500.0,Source Verified,Dec-2011,Fully Paid,n,,,credit_card,Loan Application,20xxx,DC,13.06,0.0,Oct-2004,0.0,,,8.0,0.0,10838.0,89.6,15.0,f,0.0,0.0,13850.7061324,13850.71,11500.0,2331.52,19.1895042677,0.0,0.0,Dec-2014,392.68,,Dec-2014,0.0,,1.0,INDIVIDUAL,,,,0.0,,,,,,,,,,,,,,,,,,0.0
2551170,7679286,10000.0,10000.0,9975.0, 36 months,6.62,307.04,A,A2,REDACTED,4 years,RENT,75000.0,Verified,Dec-2011,Fully Paid,n,,,home_improvement,Loan Application,33xxx,FL,24.85,0.0,Nov-1999,2.0,64.0,,19.0,0.0,3548.0,5.9,40.0,f,0.0,0.0,10742.42,10715.57,10000.0,742.42,0.0,0.0,0.0,May-2013,5847.47,,Jun-2013,0.0,,1.0,INDIVIDUAL,,,,0.0,,,,,,,,,,,,,,,,,,0.0
1486525,7348033,18225.0,13450.0,13425.0, 60 months,13.49,309.42,C,C1,REDACTED,10+ years,MORTGAGE,37320.0,Verified,Dec-2011,Fully Paid,n,,,debt_consolidation,Loan Application,30xxx,GA,20.8,0.0,Jun-2001,0.0,,,8.0,0.0,17404.0,74.4,12.0,f,0.0,0.0,14876.65,14849.01,13450.0,1426.65,0.0,0.0,0.0,Oct-2012,12102.24,,Aug-2015,0.0,,1.0,INDIVIDUAL,,,,0.0,,,,,,,,,,,,,,,,,,0.0
7637897,1619572,3600.0,3600.0,3600.0, 36 months,8.9,114.32,A,A5,REDACTED,10+ years,RENT,55000.0,Not Verified,Dec-2011,Fully Paid,n,,,debt_consolidation,Loan Application,11xxx,NY,5.48,0.0,Jun-2002,0.0,,,8.0,0.0,9550.0,65.9,18.0,f,0.0,0.0,3976.57,3976.57,3600.0,376.57,0.0,0.0,0.0,Jun-2013,2037.38,,Jan-2016,0.0,,1.0,INDIVIDUAL,,,,0.0,,,,,,,,,,,,,,,,,,0.0
8231574,8281169,18500.0,13250.0,13250.0, 60 months,11.71,292.81,B,B3,REDACTED,2 years,RENT,100000.0,Verified,Dec-2011,Fully Paid,n,,,major_purchase,Loan Application,94xxx,CA,0.72,0.0,Jan-2003,0.0,,,7.0,0.0,6149.0,10.4,10.0,f,0.0,0.0,16359.1199177,16359.12,13250.0,3109.12,0.0,0.0,0.0,Jun-2014,7889.73,,Jul-2014,0.0,,1.0,INDIVIDUAL,,,,0.0,,,,,,,,,,,,,,,,,,0.0
7805181,1167644,16800.0,16800.0,16775.0, 60 months,18.25,428.9,D,D5,REDACTED,10+ years,MORTGAGE,70000.0,Verified,Dec-2011,Fully Paid,n,,,credit_card,Loan Application,81xxx,CO,21.5,0.0,Sep-1999,2.0,,,10.0,0.0,10296.0,38.4,18.0,f,0.0,0.0,22756.2026662,22722.42,16800.0,5956.2,0.0,0.0,0.0,Jun-2014,112.14,,May-2014,0.0,,1.0,INDIVIDUAL,,,,0.0,,,,,,,,,,,,,,,,,,0.0
5023071,4047310,10000.0,10000.0,10000.0, 36 months,17.27,357.88,D,D3,REDACTED,8 years,RENT,68000.0,Not Verified,Dec-2011,Charged Off,n,,,debt_consolidation,Loan Application,59xxx,MT,17.15,0.0,Mar-2002,1.0,,,7.0,0.0,6754.0,92.5,16.0,f,0.0,0.0,8589.12,8589.12,6067.35,2507.07,0.0,14.7,0.0,Dec-2013,357.88,,Dec-2013,0.0,,1.0,INDIVIDUAL,,,,0.0,,,,,,,,,,,,,,,,,,1.0
8458573,6976561,15000.0,15000.0,15000.0, 36 months,18.25,544.17,D,D5,REDACTED,10+ years,MORTGAGE,66000.0,Not Verified,Dec-2011,Fully Paid,n,,,debt_consolidation,Loan Application,94xxx,CA,8.49,2.0,Jan-1988,2.0,9.0,,10.0,0.0,17258.0,89.1,28.0,f,0.0,0.0,17725.93,17725.93,15000.0,2725.93,0.0,0.0,0.0,Feb-2013,10661.18,,Feb-2013,0.0,,1.0,INDIVIDUAL,,,,0.0,,,,,,,,,,,,,,,,,,0.0
1778643,5565832,8000.0,8000.0,8000.0, 36 months,11.71,264.61,B,B3,REDACTED,8 years,RENT,85000.0,Source Verified,Dec-2011,Fully Paid,n,,,major_purchase,Loan Application,07xxx,NJ,10.22,0.0,Nov-2002,1.0,,,12.0,0.0,15938.0,35.7,29.0,f,0.0,0.0,8371.65,8371.65,8000.0,371.65,0.0,0.0,0.0,May-2012,7317.57,,Jan-2016,0.0,,1.0,INDIVIDUAL,,,,0.0,,,,,,,,,,,,,,,,,,0.0
3437673,1030376,25000.0,17950.0,17925.0, 60 months,16.77,443.89,D,D2,REDACTED,1 year,RENT,83004.0,Verified,Dec-2011,Fully Paid,n,,,debt_consolidation,Loan Application,95xxx,CA,13.66,0.0,Aug-1997,0.0,,,10.0,0.0,22388.0,82.9,19.0,f,0.0,0.0,19643.66,19616.32,17950.0,1693.66,0.0,0.0,0.0,Jul-2012,16993.32,,Aug-2012,0.0,,1.0,INDIVIDUAL,,,,0.0,,,,,,,,,,,,,,,,,,0.0
3038462,1852460,16000.0,16000.0,16000.0, 36 months,7.9,500.65,A,A4,REDACTED,1 year,RENT,51000.0,Source Verified,Dec-2011,Charged Off,n,,,debt_consolidation,Loan Application,85xxx,AZ,24.66,0.0,Dec-1992,0.0,,,8.0,0.0,29485.0,81.0,28.0,f,0.0,0.0,11928.62,11928.62,9323.14,1688.52,0.0,916.96,9.1696,Oct-2013,500.65,,Mar-2014,0.0,,1.0,INDIVIDUAL,,,,0.0,,,,,,,,,,,,,,,,,,1.0
1490659,5707805,8000.0,8000.0,8000.0, 36 months,10.65,260.59,B,B2,REDACTED,2 years,RENT,55000.0,Source Verified,Dec-2011,Fully Paid,n,,,debt_consolidation,Loan Application,90xxx,CA,11.56,0.0,Apr-1999,0.0,29.0,,9.0,0.0,9004.0,15.7,10.0,f,0.0,0.0,8923.71,8923.71,8000.0,923.71,0.0,0.0,0.0,Apr-2013,5025.51,,May-2013,0.0,,1.0,INDIVIDUAL,,,,0.0,,,,,,,,,,,,,,,,,,0.0
1955381,2725176,7200.0,7200.0,7200.0, 36 months,7.51,224.0,A,A3,REDACTED,10+ years,MORTGAGE,47000.0,Source Verified,Dec-2011,Fully Paid,n,,,debt_consolidation,Loan Application,23xxx,VA,19.74,0.0,Mar-1998,0.0,,,12.0,0.0,16106.0,83.5,32.0,f,0.0,0.0,8061.52571023,8061.53,7200.0,861.53,0.0,0.0,0.0,Dec-2014,239.21,,Nov-2015,0.0,,1.0,INDIVIDUAL,,,,0.0,,,,,,,,,,,,,,,,,,0.0
8504740,7069147,12000.0,12000.0,12000.0, 36 months,7.51,373.33,A,A3,REDACTED,4 years,RENT,86000.0,Source Verified,Dec-2011,Fully Paid,n,,,debt_consolidation,Loan Application,92xxx,CA,13.3,0.0,Aug-2002,1.0,,,16.0,0.0,13715.0,51.8,25.0,f,0.0,0.0,13098.35,13098.35,12000.0,1098.35,0.0,0.0,0.0,Oct-2013,967.21,,Oct-2013,0.0,,1.0,INDIVIDUAL,,,,0.0,,,,,,,,,,,,,,,,,,0.0
9961607,9614421,2200.0,2200.0,2200.0, 36 months,15.27,76.56,C,C4,REDACTED,10+ years,OWN,48000.0,Not Verified,Dec-2011,Charged Off,n,,,debt_consolidation,Loan Application,77xxx,TX,5.47,0.0,May-2000,3.0,76.0,,3.0,0.0,10130.0,83.7,7.0,f,0.0,0.0,2294.0,2294.0,353.21,182.71,0.0,1758.08,317.104599999,Jul-2012,76.56,,Jan-2016,0.0,,1.0,INDIVIDUAL,,,,0.0,,,,,,,,,,,,,,,,,,1.0
6416014,4411577,20000.0,20000.0,19975.0, 60 months,12.69,451.9,B,B5,REDACTED,10+ years,RENT,49000.0,Verified,Dec-2011,Current,n,,,other,Loan Application,10xxx,NY,17.78,0.0,Apr-2001,0.0,,,10.0,0.0,12064.0,66.9,26.0,f,5075.36,5068.95,21677.94,21650.95,14924.64,6753.3,0.0,0.0,0.0,Dec-2015,451.9,Feb-2016,Jan-2016,0.0,,1.0,INDIVIDUAL,,,,0.0,,,,,,,,,,,,,,,,,,
8575928,1901579,28000.0,28000.0,28000.0, 60 months,12.42,628.81,B,B4,REDACTED,4 years,MORTGAGE,85000.0,Source Verified,Dec-2011,Fully Paid,n,,,debt_consolidation,Loan Application,16xxx,PA,15.87,0.0,Jul-1995,1.0,,,10.0,0.0,23199.0,58.7,31.0,f,0.0,0.0,31960.6,31960.6,28000.0,3960.6,0.0,0.0,0.0,Mar-2013,23160.52,,Mar-2013,0.0,,1.0,INDIVIDUAL,,,,0.0,,,,,,,,,,,,,,,,,,0.0
2580229,3033468,6000.0,6000.0,6000.0, 36 months,7.51,186.67,A,A3,REDACTED,2 years,MORTGAGE,50000.0,Verified,Dec-2011,Fully Paid,n,,,debt_consolidation,Loan Application,72xxx,AR,23.86,0.0,Sep-2000,1.0,,,8.0,0.0,22282.0,62.4,23.0,f,0.0,0.0,6717.52577896,6717.53,6000.0,717.53,0.0,0.0,0.0,Dec-2014,201.76,,Dec-2014,0.0,,1.0,INDIVIDUAL,,,,0.0,,,,,,,,,,,,,,,,,,0.0
7950147,2441991,25000.0,25000.0,24975.0, 60 months,19.42,654.31,E,E3,REDACTED,10+ years,RENT,105000.0,Verified,Dec-2011,Current,n,,,credit_card,Loan Application,10xxx,NY,21.13,0.0,Aug-2000,0.0,,,16.0,0.0,28380.0,85.3,42.0,f,7092.69,7085.56,31388.68,31357.39,17907.3,13481.38,0.0,0.0,0.0,Dec-2015,654.31,Feb-2016,Jan-2016,0.0,,1.0,INDIVIDUAL,,,,0.0,,,,,,,,,,,,,,,,,,
3750242,2831747,8000.0,8000.0,8000.0, 60 months,8.9,165.68,A,A5,REDACTED,1 year,RENT,51204.0,Not Verified,Dec-2011,Charged Off,n,,,debt_consolidation,Loan Application,11xxx,NY,25.12,0.0,Aug-1987,0.0,68.0,,16.0,0.0,20888.0,37.6,40.0,f,0.0,0.0,4639.04,4639.04,3271.74,1367.3,0.0,0.0,0.0,May-2014,34.32,,Jan-2016,0.0,,1.0,INDIVIDUAL,,,,0.0,,,,,,,,,,,,,,,,,,1.0
1757319,1599139,14400.0,14400.0,14400.0, 36 months,15.27,501.09,C,C4,REDACTED,2 years,RENT,42996.0,Not Verified,Dec-2011,Fully Paid,n,,,debt_consolidation,Loan Application,11xxx,NY,0.98,0.0,Aug-2008,1.0,,,3.0,0.0,62.0,7.7,3.0,f,0.0,0.0,14762.51,14762.51,14400.0,362.51,0.0,0.0,0.0,Feb-2012,14267.16,,Jul-2012,0.0,,1.0,INDIVIDUAL,,,,0.0,,,,,,,,,,,,,,,,,,0.0
2979769,6962431,20000.0,13700.0,13675.0, 60 months,19.03,355.62,E,E2,REDACTED,5 years,RENT,60000.0,Verified,Dec-2011,Fully Paid,n,,,credit_card,Loan Application,90xxx,CA,18.06,0.0,Oct-1994,0.0,62.0,,11.0,0.0,29665.0,97.4,28.0,f,0.0,0.0,19721.8253632,19685.93,13700.0,6021.83,0.0,0.0,0.0,Nov-2014,7663.24,,Jan-2016,0.0,,1.0,INDIVIDUAL,,,,0.0,,,,,,,,,,,,,,,,,,0.0
2058219,5755733,25000.0,19950.0,19925.0, 60 months,14.27,467.0,C,C2,REDACTED,10+ years,MORTGAGE,85000.0,Verified,Dec-2011,Current,n,,,debt_consolidation,Loan Application,21xxx,MD,13.41,0.0,Oct-1986,0.0,,,11.0,0.0,25856.0,91.7,31.0,f,5210.57,5203.99,22386.62,22358.67,14739.42,7647.2,0.0,0.0,0.0,Dec-2015,467.0,Feb-2016,Jan-2016,0.0,,1.0,INDIVIDUAL,,,,0.0,,,,,,,,,,,,,,,,,,
8575554,9441738,14050.0,14050.0,14050.0, 36 months,8.9,446.14,A,A5,REDACTED,3 years,MORTGAGE,120000.0,Verified,Dec-2011,Fully Paid,n,,,major_purchase,Loan Application,11xxx,NY,2.21,0.0,May-2006,2.0,,,9.0,0.0,2217.0,18.8,13.0,f,0.0,0.0,15808.02,15808.02,14050.0,1758.02,0.0,0.0,0.0,Dec-2013,5569.67,,Dec-2013,0.0,,1.0,INDIVIDUAL,,,,0.0,,,,,,,,,,,,,,,,,,0.0
2669431,5620512,6000.0,6000.0,6000.0, 36 months,13.49,203.59,C,C1,REDACTED,10+ years,OWN,62691.0,Not Verified,Dec-2011,Fully Paid,n,,,major_purchase,Loan Application,35xxx,AL,3.16,0.0,Feb-1994,0.0,43.0,,5.0,0.0,6704.0,94.4,19.0,f,0.0,0.0,7325.89257971,7325.89,6000.0,1325.89,0.0,0.0,0.0,Jan-2015,213.5,,Jan-2015,0.0,,1.0,INDIVIDUAL,,,,0.0,,,,,,,,,,,,,,,,,,0.0
3419118,1956311,16100.0,16100.0,16075.0, 60 months,11.71,355.79,B,B3,REDACTED,< 1 year,MORTGAGE,36000.0,Verified,Dec-2011,Current,n,,,debt_consolidation,Loan Application,19xxx,PA,27.8,0.0,Jul-1998,0.0,,,10.0,0.0,13481.0,46.0,33.0,f,4014.17,4007.9,17071.16,17044.71,12085.83,4985.33,0.0,0.0,0.0,Dec-2015,355.79,Feb-2016,Jan-2016,0.0,,1.0,INDIVIDUAL,,,,0.0,,,,,,,,,,,,,,,,,,
1722964,2138992,35000.0,23250.0,23225.0, 60 months,20.3,619.88,E,E5,REDACTED,3 years,OWN,85000.0,Verified,Dec-2011,Charged Off,n,,,debt_consolidation,Loan Application,32xxx,FL,16.39,0.0,Dec-1984,2.0,82.0,,10.0,0.0,18515.0,76.5,40.0,f,0.0,0.0,3093.5,3090.2,1169.59,1923.91,0.0,0.0,0.0,May-2012,619.88,,Jan-2016,0.0,,1.0,INDIVIDUAL,,,,0.0,,,,,,,,,,,,,,,,,,1.0
3815380,3118240,10525.0,10525.0,10525.0, 36 months,7.9,329.33,A,A4,REDACTED,4 years,RENT,49668.0,Source Verified,Dec-2011,Fully Paid,n,,,debt_consolidation,Loan Application,90xxx,CA,7.27,0.0,Oct-2002,0.0,,,4.0,0.0,10881.0,68.9,9.0,f,0.0,0.0,11649.33,11649.33,10525.0,1124.33,0.0,0.0,0.0,Jan-2014,1756.16,,Jan-2016,0.0,,1.0,INDIVIDUAL,,,,0.0,,,,,,,,,,,,,,,,,,0.0
6192990,3485084,7200.0,7200.0,7200.0, 36 months,15.96,252.99,C,C5,REDACTED,2 years,RENT,30000.0,Source Verified,Dec-2011,Fully Paid,n,,,debt_consolidation,Loan Application,08xxx,NJ,5.2,0.0,Oct-1999,1.0,,,2.0,0.0,1884.0,94.2,7.0,f,0.0,0.0,9103.26706445,9103.27,7200.0,1903.27,0.0,0.0,0.0,Dec-2014,265.0,,Jan-2016,0.0,,1.0,INDIVIDUAL,,,,0.0,,,,,,,,,,,,,,,,,,0.0
3151206,4128954,18500.0,15775.0,15775.0, 60 months,10.65,340.24,B,B2,REDACTED,10+ years,OWN,40000.0,Verified,Dec-2011,Fully Paid,n,,,debt_consolidation,Loan Application,96xxx,HI,26.34,0.0,Jun-1996,0.0,,,8.0,0.0,8.0,0.1,27.0,f,0.0,0.0,18877.3928432,18877.39,15775.0,3102.39,0.0,0.0,0.0,Apr-2014,7374.76,,Apr-2014,0.0,,1.0,INDIVIDUAL,,,,0.0,,,,,,,,,,,,,,,,,,0.0
2953636,4796155,12000.0,12000.0,12000.0, 36 months,13.49,407.17,C,C1,REDACTED,10+ years,MORTGAGE,40000.0,Verified,Dec-2011,Fully Paid,n,,,debt_consolidation,Loan Application,72xxx,AR,16.2,0.0,Sep-1996,2.0,72.0,,15.0,0.0,14582.0,74.4,27.0,f,0.0,0.0,13682.96,13682.96,12000.0,1682.96,0.0,0.0,0.0,Mar-2013,7995.07,,Apr-2013,0.0,,1.0,INDIVIDUAL,,,,0.0,,,,,,,,,,,,,,,,,,0.0
6693015,4984737,12000.0,12000.0,12000.0, 36 months,11.71,396.92,B,B3,REDACTED,5 years,MORTGAGE,100000.0,Not Verified,Dec-2011,Fully Paid,n,,,credit_card,Loan Application,60xxx,IL,6.58,0.0,Oct-2004,0.0,,,10.0,0.0,17590.0,79.6,11.0,f,0.0,0.0,14284.3600144,14284.36,12000.0,2284.36,0.0,0.0,0.0,Dec-2014,414.0,,Dec-2014,0.0,,1.0,INDIVIDUAL,,,,0.0,,,,,,,,,,,,,,,,,,0.0
1846459,9171052,3000.0,3000.0,3000.0, 36 months,11.71,99.23,B,B3,REDACTED,2 years,RENT,56312.0,Not Verified,Dec-2011,Fully Paid,n,,,other,Loan Application,22xxx,VA,16.03,0.0,Mar-2002,2.0,,,6.0,0.0,10014.0,83.4,13.0,f,0.0,0.0,3571.61292618,3571.61,3000.0,571.61,0.0,0.0,0.0,Dec-2014,101.42,,Jan-2016,0.0,,1.0,INDIVIDUAL,,,,0.0,,,,,,,,,,,,,,,,,,0.0
7814859,4498791,9500.0,9500.0,9500.0, 36 months,16.29,335.36,D,D1,REDACTED,10+ years,RENT,54011.0,Source Verified,Dec-2011,Fully Paid,n,,,debt_consolidation,Loan Application,92xxx,CA,18.51,0.0,Dec-1999,1.0,,,9.0,0.0,18757.0,79.5,40.0,f,0.0,0.0,10658.63,10658.63,9500.0,1158.63,0.0,0.0,0.0,Oct-2012,7643.38,,Jan-2016,0.0,,1.0,INDIVIDUAL,,,,0.0,,,,,,,,,,,,,,,,,,0.0
9624054,6434388,19775.0,19775.0,19775.0, 36 months,12.42,660.79,B,B4,REDACTED,2 years,RENT,49110.32,Verified,Dec-2011,Fully Paid,n,,,debt_consolidation,Loan Application,91xxx,CA,17.57,0.0,Oct-1998,2.0,,,10.0,0.0,19672.0,61.1,15.0,f,0.0,0.0,22690.68,22690.68,19775.0,2915.68,0.0,0.0,0.0,Jun-2013,11478.49,,Jan-2016,0.0,,1.0,INDIVIDUAL,,,,0.0,,,,,,,,,,,,,,,,,,0.0
3042027,9547968,12000.0,12000.0,11975.0, 60 months,14.65,283.28,C,C3,REDACTED,< 1 year,RENT,75000.0,Verified,Dec-2011,Charged Off,n,,,credit_card,Loan Application,96xxx,HI,16.13,0.0,Nov-2000,3.0,,,14.0,0.0,16664.0,89.4,28.0,f,0.0,0.0,7694.4,7678.37,3606.06,2908.0,0.0,1180.34,11.803400004,Nov-2013,283.28,,Apr-2014,0.0,,1.0,INDIVIDUAL,,,,0.0,,,,,,,,,,,,,,,,,,1.0
9800504,1872182,28000.0,28000.0,26968.3134592, 60 months,14.27,655.44,C,C2,REDACTED,7 years,MORTGAGE,95000.0,Verified,Dec-2011,Fully Paid,n,,,debt_consolidation,Loan Application,98xxx,WA,9.46,0.0,May-2000,1.0,,,9.0,0.0,17936.0,68.1,29.0,f,0.0,0.0,35909.9252449,33960.75,28000.0,7909.93,0.0,0.0,0.0,Jun-2014,17578.41,,Oct-2014,0.0,,1.0,INDIVIDUAL,,,,0.0,,,,,,,,,,,,,,,,,,0.0
1583417,9883855,30000.0,30000.0,30000.0, 36 months,12.42,1002.46,B,B4,REDACTED,2 years,RENT,80000.0,Verified,Dec-2011,Fully Paid,n,,,debt_consolidation,Loan Application,53xxx,WI,22.23,0.0,May-2000,0.0,,,8.0,0.0,22177.0,94.0,33.0,f,0.0,0.0,36085.4953725,36085.5,30000.0,6085.5,0.0,0.0,0.0,Dec-2014,1013.44,,Jan-2016,0.0,,1.0,INDIVIDUAL,,,,0.0,,,,,,,,,,,,,,,,,,0.0
3501392,3429507,16000.0,16000.0,16000.0, 36 months,10.65,521.18,B,B2,REDACTED,9 years,MORTGAGE,55000.0,Verified,Dec-2011,Fully Paid,n,,,debt_consolidation,Loan Application,92xxx,CA,13.33,0.0,Mar-2002,2.0,,,8.0,0.0,8705.0,89.7,19.0,f,0.0,0.0,18756.9151989,18756.92,16000.0,2756.92,0.0,0.0,0.0,Dec-2014,543.7,,Dec-2014,0.0,,1.0,INDIVIDUAL,,,,0.0,,,,,,,,,,,,,,,,,,0.0
1563893,8765749,14500.0,14500.0,14500.0, 36 months,14.65,500.17,C,C3,REDACTED,8 years,RENT,90000.0,Verified,Dec-2011,Fully Paid,n,,,credit_card,Loan Application,20xxx,MD,5.24,0.0,Oct-2001,1.0,42.0,,17.0,0.0,15077.0,46.7,28.0,f,0.0,0.0,18004.1465181,18004.15,14500.0,3504.15,0.0,0.0,0.0,Dec-2014,505.48,,Dec-2014,0.0,,1.0,INDIVIDUAL,,,,0.0,,,,,,,,,,,,,,,,,,0.0
1762694,8696939,11700.0,11700.0,11675.0, 60 months,14.65,276.2,C,C3,REDACTED,3 years,RENT,68500.0,Verified,Dec-2011,Fully Paid,n,,,credit_card,Loan Application,20xxx,VA,18.17,0.0,Aug-2005,1.0,,,12.0,0.0,7203.0,39.8,21.0,f,0.0,0.0,14114.88,14084.72,11700.0,2414.88,0.0,0.0,0.0,Jul-2013,9146.84,,May-2015,0.0,,1.0,INDIVIDUAL,,,,0.0,,,,,,,,,,,,,,,,,,0.0
3569204,4510296,4150.0,4150.0,4150.0, 36 months,10.65,135.18,B,B2,REDACTED,4 years,RENT,100000.0,Not Verified,Dec-2011,Fully Paid,n,,,debt_consolidation,Loan Application,94xxx,CA,1.99,0.0,Feb-1998,0.0,30.0,,7.0,0.0,4255.0,25.0,8.0,f,0.0,0.0,4832.41369132,4832.41,4150.0,682.41,0.0,0.0,0.0,May-2014,1054.39,,Jan-2016,0.0,,1.0,INDIVIDUAL,,,,0.0,,,,,,,,,,,,,,,,,,0.0
2204452,4433060,15000.0,15000.0,14975.0, 60 months,11.71,331.48,B,B3,REDACTED,10+ years,MORTGAGE,72000.0,Verified,Dec-2011,Current,n,,,debt_consolidation,Loan Application,35xxx,AL,26.48,0.0,Feb-1999,0.0,,,8.0,0.0,10982.0,67.8,15.0,f,3749.98,3743.72,15888.94,15862.49,11250.02,4638.92,0.0,0.0,0.0,Dec-2015,331.48,Feb-2016,Jan-2016,0.0,,1.0,INDIVIDUAL,,,,0.0,,,,,,,,,,,,,,,,,,
4156630,9924964,24000.0,24000.0,24000.0, 36 months,16.77,852.93,D,D2,REDACTED,6 years,RENT,70000.0,Verified,Dec-2011,Fully Paid,n,,,credit_card,Loan Application,91xxx,CA,12.57,0.0,Nov-2004,0.0,,,10.0,0.0,9043.0,91.2,13.0,f,0.0,0.0,30690.7430526,30690.74,24000.0,6690.74,0.0,0.0,0.0,Dec-2014,889.54,,Apr-2015,0.0,,1.0,INDIVIDUAL,,,,0.0,,,,,,,,,,,,,,,,,,0.0
9872875,5862895,21250.0,21250.0,21250.0, 36 months,12.42,710.08,B,B4,REDACTED,5 years,RENT,37000.0,Verified,Dec-2011,Charged Off,n,,,other,Loan Application,08xxx,NJ,14.27,0.0,May-2000,1.0,68.0,,8.0,0.0,14899.0,69.3,21.0,f,0.0,0.0,8880.05,8880.05,6569.76,2266.76,0.0,43.53,0.0,Dec-2012,710.08,,Jan-2016,0.0,,1.0,INDIVIDUAL,,,,0.0,,,,,,,,,,,,,,,,,,1.0
4471298,6741281,10000.0,10000.0,10000.0, 36 months,14.27,343.09,C,C2,REDACTED,10+ years,OWN,75000.0,Source Verified,Dec-2011,Fully Paid,n,,,debt_consolidation,Loan Application,71xxx,AR,13.46,0.0,Nov-1995,1.0,,,9.0,0.0,19535.0,71.3,18.0,f,0.0,0.0,12347.2234825,12347.22,10000.0,2347.22,0.0,0.0,0.0,Dec-2014,355.71,,Jan-2016,0.0,,1.0,INDIVIDUAL,,,,0.0,,,,,,,,,,,,,,,,,,0.0
8161504,3701533,25000.0,25000.0,24975.0, 60 months,18.25,638.25,D,D5,REDACTED,< 1 year,MORTGAGE,75000.0,Verified,Dec-2011,Fully Paid,n,,,debt_consolidation,Loan Application,95xxx,CA,10.58,0.0,Aug-1997,0.0,,,13.0,0.0,14608.0,72.0,29.0,f,0.0,0.0,32063.87,32031.88,25000.0,7063.87,0.0,0.0,0.0,Oct-2013,19322.18,,Jan-2015,0.0,,1.0,INDIVIDUAL,,,,0.0,,,,,,,,,,,,,,,,,,0.0
7692536,5798148,4000.0,4000.0,4000.0, 36 months,15.96,140.55,C,C5,REDACTED,6 years,RENT,39000.0,Source Verified,Dec-2011,Fully Paid,n,,,debt_consolidation,Loan Application,89xxx,NV,21.91,0.0,Feb-2006,2.0,,,6.0,0.0,8038.0,93.5,15.0,f,0.0,0.0,4926.28933967,4926.29,4000.0,926.29,0.0,0.0,0.0,Mar-2014,919.43,,Dec-2014,0.0,,1.0,INDIVIDUAL,,,,0.0,,,,,,,,,,,,,,,,,,0.0
5363825,5004702,15000.0,15000.0,15000.0, 36 months,11.71,496.14,B,B3,REDACTED,< 1 year,RENT,60000.0,Not Verified,Dec-2011,Fully Paid,n,,,debt_consolidation,Loan Application,11xxx,NY,8.86,0.0,Aug-2002,0.0,,,11.0,0.0,14615.0,70.8,15.0,f,0.0,0.0,17601.6632206,17601.66,15000.0,2601.66,0.0,0.0,0.0,Feb-2014,5213.76,,Dec-2015,0.0,,1.0,INDIVIDUAL,,,,0.0,,,,,,,,,,,,,,,,,,0.0
3164608,6531400,20000.0,20000.0,19975.0, 60 months,13.49,460.1,C,C1,REDACTED,3 years,RENT,68000.0,Verified,Dec-2011,Fully Paid,n,,,credit_card,Loan Application,33xxx,FL,9.09,0.0,Jun-1999,0.0,,,7.0,0.0,19736.0,79.3,19.0,f,0.0,0.0,27154.14,27120.2,20000.0,7154.14,0.0,0.0,0.0,Nov-2015,3249.54,,Jan-2016,0.0,,1.0,INDIVIDUAL,,,,0.0,,,,,,,,,,,,,,,,,,0.0
1858726,6811143,15000.0,15000.0,14975.0, 60 months,17.58,377.49,D,D4,REDACTED,3 years,MORTGAGE,110000.0,Verified,Dec-2011,Fully Paid,n,,,home_improvement,Loan Application,84xxx,UT,12.36,0.0,Jan-2005,1.0,,,5.0,0.0,7717.0,81.2,10.0,f,0.0,0.0,17833.36,17803.67,15000.0,2833.36,0.0,0.0,0.0,Feb-2013,12967.45,,Jan-2016,0.0,,1.0,INDIVIDUAL,,,,0.0,,,,,,,,,,,,,,,,,,0.0
2035317,4337807,3600.0,3600.0,3600.0, 36 months,15.96,126.5,C,C5,REDACTED,3 years,RENT,40000.0,Source Verified,Dec-2011,Fully Paid,n,,,moving,Loan Application,10xxx,NY,12.78,0.0,Nov-2008,1.0,,,5.0,0.0,3447.0,52.2,6.0,f,0.0,0.0,4552.77774204,4552.78,3600.0,952.78,0.0,0.0,0.0,Dec-2014,128.92,,Dec-2014,0.0,,1.0,INDIVIDUAL,,,,0.0,,,,,,,,,,,,,,,,,,0.0
4747913,5695643,6000.0,6000.0,6000.0, 60 months,19.03,155.75,E,E2,REDACTED,5 years,OWN,31000.0,Verified,Dec-2011,Fully Paid,n,,,debt_consolidation,Loan Application,91xxx,CA,20.13,0.0,Jan-2003,1.0,51.0,,5.0,0.0,7996.0,93.0,14.0,f,0.0,0.0,8933.34585809,8933.35,6000.0,2933.35,0.0,0.0,0.0,Jun-2015,2736.66,,Jan-2016,0.0,,1.0,INDIVIDUAL,,,,0.0,,,,,,,,,,,,,,,,,,0.0
2441969,6680818,15000.0,15000.0,15000.0, 36 months,15.27,521.97,C,C4,REDACTED,10+ years,RENT,60000.0,Verified,Dec-2011,Charged Off,n,,,debt_consolidation,Loan Application,11xxx,NY,10.72,0.0,Apr-2002,2.0,,,7.0,0.0,12333.0,75.2,18.0,f,0.0,0.0,6379.19,6379.19,3871.69,1853.48,0.0,654.02,6.26,Nov-2012,521.97,,Apr-2013,0.0,,1.0,INDIVIDUAL,,,,0.0,,,,,,,,,,,,,,,,,,1.0
3112947,3240988,12000.0,12000.0,11975.0, 60 months,18.25,306.36,D,D5,REDACTED,3 years,RENT,43000.0,Verified,Dec-2011,Fully Paid,n,,,credit_card,Loan Application,95xxx,CA,15.24,0.0,Jul-2006,1.0,,,14.0,0.0,7949.0,45.4,14.0,f,0.0,0.0,17492.7703746,17456.37,12000.0,5492.77,0.0,0.0,0.0,Apr-2015,5204.48,,May-2015,0.0,,1.0,INDIVIDUAL,,,,0.0,,,,,,,,,,,,,,,,,,0.0
9485506,4958923,12375.0,12375.0,12375.0, 36 months,7.51,385.0,A,A3,REDACTED,6 years,RENT,42000.0,Not Verified,Dec-2011,Fully Paid,n,,,debt_consolidation,Loan Application,20xxx,MD,28.06,0.0,Mar-2001,2.0,,,13.0,0.0,13538.0,52.1,34.0,f,0.0,0.0,13174.14,13174.14,12375.0,799.14,0.0,0.0,0.0,Dec-2012,8947.42,,Oct-2015,0.0,,1.0,INDIVIDUAL,,,,0.0,,,,,,,,,,,,,,,,,,0.0
6127172,6100140,4000.0,4000.0,4000.0, 36 months,12.69,134.18,B,B5,REDACTED,6 years,RENT,30000.0,Not Verified,Dec-2011,Charged Off,n,,,home_improvement,Loan Application,32xxx,FL,17.6,0.0,Mar-1996,1.0,48.0,,8.0,0.0,1296.0,5.5,20.0,f,0.0,0.0,2152.95,2152.95,1481.95,526.55,0.0,144.45,1.49,Mar-2013,134.18,,Sep-2013,0.0,,1.0,INDIVIDUAL,,,,0.0,,,,,,,,,,,,,,,,,,1.0
2824353,9814425,13000.0,13000.0,13000.0, 36 months,10.65,423.46,B,B2,REDACTED,10+ years,MORTGAGE,50000.0,Not Verified,Dec-2011,Fully Paid,n,,,debt_consolidation,Loan Application,33xxx,FL,20.11,0.0,Apr-1998,0.0,78.0,,13.0,0.0,13810.0,40.6,15.0,f,0.0,0.0,15240.3572031,15240.36,13000.0,2240.36,0.0,0.0,0.0,Dec-2014,440.06,,Dec-2014,0.0,,1.0,INDIVIDUAL,,,,0.0,,,,,,,,,,,,,,,,,,0.0
8525417,2826367,5000.0,5000.0,5000.0, 36 months,6.62,153.52,A,A2,REDACTED,1 year,MORTGAGE,39396.0,Source Verified,Dec-2011,Fully Paid,n,,,home_improvement,Loan Application,30xxx,GA,8.16,0.0,Nov-2000,1.0,,,6.0,0.0,3305.0,18.5,30.0,f,0.0,0.0,5495.24419009,5495.24,5000.0,495.24,0.0,0.0,0.0,Apr-2014,1362.42,,Apr-2014,0.0,,1.0,INDIVIDUAL,,,,0.0,,,,,,,,,,,,,,,,,,0.0
6203622,4700292,5000.0,5000.0,5000.0, 36 months,15.96,175.69,C,C5,REDACTED,7 years,OWN,98000.0,Source Verified,Dec-2011,Fully Paid,n,,,credit_card,Loan Application,92xxx,CA,19.63,0.0,Feb-2002,1.0,52.0,,11.0,0.0,32705.0,53.3,14.0,f,0.0,0.0,6014.59,6014.59,5000.0,999.6,14.992478098,0.0,0.0,Aug-2013,2842.92,,Oct-2013,0.0,,1.0,INDIVIDUAL,,,,0.0,,,,,,,,,,,,,,,,,,0.0
6412244,1737948,26000.0,26000.0,25975.0, 36 months,11.71,859.98,B,B3,REDACTED,10+ years,RENT,62500.0,Verified,Dec-2011,Fully Paid,n,,,credit_card,Loan Application,74xxx,OK,16.55,0.0,Oct-2000,3.0,,,4.0,0.0,25215.0,94.8,16.0,f,0.0,0.0,30955.5624213,30925.83,26000.0,4955.56,0.0,0.0,0.0,Dec-2014,873.68,,Dec-2014,0.0,,1.0,INDIVIDUAL,,,,0.0,,,,,,,,,,,,,,,,,,0.0
6199927,6173006,15000.0,15000.0,15000.0, 60 months,18.64,386.15,E,E1,REDACTED,8 years,MORTGAGE,95000.0,Verified,Dec-2011,Fully Paid,n,,,credit_card,Loan Application,53xxx,WI,17.97,0.0,Nov-1998,2.0,,,15.0,0.0,30810.0,85.5,24.0,f,0.0,0.0,22595.3427254,22595.34,15000.0,7577.64,17.7,0.0,0.0,Sep-2015,5599.8,,Jan-2016,0.0,,1.0,INDIVIDUAL,,,,0.0,,,,,,,,,,,,,,,,,,0.0
8456578,3479235,4000.0,4000.0,4000.0, 60 months,19.91,105.78,E,E4,REDACTED,10+ years,RENT,45000.0,Source Verified,Dec-2011,Charged Off,n,,,house,Loan Application,17xxx,PA,15.2,0.0,Mar-1996,3.0,,92.0,5.0,1.0,3722.0,22.4,11.0,f,0.0,0.0,1775.8,1775.8,660.29,924.37,0.0,191.14,1.76,Apr-2013,331.68,,Aug-2013,0.0,,1.0,INDIVIDUAL,,,,0.0,,,,,,,,,,,,,,,,,,1.0
8927834,4746774,8000.0,8000.0,8000.0, 36 months,7.9,250.33,A,A4,REDACTED,10+ years,RENT,32400.0,Not Verified,Dec-2011,Fully Paid,n,,,debt_consolidation,Loan Application,90xxx,CA,7.56,0.0,Jan-2001,2.0,,,9.0,0.0,6290.0,34.1,15.0,f,0.0,0.0,8976.63844743,8976.64,8000.0,976.64,0.0,0.0,0.0,Jun-2014,1723.57,,Jan-2016,0.0,,1.0,INDIVIDUAL,,,,0.0,,,,,,,,,,,,,,,,,,0.0
4149746,5294654,1700.0,1700.0,1700.0, 36 months,7.9,53.2,A,A4,REDACTED,,MORTGAGE,37800.0,Not Verified,Dec-2011,Charged Off,n,,,home_improvement,Loan Application,80xxx,CO,27.0,0.0,Jul-1979,0.0,,,9.0,0.0,16333.0,91.2,27.0,f,0.0,0.0,1218.5,1218.5,940.44,174.03,0.0,104.03,1.0402999994,Sep-2013,53.2,,Feb-2014,0.0,,1.0,INDIVIDUAL,,,,0.0,,,,,,,,,,,,,,,,,,1.0
6291279,5266504,16000.0,16000.0,16000.0, 36 months,9.91,515.6,B,B1,REDACTED,10+ years,RENT,50000.0,Not Verified,Dec-2011,Fully Paid,n,,,debt_consolidation,Loan Application,19xxx,PA,15.1,0.0,Jan-1993,1.0,,,9.0,0.0,13577.0,66.2,26.0,f,0.0,0.0,18558.6717383,18558.67,16000.0,2558.67,0.0,0.0,0.0,Dec-2014,529.31,,Jan-2016,0.0,,1.0,INDIVIDUAL,,,,0.0,,,,,,,,,,,,,,,,,,0.0
6394637,1339254,20000.0,20000.0,20000.0, 60 months,9.91,424.06,B,B1,REDACTED,10+ years,MORTGAGE,114996.0,Verified,Dec-2011,Fully Paid,n,,,debt_consolidation,Loan Application,11xxx,NY,11.19,0.0,Dec-2000,0.0,,,14.0,0.0,7747.0,15.4,20.0,f,0.0,0.0,23340.52,23340.52,20000.0,3340.52,0.0,0.0,0.0,Dec-2013,13592.37,,Jan-2014,0.0,,1.0,INDIVIDUAL,,,,0.0,,,,,,,,,,,,,,,,,,0.0
3612866,7595194,12000.0,12000.0,12000.0, 36 months,14.65,413.94,C,C3,REDACTED,6 years,RENT,54400.0,Verified,Dec-2011,Charged Off,n,,,debt_consolidation,Loan Application,98xxx,WA,13.81,0.0,Nov-1998,1.0,,,14.0,0.0,13239.0,60.2,33.0,f,0.0,0.0,11043.04,11043.04,8359.5,2683.54,0.0,0.0,0.0,Apr-2014,480.6,,Jan-2016,0.0,,1.0,INDIVIDUAL,,,,0.0,,,,,,,,,,,,,,,,,,1.0
4441054,1892785,7000.0,7000.0,7000.0, 36 months,11.71,231.54,B,B3,REDACTED,7 years,MORTGAGE,72800.0,Verified,Dec-2011,Fully Paid,n,,,credit_card,Loan Application,20xxx,MD,24.64,0.0,Jul-2000,0.0,,,12.0,0.0,7299.0,84.1,33.0,f,0.0,0.0,8334.52169539,8334.52,7000.0,1334.52,0.0,0.0,0.0,Jan-2015,233.37,,Jan-2015,0.0,,1.0,INDIVIDUAL,,,,0.0,,,,,,,,,,,,,,,,,,0.0
6681981,6440772,8000.0,8000.0,8000.0, 60 months,20.3,213.29,E,E5,REDACTED,1 year,RENT,42500.0,Source Verified,Dec-2011,Charged Off,n,,,debt_consolidation,Loan Application,30xxx,GA,14.23,0.0,Mar-2004,1.0,,,10.0,0.0,9870.0,95.0,24.0,f,0.0,0.0,8505.34,8505.34,2173.49,3335.6,0.0,2996.25,509.3625,Jun-2014,200.0,,Jan-2016,0.0,,1.0,INDIVIDUAL,,,,0.0,,,,,,,,,,,,,,,,,,1.0
1903170,6173457,13000.0,13000.0,13000.0, 60 months,23.52,370.38,G,G3,REDACTED,10+ years,RENT,61000.0,Source Verified,Dec-2011,Current,n,,,debt_consolidation,Loan Application,10xxx,NY,11.65,0.0,Mar-1997,1.0,,,10.0,0.0,18427.0,92.1,14.0,f,3935.92,3935.92,17752.76,17752.76,9064.08,8688.68,0.0,0.0,0.0,Dec-2015,370.38,Feb-2016,Jan-2016,0.0,,1.0,INDIVIDUAL,,,,0.0,,,,,,,,,,,,,,,,,,
1409109,5026329,13000.0,13000.0,13000.0, 36 months,16.29,458.91,D,D1,REDACTED,10+ years,RENT,28000.0,Source Verified,Dec-2011,Charged Off,n,,,debt_consolidation,Loan Application,28xxx,NC,12.9,0.0,Oct-2001,1.0,,,4.0,0.0,6901.0,93.3,8.0,f,0.0,0.0,8768.3,8768.3,5318.23,3008.91,0.0,441.16,4.4116000047,Oct-2013,320.84,,Nov-2013,0.0,,1.0,INDIVIDUAL,,,,0.0,,,,,,,,,,,,,,,,,,1.0
3680274,5270626,20000.0,20000.0,19975.0, 60 months,21.28,544.23,F,F2,REDACTED,2 years,OWN,120000.0,Verified,Dec-2011,Fully Paid,n,,,debt_consolidation,Loan Application,55xxx,MN,16.72,0.0,Nov-1998,2.0,,,12.0,0.0,23789.0,75.5,43.0,f,0.0,0.0,24940.65,24909.47,20000.0,4940.65,0.0,0.0,0.0,Mar-2013,17328.61,,Jan-2016,0.0,,1.0,INDIVIDUAL,,,,0.0,,,,,,,,,,,,,,,,,,0.0
9099047,1436820,18000.0,18000.0,18000.0, 36 months,13.49,610.75,C,C1,REDACTED,8 years,MORTGAGE,96000.0,Verified,Dec-2011,Fully Paid,n,,,debt_consolidation,Loan Application,06xxx,CT,16.4,0.0,May-1987,0.0,70.0,,16.0,0.0,14828.0,46.6,37.0,f,0.0,0.0,21978.3959067,21978.4,18000.0,3978.4,0.0,0.0,0.0,Dec-2014,636.15,,Dec-2014,0.0,,1.0,INDIVIDUAL,,,,0.0,,,,,,,,,,,,,,,,,,0.0
8696185,5516086,10000.0,10000.0,10000.0, 36 months,16.29,353.01,D,D1,REDACTED,3 years,RENT,83200.0,Source Verified,Dec-2011,Fully Paid,n,,,credit_card,Loan Application,98xxx,WA,17.03,0.0,Jul-2005,1.0,,,8.0,0.0,12603.0,92.0,15.0,f,0.0,0.0,11713.05,11713.05,10000.0,1713.05,0.0,0.0,0.0,May-2013,54.68,,Jan-2016,0.0,,1.0,INDIVIDUAL,,,,0.0,,,,,,,,,,,,,,,,,,0.0
9559985,5370744,22250.0,22250.0,22200.0, 60 months,15.27,532.49,C,C4,REDACTED,8 years,RENT,45000.0,Verified,Dec-2011,Fully Paid,n,,,debt_consolidation,Loan Application,65xxx,MO,23.07,0.0,Oct-1999,1.0,,,9.0,0.0,15695.0,77.7,23.0,f,0.0,0.0,24929.55,24873.54,22250.0,2679.55,0.0,0.0,0.0,Oct-2012,20146.17,,Jan-2016,0.0,,1.0,INDIVIDUAL,,,,0.0,,,,,,,,,,,,,,,,,,0.0
6432248,9094289,24000.0,24000.0,23975.0, 60 months,17.58,603.98,D,D4,REDACTED,5 years,RENT,68809.0,Verified,Dec-2011,Charged Off,n,,,debt_consolidation,Loan Application,32xxx,FL,21.29,0.0,Jun-2005,1.0,,,10.0,0.0,3343.0,25.3,20.0,f,0.0,0.0,4401.18,4396.65,1567.87,2049.17,0.0,784.14,8.02,Jun-2012,603.98,,Nov-2012,0.0,,1.0,INDIVIDUAL,,,,0.0,,,,,,,,,,,,,,,,,,1.0
6708439,7544517,11200.0,11200.0,11200.0, 36 months,12.42,374.26,B,B4,REDACTED,3 years,RENT,75000.0,Not Verified,Dec-2011,Charged Off,n,,,car,Loan Application,92xxx,CA,22.88,0.0,Dec-1996,0.0,,,8.0,0.0,25673.0,74.4,13.0,f,0.0,0.0,4225.13,4225.13,2702.91,1033.89,0.0,488.33,4.72,Oct-2012,374.26,,Mar-2013,0.0,,1.0,INDIVIDUAL,,,,0.0,,,,,,,,,,,,,,,,,,1.0
9414611,4967027,7000.0,7000.0,7000.0, 36 months,10.65,228.02,B,B2,REDACTED,3 years,RENT,52000.0,Not Verified,Dec-2011,Fully Paid,n,,,other,Loan Application,08xxx,NY,18.16,0.0,Jun-2003,0.0,57.0,,11.0,0.0,4170.0,94.8,13.0,f,0.0,0.0,8206.96148326,8206.96,7000.0,1206.96,0.0,0.0,0.0,Dec-2014,234.06,,Jan-2016,0.0,,1.0,INDIVIDUAL,,,,0.0,,,,,,,,,,,,,,,,,,0.0
7173427,3382835,8000.0,8000.0,8000.0, 36 months,6.03,243.49,A,A1,REDACTED,6 years,RENT,57600.0,Source Verified,Dec-2011,Fully Paid,n,,,house,Loan Application,90xxx,CA,11.52,0.0,Jul-1971,0.0,,,8.0,0.0,8311.0,12.4,12.0,f,0.0,0.0,8765.0980705,8765.1,8000.0,765.1,0.0,0.0,0.0,Dec-2014,245.81,,Dec-2014,0.0,,1.0,INDIVIDUAL,,,,0.0,,,,,,,,,,,,,,,,,,0.0
2080931,2784373,22500.0,22500.0,22475.0, 60 months,16.77,556.41,D,D2,REDACTED,4 years,RENT,48500.0,Verified,Dec-2011,Fully Paid,n,,,credit_card,Loan Application,94xxx,CA,10.91,0.0,Apr-1992,0.0,,,7.0,0.0,23080.0,84.5,12.0,f,0.0,0.0,31397.8097357,31363.01,22500.0,8897.81,0.0,0.0,0.0,Dec-2014,11956.48,,Jan-2016,0.0,,1.0,INDIVIDUAL,,,,0.0,,,,,,,,,,,,,,,,,,0.0
4797795,8154321,12000.0,12000.0,12000.0, 36 months,17.27,429.45,D,D3,REDACTED,2 years,RENT,95000.0,Not Verified,Dec-2011,Fully Paid,n,,,debt_consolidation,Loan Application,30xxx,GA,11.1,0.0,Mar-2006,1.0,,,9.0,0.0,15037.0,88.5,19.0,f,0.0,0.0,14495.19,14495.19,12000.0,2495.19,0.0,0.0,0.0,Jun-2013,7203.38,,Sep-2015,0.0,,1.0,INDIVIDUAL,,,,0.0,,,,,,,,,,,,,,,,,,0.0
8525773,9108513,22000.0,22000.0,22000.0, 36 months,14.65,758.88,C,C3,REDACTED,< 1 year,RENT,58000.0,Verified,Dec-2011,Fully Paid,n,,,debt_consolidation,Loan Application,60xxx,IL,12.1,0.0,Jun-2003,1.0,,,11.0,0.0,20666.0,92.3,28.0,f,0.0,0.0,26358.4816097,26358.48,22000.0,4358.48,0.0,0.0,0.0,Feb-2014,2095.27,,Jan-2016,0.0,,1.0,INDIVIDUAL,,,,0.0,,,,,,,,,,,,,,,,,,0.0
6742739,6355556,6200.0,6200.0,6200.0, 36 months,10.65,201.96,B,B2,REDACTED,10+ years,MORTGAGE,24000.0,Not Verified,Dec-2011,Fully Paid,n,,,credit_card,Loan Application,99xxx,AK,19.95,0.0,Oct-2001,1.0,,,10.0,0.0,18210.0,55.2,11.0,f,0.0,0.0,6771.26,6771.26,6200.0,571.26,0.0,0.0,0.0,Dec-2012,4553.13,,Dec-2012,0.0,,1.0,INDIVIDUAL,,,,0.0,,,,,,,,,,,,,,,,,,0.0
4983922,3182249,15900.0,15900.0,15900.0, 36 months,9.91,512.38,B,B1,REDACTED,9 years,MORTGAGE,58000.0,Not Verified,Dec-2011,Fully Paid,n,,,debt_consolidation,Loan Application,23xxx,VA,21.72,0.0,Feb-2000,1.0,,,7.0,0.0,20393.0,64.5,15.0,f,0.0,0.0,18174.06,18174.06,15900.0,2274.06,0.0,0.0,0.0,Jan-2014,5892.77,,Jan-2016,0.0,,1.0,INDIVIDUAL,,,,0.0,,,,,,,,,,,,,,,,,,0.0
3753477,3694432,5000.0,5000.0,5000.0, 36 months,8.9,158.77,A,A5,REDACTED,,MORTGAGE,70000.0,Source Verified,Dec-2011,Fully Paid,n,,,other,Loan Application,92xxx,CA,16.17,1.0,May-1983,0.0,15.0,,9.0,0.0,8901.0,53.0,32.0,f,0.0,0.0,5651.83,5651.83,5000.0,651.83,0.0,0.0,0.0,Feb-2014,1689.2,,Oct-2014,0.0,,1.0,INDIVIDUAL,,,,0.0,,,,,,,,,,,,,,,,,,0.0
8992755,3685542,16000.0,16000.0,16000.0, 36 months,6.62,491.26,A,A2,REDACTED,3 years,MORTGAGE,104000.0,Not Verified,Dec-2011,Fully Paid,n,,,other,Loan Application,02xxx,MA,2.78,0.0,Jun-1996,1.0,,,10.0,0.0,1935.0,3.2,24.0,f,0.0,0.0,17679.8870163,17679.89,16000.0,1679.89,0.0,0.0,0.0,Dec-2014,523.16,,May-2015,0.0,,1.0,INDIVIDUAL,,,,0.0,,,,,,,,,,,,,,,,,,0.0
7908978,6177202,5000.0,5000.0,5000.0, 36 months,11.71,165.38,B,B3,REDACTED,4 years,RENT,35000.0,Not Verified,Dec-2011,Fully Paid,n,,,car,Loan Application,90xxx,CA,4.01,0.0,Oct-2006,1.0,,,3.0,0.0,4263.0,61.8,3.0,f,0.0,0.0,5727.46,5727.46,5000.0,727.46,0.0,0.0,0.0,Sep-2013,1905.29,,Oct-2013,0.0,,1.0,INDIVIDUAL,,,,0.0,,,,,,,,,,,,,,,,,,0.0
2336146,5255710,3150.0,3150.0,3150.0, 36 months,15.27,109.62,C,C4,REDACTED,5 years,RENT,53000.0,Source Verified,Dec-2011,Fully Paid,n,,,vacation,Loan Application,19xxx,PA,4.37,0.0,Sep-2006,3.0,50.0,,6.0,0.0,2124.0,28.2,10.0,f,0.0,0.0,3945.99,3945.99,3150.0,795.99,0.0,0.0,0.0,Dec-2014,109.29,,Dec-2015,0.0,,1.0,INDIVIDUAL,,,,0.0,,,,,,,,,,,,,,,,,,0.0
1597717,6491451,12000.0,12000.0,12000.0, 36 months,14.27,411.71,C,C2,REDACTED,2 years,RENT,28000.0,Source Verified,Dec-2011,Charged Off,n,,,credit_card,Loan Application,90xxx,CA,8.49,0.0,Aug-2007,1.0,,,9.0,0.0,8738.0,68.5,10.0,f,0.0,0.0,5423.3,5423.3,3441.99,1490.13,0.0,491.18,4.87,Dec-2012,411.71,,May-2013,0.0,,1.0,INDIVIDUAL,,,,0.0,,,,,,,,,,,,,,,,,,1.0
8572610,4730290,28000.0,28000.0,28000.0, 36 months,7.9,876.13,A,A4,REDACTED,4 years,MORTGAGE,118000.0,Verified,Dec-2011,Charged Off,n,,,home_improvement,Loan Application,60xxx,IL,5.29,0.0,Jul-1995,1.0,,,7.0,0.0,11849.0,24.8,23.0,f,0.0,0.0,9959.66,9959.66,7125.17,1634.43,0.0,1200.06,11.94,Oct-2012,876.13,,Sep-2014,0.0,,1.0,INDIVIDUAL,,,,0.0,,,,,,,,,,,,,,,,,,1.0
1231879,9691007,5000.0,5000.0,5000.0, 36 months,12.42,167.08,B,B4,REDACTED,< 1 year,RENT,40000.0,Not Verified,Dec-2011,Fully Paid,n,,,wedding,Loan Application,32xxx,FL,22.59,0.0,Feb-1997,0.0,49.0,,9.0,0.0,13091.0,82.3,26.0,f,0.0,0.0,6013.34827383,6013.35,5000.0,1013.35,0.0,0.0,0.0,Dec-2014,172.05,,Dec-2014,0.0,,1.0,INDIVIDUAL,,,,0.0,,,,,,,,,,,,,,,,,,0.0
8297371,9844843,3000.0,3000.0,3000.0, 36 months,9.91,96.68,B,B1,REDACTED,,MORTGAGE,42000.0,Not Verified,Dec-2011,Fully Paid,n,,,renewable_energy,Loan Application,55xxx,MN,4.29,0.0,Apr-2005,0.0,,,3.0,0.0,5289.0,33.3,3.0,f,0.0,0.0,3479.27380671,3479.27,3000.0,479.27,0.0,0.0,0.0,Dec-2014,101.19,,Dec-2014,0.0,,1.0,INDIVIDUAL,,,,0.0,,,,,,,,,,,,,,,,,,0.0
9990215,5495579,3000.0,3000.0,3000.0, 36 months,7.9,93.88,A,A4,REDACTED,10+ years,MORTGAGE,65000.0,Not Verified,Dec-2011,Charged Off,n,,,other,Loan Application,98xxx,WA,4.89,0.0,Aug-1994,0.0,,,4.0,0.0,3413.0,85.3,18.0,f,0.0,0.0,2720.04,2720.04,2357.46,362.58,0.0,0.0,0.0,May-2014,93.88,,Jan-2016,0.0,,1.0,INDIVIDUAL,,,,0.0,,,,,,,,,,,,,,,,,,1.0
1688629,6511291,8400.0,8400.0,8400.0, 36 months,6.62,257.92,A,A2,REDACTED,2 years,RENT,25000.0,Source Verified,Dec-2011,Fully Paid,n,,,debt_consolidation,Loan Application,90xxx,CA,11.86,0.0,Feb-2005,0.0,,,9.0,0.0,8993.0,36.1,19.0,f,0.0,0.0,9282.43116297,9282.43,8400.0,882.43,0.0,0.0,0.0,Dec-2014,274.47,,Oct-2015,0.0,,1.0,INDIVIDUAL,,,,0.0,,,,,,,,,,,,,,,,,,0.0
6398281,3095559,7000.0,7000.0,7000.0, 36 months,10.65,228.02,B,B2,REDACTED,10+ years,MORTGAGE,36000.0,Verified,Dec-2011,Fully Paid,n,,,debt_consolidation,Loan Application,92xxx,CA,24.0,0.0,Jun-1997,0.0,51.0,,14.0,0.0,6992.0,72.8,23.0,f,0.0,0.0,8099.27935067,8099.28,7000.0,1099.28,0.0,0.0,0.0,Feb-2014,2407.88,,Aug-2015,0.0,,1.0,INDIVIDUAL,,,,0.0,,,,,,,,,,,,,,,,,,0.0
4837630,5142447,18550.0,11600.0,11575.0, 60 months,19.42,303.6,E,E3,REDACTED,2 years,RENT,45000.0,Verified,Dec-2011,Current,n,,,debt_consolidation,Loan Application,60xxx,IL,21.68,0.0,Jun-2002,2.0,,117.0,9.0,1.0,18972.0,65.9,19.0,f,3291.8,3284.66,14562.66,14531.37,8308.2,6254.46,0.0,0.0,0.0,Dec-2015,303.6,Feb-2016,Jan-2016,0.0,,1.0,INDIVIDUAL,,,,0.0,,,,,,,,,,,,,,,,,,
9891027,6007150,2000.0,2000.0,2000.0, 36 months,9.91,64.45,B,B1,REDACTED,1 year,MORTGAGE,231252.0,Source Verified,Dec-2011,Fully Paid,n,,,other,Loan Application,30xxx,GA,11.43,0.0,Mar-1980,0.0,,,19.0,0.0,46267.0,93.5,43.0,f,0.0,0.0,2319.6070527,2319.61,2000.0,319.61,0.0,0.0,0.0,Dec-2014,67.24,,Jan-2016,0.0,,1.0,INDIVIDUAL,,,,0.0,,,,,,,,,,,,,,,,,,0.0
8708585,5496470,12000.0,9600.0,9600.0, 60 months,14.65,226.63,C,C3,REDACTED,3 years,RENT,65000.0,Not Verified,Dec-2011,Current,n,,,debt_consolidation,Loan Application,11xxx,NY,14.44,0.0,Feb-2005,2.0,,,12.0,0.0,6506.0,47.8,21.0,f,2516.03,2516.03,10876.42,10876.42,7083.97,3792.45,0.0,0.0,0.0,Dec-2015,226.63,Feb-2016,Jan-2016,0.0,,1.0,INDIVIDUAL,,,,0.0,,,,,,,,,,,,,,,,,,
2645206,5862697,8575.0,8575.0,8575.0, 36 months,17.58,308.21,D,D4,REDACTED,,MORTGAGE,32000.0,Verified,Dec-2011,Charged Off,n,,,debt_consolidation,Loan Application,32xxx,FL,22.54,0.0,Sep-2004,1.0,,,4.0,0.0,20142.0,89.9,5.0,f,0.0,0.0,4636.75,4636.75,2808.63,1497.35,0.0,330.77,3.35,Feb-2013,308.21,,Jul-2013,0.0,,1.0,INDIVIDUAL,,,,0.0,,,,,,,,,,,,,,,,,,1.0
1951899,3607729,28000.0,18625.0,18600.0, 60 months,12.42,418.27,B,B4,REDACTED,8 years,MORTGAGE,84996.0,Verified,Dec-2011,Charged Off,n,,,debt_consolidation,Loan Application,30xxx,GA,23.41,0.0,Dec-1998,0.0,,,13.0,0.0,47111.0,44.2,40.0,f,0.0,0.0,14647.04,14627.4,12259.35,2001.31,20.8906275,365.49,4.31,Mar-2013,10000.0,,Jan-2016,0.0,,1.0,INDIVIDUAL,,,,0.0,,,,,,,,,,,,,,,,,,1.0
7742884,4240606,10000.0,10000.0,10000.0, 36 months,7.9,312.91,A,A4,REDACTED,6 years,RENT,66000.0,Not Verified,Dec-2011,Fully Paid,n,,,debt_consolidation,Loan Application,97xxx,OR,12.42,0.0,Oct-1996,1.0,,,8.0,0.0,18244.0,89.4,24.0,f,0.0,0.0,11232.7824032,11232.78,10000.0,1232.78,0.0,0.0,0.0,Jul-2014,1854.33,,Nov-2015,0.0,,1.0,INDIVIDUAL,,,,0.0,,,,,,,,,,,,,,,,,,0.0
6007280,7612229,25000.0,25000.0,25000.0, 36 months,19.42,921.72,E,E3,REDACTED,2 years,MORTGAGE,92000.0,Verified,Dec-2011,Fully Paid,n,,,credit_card,Loan Application,71xxx,LA,21.68,0.0,Jul-1998,0.0,,,9.0,0.0,24430.0,84.5,38.0,f,0.0,0.0,32200.3500321,32200.35,25000.0,7200.35,0.0,0.0,0.0,May-2014,3405.45,,May-2014,0.0,,1.0,INDIVIDUAL,,,,0.0,,,,,,,,,,,,,,,,,,0.0
4791591,8028727,8000.0,8000.0,8000.0, 36 months,11.71,264.61,B,B3,REDACTED,10+ years,RENT,70000.0,Not Verified,Dec-2011,Fully Paid,n,,,credit_card,Loan Application,90xxx,CA,20.21,0.0,Dec-2005,0.0,,,9.0,0.0,19607.0,92.1,22.0,f,0.0,0.0,9522.44792643,9522.45,8000.0,1522.45,0.0,0.0,0.0,Nov-2014,534.46,,Jan-2016,0.0,,1.0,INDIVIDUAL,,,,0.0,,,,,,,,,,,,,,,,,,0.0
4117251,3687120,16000.0,16000.0,15975.0, 60 months,18.25,408.48,D,D5,REDACTED,10+ years,MORTGAGE,49000.0,Verified,Dec-2011,Charged Off,n,,,credit_card,Loan Application,44xxx,OH,18.39,0.0,Dec-2001,2.0,,,15.0,0.0,22500.0,94.5,23.0,f,0.0,0.0,8576.66,8563.39,4035.93,4540.73,0.0,0.0,0.0,Oct-2013,30.8,,Jan-2016,0.0,,1.0,INDIVIDUAL,,,,0.0,,,,,,,,,,,,,,,,,,1.0
8580089,6364983,25000.0,25000.0,24975.0, 36 months,11.71,826.9,B,B3,REDACTED,8 years,MORTGAGE,76896.0,Verified,Dec-2011,Fully Paid,n,,,debt_consolidation,Loan Application,33xxx,FL,13.9,0.0,Feb-2000,0.0,,,12.0,0.0,24916.0,76.0,33.0,f,0.0,0.0,29594.0997873,29564.54,25000.0,4594.1,0.0,0.0,0.0,Jun-2014,5652.84,,Oct-2014,0.0,,1.0,INDIVIDUAL,,,,0.0,,,,,,,,,,,,,,,,,,0.0
6842571,4401948,2000.0,2000.0,2000.0, 36 months,9.91,64.45,B,B1,REDACTED,10+ years,RENT,24000.0,Not Verified,Dec-2011,Fully Paid,n,,,other,Loan Application,60xxx,IL,13.5,0.0,May-1999,0.0,,87.0,6.0,1.0,9583.0,64.2,10.0,f,0.0,0.0,2319.83771729,2319.84,2000.0,319.84,0.0,0.0,0.0,Jan-2015,66.17,,Dec-2015,0.0,,1.0,INDIVIDUAL,,,,0.0,,,,,,,,,,,,,,,,,,0.0
8260312,8205670,16800.0,16800.0,16800.0, 36 months,14.65,579.51,C,C3,REDACTED,2 years,RENT,60000.0,Verified,Dec-2011,Fully Paid,n,,,credit_card,Loan Application,77xxx,TX,14.52,0.0,Mar-2003,1.0,,,7.0,0.0,22373.0,96.9,14.0,f,0.0,0.0,20858.3256971,20858.33,16800.0,4058.33,0.0,0.0,0.0,Jan-2015,590.23,,Mar-2015,0.0,,1.0,INDIVIDUAL,,,,0.0,,,,,,,,,,,,,,,,,,0.0
9941350,9703269,8000.0,8000.0,8000.0, 36 months,8.9,254.03,A,A5,REDACTED,3 years,MORTGAGE,120000.0,Not Verified,Dec-2011,Fully Paid,n,,,credit_card,Loan Application,91xxx,CA,10.52,0.0,Oct-2000,0.0,,,10.0,0.0,13268.0,60.6,15.0,f,0.0,0.0,8300.5,8300.5,8000.0,300.5,0.0,0.0,0.0,Jun-2012,4783.91,,Oct-2015,0.0,,1.0,INDIVIDUAL,,,,0.0,,,,,,,,,,,,,,,,,,0.0
3243791,2102534,12000.0,12000.0,12000.0, 60 months,12.69,271.14,B,B5,REDACTED,9 years,MORTGAGE,57000.0,Not Verified,Dec-2011,Fully Paid,n,,,debt_consolidation,Loan Application,06xxx,CT,19.71,0.0,Nov-2005,0.0,,,10.0,0.0,15311.0,66.3,13.0,f,0.0,0.0,15721.2184334,15721.22,12000.0,3721.22,0.0,0.0,0.0,Apr-2015,5175.1,,May-2015,0.0,,1.0,INDIVIDUAL,,,,0.0,,,,,,,,,,,,,,,,,,0.0
3708145,1665208,11000.0,11000.0,11000.0, 36 months,7.9,344.2,A,A4,REDACTED,4 years,MORTGAGE,80000.0,Not Verified,Dec-2011,Charged Off,n,,,credit_card,Loan Application,85xxx,AZ,4.74,0.0,Dec-1999,0.0,,,8.0,0.0,7690.0,77.7,15.0,f,0.0,0.0,3094.2,3094.2,2508.54,585.66,0.0,0.0,0.0,Sep-2012,344.2,,Jan-2016,0.0,,1.0,INDIVIDUAL,,,,0.0,,,,,,,,,,,,,,,,,,1.0
8104061,4848450,5000.0,5000.0,5000.0, 36 months,16.29,176.51,D,D1,REDACTED,6 years,MORTGAGE,85000.0,Source Verified,Dec-2011,Charged Off,n,,,medical,Loan Application,98xxx,WA,22.81,0.0,May-2004,2.0,,,9.0,0.0,19925.0,90.0,17.0,f,0.0,0.0,4056.05,4056.05,2907.06,1148.99,0.0,0.0,0.0,Nov-2013,176.51,,Jan-2016,0.0,,1.0,INDIVIDUAL,,,,0.0,,,,,,,,,,,,,,,,,,1.0
8835291,9948595,18000.0,18000.0,18000.0, 36 months,16.29,635.41,D,D1,REDACTED,10+ years,OWN,140000.0,Verified,Dec-2011,Fully Paid,n,,,debt_consolidation,Loan Application,77xxx,TX,21.8,0.0,Jan-2000,1.0,,,14.0,0.0,34809.0,90.2,35.0,f,0.0,0.0,22871.1280893,22871.13,18000.0,4871.13,0.0,0.0,0.0,Dec-2014,644.78,,Dec-2014,0.0,,1.0,INDIVIDUAL,,,,0.0,,,,,,,,,,,,,,,,,,0.0
5934157,9069566,10000.0,10000.0,10000.0, 36 months,12.69,335.45,B,B5,REDACTED,6 years,OWN,36000.0,Verified,Dec-2011,Charged Off,n,,,debt_consolidation,Loan Application,91xxx,CA,15.9,0.0,Dec-2006,3.0,,,8.0,0.0,6397.0,65.3,10.0,f,0.0,0.0,9758.77,9758.77,7421.06,1947.62,0.0,390.09,3.6617,Apr-2014,335.45,,Sep-2014,0.0,,1.0,INDIVIDUAL,,,,0.0,,,,,,,,,,,,,,,,,,1.0
4114394,1098756,5000.0,5000.0,5000.0, 36 months,9.91,161.13,B,B1,REDACTED,< 1 year,RENT,70000.0,Source Verified,Dec-2011,Fully Paid,n,,,credit_card,Loan Application,43xxx,OH,13.92,0.0,Sep-1990,1.0,53.0,,9.0,0.0,26171.0,64.3,23.0,f,0.0,0.0,5799.20207478,5799.2,5000.0,799.2,0.0,0.0,0.0,Dec-2014,166.93,,Jun-2015,0.0,,1.0,INDIVIDUAL,,,,0.0,,,,,,,,,,,,,,,,,,0.0
1265696,1824590,10000.0,10000.0,10000.0, 36 months,16.29,353.01,D,D1,REDACTED,4 years,RENT,51360.0,Source Verified,Dec-2011,Fully Paid,n,,,credit_card,Loan Application,11xxx,NY,16.61,0.0,Aug-2007,0.0,,,8.0,0.0,8495.0,79.1,9.0,f,0.0,0.0,12705.7819884,12705.78,10000.0,2705.78,0.0,0.0,0.0,Dec-2014,359.01,,Dec-2014,0.0,,1.0,INDIVIDUAL,,,,0.0,,,,,,,,,,,,,,,,,,0.0
5916322,7370832,25000.0,25000.0,25000.0, 36 months,9.91,805.63,B,B1,REDACTED,4 years,RENT,163000.0,Verified,Dec-2011,Fully Paid,n,,,vacation,Loan Application,95xxx,CA,4.4,0.0,Jul-2007,0.0,,,5.0,0.0,865.0,4.6,10.0,f,0.0,0.0,26319.56,26319.56,25000.0,1319.56,0.0,0.0,0.0,Aug-2012,11684.88,,Aug-2012,0.0,,1.0,INDIVIDUAL,,,,0.0,,,,,,,,,,,,,,,,,,0.0
3026231,7893549,2400.0,2400.0,2400.0, 36 months,12.69,80.51,B,B5,REDACTED,4 years,MORTGAGE,59393.0,Source Verified,Dec-2011,Fully Paid,n,,,medical,Loan Application,97xxx,OR,13.7,0.0,Aug-1997,1.0,50.0,45.0,12.0,1.0,3265.0,44.1,18.0,f,0.0,0.0,2852.34,2852.34,2400.0,452.34,0.0,0.0,0.0,Feb-2014,845.0,,Jan-2016,0.0,,1.0,INDIVIDUAL,,,,0.0,,,,,,,,,,,,,,,,,,0.0
7618915,6321763,3000.0,3000.0,3000.0, 36 months,16.29,105.91,D,D1,REDACTED,4 years,MORTGAGE,65000.0,Not Verified,Dec-2011,Charged Off,n,,,other,Loan Application,33xxx,FL,15.16,0.0,Jun-2007,1.0,,,12.0,0.0,9089.0,60.2,18.0,f,0.0,0.0,2704.36,2704.36,1830.43,709.12,0.0,164.81,1.6481000002,Jan-2014,105.91,,May-2014,0.0,,1.0,INDIVIDUAL,,,,0.0,,,,,,,,,,,,,,,,,,1.0
8552055,3328205,7700.0,7700.0,7700.0, 36 months,16.77,273.65,D,D2,REDACTED,3 years,RENT,29772.96,Source Verified,Dec-2011,Charged Off,n,,,other,Loan Application,76xxx,TX,18.58,0.0,Aug-2000,0.0,,,6.0,0.0,9206.0,82.9,11.0,f,0.0,0.0,4911.95,4911.95,3153.85,1486.98,0.0,271.12,2.74,Jun-2013,273.65,,Oct-2013,0.0,,1.0,INDIVIDUAL,,,,0.0,,,,,,,,,,,,,,,,,,1.0
6987676,2470145,2400.0,2400.0,2400.0, 36 months,13.49,81.44,C,C1,REDACTED,< 1 year,OWN,12996.0,Source Verified,Dec-2011,Fully Paid,n,,,other,Loan Application,76xxx,TX,4.71,0.0,Sep-2006,1.0,,,5.0,0.0,2902.0,96.7,13.0,f,0.0,0.0,2929.34381691,2929.34,2400.0,529.34,0.0,0.0,0.0,Dec-2014,88.56,,Jan-2015,0.0,,1.0,INDIVIDUAL,,,,0.0,,,,,,,,,,,,,,,,,,0.0
4384329,5033594,18500.0,11925.0,11900.0, 60 months,19.03,309.54,E,E2,REDACTED,10+ years,MORTGAGE,68000.0,Verified,Dec-2011,Current,n,,,debt_consolidation,Loan Application,06xxx,CT,20.89,0.0,Jul-1985,0.0,39.0,,12.0,0.0,31962.0,87.8,35.0,f,3373.07,3365.93,14823.37,14792.45,8551.94,6271.43,0.0,0.0,0.0,Jan-2016,309.54,Feb-2016,Jan-2016,0.0,,1.0,INDIVIDUAL,,,,0.0,,,,,,,,,,,,,,,,,,
3965419,3564897,5000.0,5000.0,5000.0, 36 months,10.65,162.87,B,B2,REDACTED,1 year,OWN,44475.0,Not Verified,Dec-2011,Fully Paid,n,,,credit_card,Loan Application,92xxx,CA,17.11,0.0,Oct-2002,0.0,25.0,,9.0,0.0,7464.0,70.4,14.0,f,0.0,0.0,5481.42,5481.42,5000.0,481.42,0.0,0.0,0.0,Feb-2013,367.87,,Mar-2013,0.0,,1.0,INDIVIDUAL,,,,0.0,,,,,,,,,,,,,,,,,,0.0
4573773,2169504,14000.0,14000.0,14000.0, 36 months,17.58,503.19,D,D4,REDACTED,10+ years,MORTGAGE,88000.0,Verified,Dec-2011,Fully Paid,n,,,debt_consolidation,Loan Application,77xxx,TX,7.73,3.0,Oct-1995,0.0,3.0,,13.0,0.0,7115.0,40.7,24.0,f,0.0,0.0,16302.86,16302.86,14000.0,2302.86,0.0,0.0,0.0,Jan-2013,10278.76,,Jul-2015,0.0,,1.0,INDIVIDUAL,,,,0.0,,,,,,,,,,,,,,,,,,0.0
5475121,9230479,24500.0,24500.0,24475.0, 60 months,20.89,661.3,F,F1,REDACTED,4 years,RENT,85000.0,Verified,Dec-2011,Charged Off,n,,,credit_card,Loan Application,07xxx,NJ,9.09,0.0,Apr-2004,0.0,,,6.0,0.0,19668.0,94.4,8.0,f,0.0,0.0,3994.86,3990.8,962.75,1679.05,0.0,1353.06,13.25,Apr-2012,661.3,,Sep-2012,0.0,,1.0,INDIVIDUAL,,,,0.0,,,,,,,,,,,,,,,,,,1.0
7447768,5110707,2400.0,2400.0,2400.0, 36 months,10.65,78.18,B,B2,REDACTED,3 years,MORTGAGE,36000.0,Not Verified,Dec-2011,Fully Paid,n,,,major_purchase,Loan Application,30xxx,GA,15.7,0.0,Mar-1992,1.0,,,6.0,0.0,12480.0,82.6,9.0,f,0.0,0.0,2813.7685125,2813.77,2400.0,413.77,0.0,0.0,0.0,Dec-2014,80.33,,Dec-2014,0.0,,1.0,INDIVIDUAL,,,,0.0,,,,,,,,,,,,,,,,,,0.0
9493176,6738936,1800.0,1800.0,1800.0, 36 months,12.42,60.15,B,B4,REDACTED,7 years,RENT,117000.0,Not Verified,Dec-2011,Fully Paid,n,,,other,Loan Application,94xxx,CA,15.86,0.0,Feb-2000,0.0,26.0,,5.0,0.0,11180.0,60.8,34.0,f,0.0,0.0,1993.78,1993.78,1800.0,193.78,0.0,0.0,0.0,Dec-2012,1334.02,,Jan-2016,0.0,,1.0,INDIVIDUAL,,,,0.0,,,,,,,,,,,,,,,,,,0.0
1760364,8107644,22200.0,22200.0,22200.0, 36 months,19.42,818.49,E,E3,REDACTED,2 years,RENT,160000.0,Source Verified,Dec-2011,Charged Off,n,,,debt_consolidation,Loan Application,91xxx,CA,13.33,0.0,Oct-1996,1.0,69.0,,12.0,0.0,10070.0,89.1,25.0,f,0.0,0.0,9174.61,9174.61,4940.21,3242.59,0.0,991.81,9.81,Oct-2012,818.49,,Mar-2013,0.0,,1.0,INDIVIDUAL,,,,0.0,,,,,,,,,,,,,,,,,,1.0
8108704,6133006,21400.0,21400.0,21400.0, 60 months,19.42,560.09,E,E3,REDACTED,3 years,RENT,80000.0,Verified,Dec-2011,Fully Paid,n,,,credit_card,Loan Application,33xxx,FL,19.66,0.0,Aug-2000,2.0,,,16.0,0.0,21721.0,66.2,44.0,f,0.0,0.0,28119.77,28119.77,21400.0,6719.77,0.0,0.0,0.0,Oct-2013,16372.02,,Jan-2016,0.0,,1.0,INDIVIDUAL,,,,0.0,,,,,,,,,,,,,,,,,,0.0
1221114,7882524,13000.0,13000.0,13000.0, 36 months,7.9,406.78,A,A4,REDACTED,10+ years,RENT,28000.0,Not Verified,Dec-2011,Charged Off,n,,,credit_card,Loan Application,55xxx,MN,16.93,0.0,Apr-2000,0.0,,,7.0,0.0,14078.0,66.1,19.0,f,0.0,0.0,6735.25,6735.25,5072.35,1208.26,0.0,454.64,4.78,Jun-2013,61.06,,Oct-2013,0.0,,1.0,INDIVIDUAL,,,,0.0,,,,,,,,,,,,,,,,,,1.0
1573114,3637222,8000.0,8000.0,8000.0, 36 months,12.69,268.36,B,B5,REDACTED,5 years,RENT,48000.0,Not Verified,Dec-2011,Fully Paid,n,,,car,Loan Application,92xxx,CA,15.33,2.0,Jul-1997,2.0,9.0,,10.0,0.0,4384.0,38.5,15.0,f,0.0,0.0,9658.23553911,9658.24,8000.0,1658.24,0.0,0.0,0.0,Dec-2014,277.8,,Dec-2014,0.0,,1.0,INDIVIDUAL,,,,0.0,,,,,,,,,,,,,,,,,,0.0
5487994,4588537,3600.0,3600.0,3600.0, 36 months,12.69,120.77,B,B5,REDACTED,10+ years,MORTGAGE,60000.0,Not Verified,Dec-2011,Charged Off,n,,,medical,Loan Application,48xxx,MI,19.0,0.0,Aug-2001,3.0,,83.0,10.0,1.0,1104.0,13.0,17.0,f,0.0,0.0,3612.83,3612.83,2785.13,711.48,0.0,116.22,1.1621999996,May-2014,120.77,,Oct-2014,0.0,,1.0,INDIVIDUAL,,,,0.0,,,,,,,,,,,,,,,,,,1.0
6104853,2202798,12375.0,12375.0,12375.0, 60 months,23.13,349.79,G,G2,REDACTED,5 years,RENT,40000.0,Not Verified,Dec-2011,Charged Off,n,,,other,Loan Application,32xxx,FL,20.88,0.0,Jan-1996,0.0,78.0,,27.0,0.0,13768.0,22.5,31.0,f,0.0,0.0,8530.26,8530.26,2444.99,4602.6,0.0,1482.67,23.0107000132,Jan-2014,52.05,,Feb-2014,0.0,,1.0,INDIVIDUAL,,,,0.0,,,,,,,,,,,,,,,,,,1.0
6313242,1675517,9400.0,9400.0,9400.0, 36 months,9.91,302.92,B,B1,REDACTED,2 years,RENT,45500.0,Verified,Dec-2011,Fully Paid,n,,,debt_consolidation,Loan Application,30xxx,GA,11.84,0.0,Nov-2004,0.0,,,7.0,0.0,16982.0,51.8,7.0,f,0.0,0.0,10879.1578981,10879.16,9400.0,1479.16,0.0,0.0,0.0,Aug-2014,1495.14,,Aug-2014,0.0,,1.0,INDIVIDUAL,,,,0.0,,,,,,,,,,,,,,,,,,0.0
6825073,2169593,9600.0,9600.0,9600.0, 36 months,14.27,329.37,C,C2,REDACTED,6 years,MORTGAGE,156000.0,Verified,Dec-2011,Fully Paid,n,,,home_improvement,Loan Application,32xxx,FL,15.54,0.0,Jul-1991,3.0,35.0,,16.0,0.0,1679.0,18.9,18.0,f,0.0,0.0,11852.9566913,11852.96,9600.0,2252.96,0.0,0.0,0.0,Dec-2014,342.43,,May-2015,0.0,,1.0,INDIVIDUAL,,,,0.0,,,,,,,,,,,,,,,,,,0.0
7537916,6953782,17000.0,17000.0,17000.0, 36 months,10.65,553.75,B,B2,REDACTED,1 year,RENT,40000.0,Verified,Dec-2011,Fully Paid,n,,,debt_consolidation,Loan Application,19xxx,PA,18.63,0.0,Nov-1999,0.0,,,8.0,0.0,19782.0,80.1,12.0,f,0.0,0.0,19932.4139991,19932.41,17000.0,2932.41,0.0,0.0,0.0,Dec-2014,563.9,,Dec-2014,0.0,,1.0,INDIVIDUAL,,,,0.0,,,,,,,,,,,,,,,,,,0.0
3673653,1376320,25000.0,17275.0,17250.0, 60 months,19.03,448.41,E,E2,REDACTED,10+ years,MORTGAGE,96000.0,Verified,Dec-2011,Current,n,,,debt_consolidation,Loan Application,60xxx,IL,16.19,0.0,Nov-1995,2.0,,,15.0,0.0,21572.0,58.5,33.0,f,4886.52,4879.37,21478.1,21447.18,12388.48,9089.62,0.0,0.0,0.0,Dec-2015,448.41,Feb-2016,Jan-2016,0.0,,1.0,INDIVIDUAL,,,,0.0,,,,,,,,,,,,,,,,,,
3779948,2169730,16950.0,16950.0,16950.0, 60 months,16.77,419.16,D,D2,REDACTED,10+ years,MORTGAGE,50000.0,Source Verified,Dec-2011,Late (31-120 days),n,,,debt_consolidation,Loan Application,28xxx,NC,14.47,0.0,Nov-1998,1.0,56.0,,12.0,0.0,32164.0,78.5,23.0,f,5059.38,5059.38,19681.28,19681.28,11890.62,7790.66,0.0,0.0,0.0,Dec-2015,419.16,Jan-2016,Jan-2016,0.0,,1.0,INDIVIDUAL,,,,0.0,,,,,,,,,,,,,,,,,,1.0
9847010,3933933,30000.0,19275.0,19250.0, 60 months,19.03,500.33,E,E2,REDACTED,10+ years,MORTGAGE,80000.0,Verified,Dec-2011,Fully Paid,n,,,credit_card,Loan Application,77xxx,TX,26.82,0.0,Dec-1999,1.0,,,8.0,0.0,26710.0,85.1,29.0,f,0.0,0.0,26865.3714311,26830.63,19275.0,7590.37,0.0,0.0,0.0,Jun-2014,12384.4,,Jul-2014,0.0,,1.0,INDIVIDUAL,,,,0.0,,,,,,,,,,,,,,,,,,0.0
5790264,4368268,10800.0,10800.0,10800.0, 36 months,14.27,370.54,C,C2,REDACTED,6 years,MORTGAGE,110000.0,Source Verified,Dec-2011,Fully Paid,n,,,credit_card,Loan Application,89xxx,NV,2.67,0.0,Sep-2001,0.0,41.0,,10.0,0.0,7045.0,69.1,21.0,f,0.0,0.0,12320.7300009,12320.73,10800.0,1520.73,0.0,0.0,0.0,Feb-2013,7514.09,,Jan-2016,0.0,,1.0,INDIVIDUAL,,,,0.0,,,,,,,,,,,,,,,,,,0.0
7993234,5148996,6000.0,6000.0,6000.0, 36 months,7.9,187.75,A,A4,REDACTED,10+ years,RENT,59400.0,Not Verified,Dec-2011,Fully Paid,n,,,credit_card,Loan Application,94xxx,CA,19.17,0.0,Mar-1986,1.0,,,9.0,0.0,10515.0,76.2,21.0,f,0.0,0.0,6756.73049287,6756.73,6000.0,756.73,0.0,0.0,0.0,Dec-2014,378.17,,Jan-2016,0.0,,1.0,INDIVIDUAL,,,,0.0,,,,,,,,,,,,,,,,,,0.0
6888801,9654267,35000.0,35000.0,35000.0, 36 months,8.9,1111.37,A,A5,REDACTED,10+ years,MORTGAGE,106000.0,Verified,Dec-2011,Fully Paid,n,,,credit_card,Loan Application,80xxx,CO,12.09,0.0,Jul-1992,0.0,,,10.0,0.0,51441.0,60.2,28.0,f,0.0,0.0,40007.2011704,40007.2,35000.0,5007.2,0.0,0.0,0.0,Dec-2014,1120.69,,Dec-2014,0.0,,1.0,INDIVIDUAL,,,,0.0,,,,,,,,,,,,,,,,,,0.0
4674700,6410559,10000.0,10000.0,10000.0, 36 months,10.65,325.74,B,B2,REDACTED,7 years,RENT,36000.0,Not Verified,Dec-2011,Fully Paid,n,,,debt_consolidation,Loan Application,11xxx,NY,14.0,0.0,Jun-2005,0.0,,,5.0,0.0,12208.0,78.9,12.0,f,0.0,0.0,10593.37,10593.37,10000.0,593.37,0.0,0.0,0.0,Sep-2012,341.9,,Jun-2013,0.0,,1.0,INDIVIDUAL,,,,0.0,,,,,,,,,,,,,,,,,,0.0
1673191,5083345,15000.0,15000.0,15000.0, 60 months,19.91,396.66,E,E4,REDACTED,4 years,RENT,51000.0,Verified,Dec-2011,Fully Paid,n,,,credit_card,Loan Application,14xxx,NY,20.85,0.0,Oct-2003,2.0,,,13.0,0.0,8162.0,92.7,18.0,f,0.0,0.0,21051.4102489,21051.41,15000.0,6051.41,0.0,0.0,0.0,May-2014,9952.99,,Jan-2016,0.0,,1.0,INDIVIDUAL,,,,0.0,,,,,,,,,,,,,,,,,,0.0
2982123,7372600,5000.0,5000.0,5000.0, 36 months,12.69,167.73,B,B5,REDACTED,2 years,RENT,25000.0,Not Verified,Dec-2011,Fully Paid,n,,,other,Loan Application,60xxx,IL,20.54,0.0,Jan-2001,0.0,,,15.0,0.0,6811.0,97.3,37.0,f,0.0,0.0,6036.059158,6036.06,5000.0,1036.06,0.0,0.0,0.0,Dec-2014,174.61,,Dec-2014,0.0,,1.0,INDIVIDUAL,,,,0.0,,,,,,,,,,,,,,,,,,0.0
5440871,7957267,3000.0,3000.0,3000.0, 60 months,17.27,75.0,D,D3,REDACTED,5 years,RENT,35000.0,Verified,Dec-2011,Current,n,,,debt_consolidation,Loan Application,95xxx,CA,11.42,0.0,Dec-2005,1.0,,,11.0,0.0,8580.0,66.5,15.0,f,824.01,824.01,3593.5,3593.5,2175.99,1417.51,0.0,0.0,0.0,Dec-2015,75.0,Feb-2016,Jan-2016,0.0,,1.0,INDIVIDUAL,,,,0.0,,,,,,,,,,,,,,,,,,
5742735,4801105,7100.0,7100.0,7100.0, 36 months,14.65,244.91,C,C3,REDACTED,1 year,RENT,33000.0,Not Verified,Dec-2011,Charged Off,n,,,debt_consolidation,Loan Application,60xxx,IL,23.85,0.0,Jun-2006,2.0,,,10.0,0.0,5148.0,41.5,13.0,f,0.0,0.0,3915.2,3915.2,2774.87,1140.33,0.0,0.0,0.0,Apr-2013,244.91,,Jan-2016,0.0,,1.0,INDIVIDUAL,,,,0.0,,,,,,,,,,,,,,,,,,1.0
4521897,6446474,12000.0,12000.0,12000.0, 36 months,16.77,426.47,D,D2,REDACTED,10+ years,MORTGAGE,93000.0,Not Verified,Dec-2011,Fully Paid,n,,,credit_card,Loan Application,95xxx,CA,13.46,0.0,Feb-1999,2.0,,,12.0,0.0,23691.0,92.5,21.0,f,0.0,0.0,15345.7744316,15345.77,12000.0,3345.77,0.0,0.0,0.0,Dec-2014,443.76,,Jan-2016,0.0,,1.0,INDIVIDUAL,,,,0.0,,,,,,,,,,,,,,,,,,0.0
1102713,6895733,22400.0,22400.0,22400.0, 60 months,22.74,628.13,G,G1,REDACTED,6 years,RENT,85000.0,Not Verified,Dec-2011,Charged Off,n,,,credit_card,Loan Application,10xxx,NY,7.02,2.0,Dec-1972,1.0,14.0,,14.0,0.0,13773.0,58.7,16.0,f,0.0,0.0,26376.52,26376.52,12893.89,13482.63,0.0,0.0,0.0,Jun-2015,628.13,,Jan-2016,0.0,,1.0,INDIVIDUAL,,,,0.0,,,,,,,,,,,,,,,,,,1.0
7931871,9380452,5825.0,5825.0,5825.0, 36 months,10.65,189.74,B,B2,REDACTED,8 years,RENT,50000.0,Not Verified,Dec-2011,Fully Paid,n,,,debt_consolidation,Loan Application,91xxx,CA,13.25,0.0,Dec-1998,3.0,,,9.0,0.0,16641.0,89.0,16.0,f,0.0,0.0,6829.17920347,6829.18,5825.0,1004.18,0.0,0.0,0.0,Jan-2015,195.78,,Jan-2015,0.0,,1.0,INDIVIDUAL,,,,0.0,,,,,,,,,,,,,,,,,,0.0
8327007,3932093,22250.0,22250.0,22250.0, 36 months,12.69,746.38,B,B5,REDACTED,2 years,RENT,41000.0,Verified,Dec-2011,Charged Off,n,,,debt_consolidation,Loan Application,11xxx,NY,15.63,0.0,Dec-2004,0.0,,,8.0,0.0,15791.0,61.9,10.0,f,0.0,0.0,19580.94,19580.94,14038.0,4421.84,0.0,1121.1,11.2109999988,Apr-2014,837.88,,Jan-2016,0.0,,1.0,INDIVIDUAL,,,,0.0,,,,,,,,,,,,,,,,,,1.0
2038717,5792556,18000.0,18000.0,18000.0, 60 months,16.77,445.13,D,D2,REDACTED,2 years,RENT,50000.0,Verified,Dec-2011,Current,n,,,debt_consolidation,Loan Application,90xxx,CA,21.22,0.0,Jun-2003,1.0,,,9.0,0.0,19489.0,77.6,15.0,f,4900.89,4900.89,21337.38,21337.38,13099.11,8238.27,0.0,0.0,0.0,Dec-2015,445.13,Feb-2016,Jan-2016,0.0,,1.0,INDIVIDUAL,,,,0.0,,,,,,,,,,,,,,,,,,
1365399,1837255,6000.0,6000.0,6000.0, 36 months,12.42,200.5,B,B4,REDACTED,4 years,RENT,30000.0,Source Verified,Dec-2011,Fully Paid,n,,,credit_card,Loan Application,53xxx,WI,7.2,0.0,Jan-2006,0.0,38.0,,4.0,0.0,5802.0,72.5,7.0,f,0.0,0.0,6690.69,6690.69,6000.0,690.69,0.0,0.0,0.0,Jan-2013,4288.4,,Feb-2013,0.0,,1.0,INDIVIDUAL,,,,0.0,,,,,,,,,,,,,,,,,,0.0
7300904,8108341,7650.0,7650.0,7650.0, 36 months,11.71,253.04,B,B3,REDACTED,5 years,RENT,57000.0,Verified,Dec-2011,Charged Off,n,,,debt_consolidation,Loan Application,92xxx,CA,23.96,0.0,Apr-2006,1.0,,,10.0,0.0,24086.0,63.4,18.0,f,0.0,0.0,3098.5,3098.5,2056.23,720.94,0.0,321.33,3.15,Nov-2012,253.04,,Apr-2013,0.0,,1.0,INDIVIDUAL,,,,0.0,,,,,,,,,,,,,,,,,,1.0
8388764,7824406,21000.0,21000.0,21000.0, 60 months,18.25,536.13,D,D5,REDACTED,2 years,RENT,110000.0,Verified,Dec-2011,Current,n,,,credit_card,Loan Application,15xxx,PA,13.55,0.0,Oct-2003,2.0,,,9.0,0.0,16854.0,94.7,23.0,f,5852.78,5852.78,25707.46,25707.46,15147.22,10560.24,0.0,0.0,0.0,Dec-2015,536.13,Feb-2016,Jan-2016,0.0,,1.0,INDIVIDUAL,,,,0.0,,,,,,,,,,,,,,,,,,
6640727,3981401,20675.0,20675.0,20650.0, 60 months,15.27,494.8,C,C4,REDACTED,7 years,RENT,50132.0,Verified,Dec-2011,Charged Off,n,,,other,Loan Application,91xxx,CA,23.31,0.0,Apr-2000,1.0,,,6.0,0.0,9487.0,74.1,17.0,f,0.0,0.0,5928.84,5921.76,2979.22,2949.62,0.0,0.0,0.0,Dec-2012,494.8,,Jan-2016,0.0,,1.0,INDIVIDUAL,,,,0.0,,,,,,,,,,,,,,,,,,1.0
3950716,1268845,13200.0,13200.0,13200.0, 36 months,7.9,413.04,A,A4,REDACTED,6 years,MORTGAGE,62500.0,Source Verified,Dec-2011,Fully Paid,n,,,debt_consolidation,Loan Application,28xxx,NC,12.06,0.0,Nov-1996,0.0,,,7.0,0.0,10264.0,55.8,17.0,f,0.0,0.0,14097.72,14097.72,13200.0,897.72,0.0,0.0,0.0,Dec-2012,9560.52,,Nov-2015,0.0,,1.0,INDIVIDUAL,,,,0.0,,,,,,,,,,,,,,,,,,0.0
2054080,7609422,12000.0,12000.0,12000.0, 36 months,7.51,373.33,A,A3,REDACTED,< 1 year,RENT,60000.0,Verified,Dec-2011,Fully Paid,n,,,debt_consolidation,Loan Application,70xxx,LA,20.7,0.0,Jan-2000,1.0,,,11.0,0.0,12818.0,63.1,46.0,f,0.0,0.0,13436.2785138,13436.28,12000.0,1436.28,0.0,0.0,0.0,Dec-2014,396.25,,Dec-2014,0.0,,1.0,INDIVIDUAL,,,,0.0,,,,,,,,,,,,,,,,,,0.0
2504773,2509740,20000.0,12500.0,12475.0, 60 months,19.03,324.47,E,E2,REDACTED,6 years,RENT,130000.0,Verified,Dec-2011,Fully Paid,n,,,debt_consolidation,Loan Application,85xxx,AZ,9.06,0.0,Dec-1993,0.0,26.0,91.0,9.0,1.0,24185.0,90.6,25.0,f,0.0,0.0,15402.03,15371.28,12500.0,2902.03,0.0,0.0,0.0,Apr-2013,10555.97,,Jun-2014,0.0,,1.0,INDIVIDUAL,,,,0.0,,,,,,,,,,,,,,,,,,0.0
3102174,2461597,15000.0,15000.0,14975.0, 36 months,6.03,456.54,A,A1,REDACTED,7 years,RENT,60000.0,Not Verified,Dec-2011,Fully Paid,n,,,house,Loan Application,07xxx,NJ,12.78,0.0,May-2002,0.0,,,13.0,0.0,2166.0,5.5,27.0,f,0.0,0.0,16434.5380089,16407.15,15000.0,1434.54,0.0,0.0,0.0,Dec-2014,461.36,,Oct-2015,0.0,,1.0,INDIVIDUAL,,,,0.0,,,,,,,,,,,,,,,,,,0.0
3112673,3104617,27050.0,27050.0,27025.0, 60 months,18.64,696.35,E,E1,REDACTED,5 years,MORTGAGE,65000.0,Verified,Dec-2011,Fully Paid,n,,,debt_consolidation,Loan Application,84xxx,UT,19.75,0.0,Sep-1998,0.0,68.0,,12.0,0.0,26469.0,80.2,29.0,f,0.0,0.0,40977.7699708,40939.9,27050.0,13927.77,0.0,0.0,0.0,Nov-2015,8945.67,,Jan-2016,0.0,,1.0,INDIVIDUAL,,,,0.0,,,,,,,,,,,,,,,,,,0.0
3093722,8554119,22500.0,22500.0,22500.0, 60 months,17.27,562.46,D,D3,REDACTED,3 years,MORTGAGE,67735.0,Source Verified,Dec-2011,Fully Paid,n,,,debt_consolidation,Loan Application,29xxx,SC,18.8,0.0,Mar-2004,2.0,,,8.0,0.0,18364.0,75.6,16.0,f,0.0,0.0,28139.2555062,28139.26,22500.0,5639.26,0.0,0.0,0.0,Mar-2014,7530.45,,May-2014,0.0,,1.0,INDIVIDUAL,,,,0.0,,,,,,,,,,,,,,,,,,0.0
5922127,8457017,20500.0,20500.0,20475.0, 60 months,12.69,463.2,B,B5,REDACTED,< 1 year,RENT,47800.0,Verified,Dec-2011,Charged Off,n,,,debt_consolidation,Loan Application,95xxx,CA,28.32,0.0,Apr-1999,1.0,,,10.0,0.0,23823.0,52.2,20.0,f,0.0,0.0,7896.36,7886.8,3976.64,2960.71,0.0,959.01,9.33,Mar-2013,463.2,,Aug-2013,0.0,,1.0,INDIVIDUAL,,,,0.0,,,,,,,,,,,,,,,,,,1.0
9509907,2048189,12800.0,12800.0,12800.0, 36 months,12.42,427.72,B,B4,REDACTED,1 year,MORTGAGE,99600.0,Not Verified,Dec-2011,Fully Paid,n,,,credit_card,Loan Application,91xxx,CA,19.95,0.0,Mar-2000,0.0,,,13.0,0.0,23893.0,89.8,25.0,f,0.0,0.0,15395.574467,15395.57,12800.0,2595.57,0.0,0.0,0.0,Dec-2014,435.51,,Dec-2014,0.0,,1.0,INDIVIDUAL,,,,0.0,,,,,,,,,,,,,,,,,,0.0
8697681,5662908,27575.0,27575.0,27575.0, 36 months,10.65,898.21,B,B2,REDACTED,1 year,MORTGAGE,54000.0,Verified,Dec-2011,Fully Paid,n,,,other,Loan Application,82xxx,WY,12.27,0.0,Jan-1988,1.0,,,8.0,0.0,13057.0,67.7,16.0,f,0.0,0.0,32333.8265561,32333.83,27575.0,4758.83,0.0,0.0,0.0,Dec-2014,905.06,,Apr-2015,0.0,,1.0,INDIVIDUAL,,,,0.0,,,,,,,,,,,,,,,,,,0.0
7469851,2381022,7000.0,7000.0,7000.0, 36 months,12.69,234.82,B,B5,REDACTED,8 years,RENT,49000.0,Not Verified,Dec-2011,Fully Paid,n,,,debt_consolidation,Loan Application,11xxx,NY,14.42,0.0,Jun-2001,0.0,,,9.0,0.0,23864.0,97.4,17.0,f,0.0,0.0,8016.9,8016.9,7000.0,1016.9,0.0,0.0,0.0,Jul-2013,1333.97,,Jan-2016,0.0,,1.0,INDIVIDUAL,,,,0.0,,,,,,,,,,,,,,,,,,0.0
9264904,6788492,7600.0,7600.0,7575.0, 60 months,16.77,187.95,D,D2,REDACTED,1 year,RENT,33996.0,Verified,Dec-2011,Current,n,,,other,Loan Application,75xxx,TX,16.52,0.0,Feb-2000,2.0,,,6.0,0.0,4292.0,72.7,21.0,f,1940.93,1934.48,9069.01,9039.3,5659.08,3409.93,0.0,0.0,0.0,Dec-2015,187.95,Feb-2016,Jan-2016,0.0,,1.0,INDIVIDUAL,,,,0.0,,,,,,,,,,,,,,,,,,
6060724,3322386,29000.0,29000.0,29000.0, 60 months,12.42,651.27,B,B4,REDACTED,10+ years,RENT,65000.0,Verified,Dec-2011,Charged Off,n,,,debt_consolidation,Loan Application,18xxx,PA,7.22,0.0,Jan-2000,1.0,,,6.0,0.0,18918.0,57.7,24.0,f,0.0,0.0,14318.48,14318.48,8619.3,5699.18,0.0,0.0,0.0,Oct-2013,651.27,,Jan-2016,0.0,,1.0,INDIVIDUAL,,,,0.0,,,,,,,,,,,,,,,,,,1.0
2688598,8611147,10000.0,10000.0,10000.0, 36 months,14.27,343.09,C,C2,REDACTED,4 years,RENT,44160.0,Source Verified,Dec-2011,Fully Paid,n,,,moving,Loan Application,23xxx,VA,18.29,0.0,Jun-2004,0.0,,,6.0,0.0,14848.0,95.8,18.0,f,0.0,0.0,12347.0572414,12347.06,10000.0,2347.06,0.0,0.0,0.0,Jan-2015,355.91,,Jan-2015,0.0,,1.0,INDIVIDUAL,,,,0.0,,,,,,,,,,,,,,,,,,0.0
5370030,1922539,14125.0,14125.0,14125.0, 36 months,7.9,441.98,A,A4,REDACTED,5 years,RENT,32000.0,Source Verified,Dec-2011,Fully Paid,n,,,debt_consolidation,Loan Application,78xxx,TX,22.54,0.0,Jul-2004,0.0,,,12.0,0.0,12709.0,60.8,21.0,f,0.0,0.0,15533.01,15533.01,14125.0,1408.01,0.0,0.0,0.0,Nov-2013,1843.42,,Dec-2013,0.0,,1.0,INDIVIDUAL,,,,0.0,,,,,,,,,,,,,,,,,,0.0
4195902,4461603,12000.0,12000.0,12000.0, 36 months,6.62,368.45,A,A2,REDACTED,< 1 year,MORTGAGE,94500.0,Source Verified,Dec-2011,Fully Paid,n,,,debt_consolidation,Loan Application,95xxx,CA,4.17,0.0,Nov-2004,0.0,,,11.0,0.0,13285.0,35.3,16.0,f,0.0,0.0,13205.7861825,13205.79,12000.0,1205.79,0.0,0.0,0.0,May-2014,2907.39,,Jun-2014,0.0,,1.0,INDIVIDUAL,,,,0.0,,,,,,,,,,,,,,,,,,0.0
2033154,7343625,9575.0,9575.0,9575.0, 36 months,6.62,293.99,A,A2,REDACTED,3 years,RENT,19498.0,Verified,Dec-2011,Fully Paid,n,,,credit_card,Loan Application,23xxx,VA,18.34,0.0,Oct-1998,0.0,,,7.0,0.0,13902.0,53.9,10.0,f,0.0,0.0,10493.8639419,10493.86,9575.0,918.86,0.0,0.0,0.0,Feb-2014,3164.13,,Feb-2014,0.0,,1.0,INDIVIDUAL,,,,0.0,,,,,,,,,,,,,,,,,,0.0
8847939,5261681,12000.0,8900.0,8900.0, 60 months,20.3,237.29,E,E5,REDACTED,1 year,RENT,30000.0,Not Verified,Dec-2011,Fully Paid,n,,,debt_consolidation,Loan Application,32xxx,FL,18.76,1.0,Aug-1990,0.0,12.0,,8.0,0.0,8382.0,98.6,13.0,f,0.0,0.0,13908.290013,13908.29,8900.0,5008.29,0.0,0.0,0.0,Nov-2015,2992.95,,Nov-2015,0.0,,1.0,INDIVIDUAL,,,,0.0,,,,,,,,,,,,,,,,,,0.0
6301436,5520555,12000.0,12000.0,12000.0, 36 months,15.96,421.65,C,C5,REDACTED,9 years,MORTGAGE,88000.0,Not Verified,Dec-2011,Charged Off,n,,,debt_consolidation,Loan Application,11xxx,NY,10.6,0.0,Oct-2002,3.0,,,11.0,0.0,11434.0,77.8,20.0,f,0.0,0.0,4637.54,4637.54,3074.42,1552.18,0.0,10.94,0.0,Nov-2012,421.65,,Jan-2016,0.0,,1.0,INDIVIDUAL,,,,0.0,,,,,,,,,,,,,,,,,,1.0
3114438,1494908,10000.0,10000.0,10000.0, 36 months,12.69,335.45,B,B5,REDACTED,4 years,RENT,45000.0,Verified,Dec-2011,Fully Paid,n,,,credit_card,Loan Application,07xxx,NJ,22.61,0.0,Nov-1998,0.0,,,14.0,0.0,10344.0,74.4,18.0,f,0.0,0.0,12070.5550559,12070.56,10000.0,2070.56,0.0,0.0,0.0,Dec-2014,355.55,,Jan-2016,0.0,,1.0,INDIVIDUAL,,,,0.0,,,,,,,,,,,,,,,,,,0.0
8547660,7268412,10000.0,10000.0,10000.0, 36 months,15.96,351.38,C,C5,REDACTED,1 year,RENT,37500.0,Not Verified,Dec-2011,Fully Paid,n,,,debt_consolidation,Loan Application,01xxx,MA,19.46,0.0,Jul-2002,3.0,,,12.0,0.0,17513.0,59.5,19.0,f,0.0,0.0,12644.0203045,12644.02,10000.0,2644.02,0.0,0.0,0.0,Dec-2014,366.0,,Dec-2015,0.0,,1.0,INDIVIDUAL,,,,0.0,,,,,,,,,,,,,,,,,,0.0
6397145,2891303,25000.0,25000.0,25000.0, 60 months,14.27,585.22,C,C2,REDACTED,5 years,MORTGAGE,89000.0,Source Verified,Dec-2011,Current,n,,,debt_consolidation,Loan Application,34xxx,FL,10.77,0.0,Jul-1994,1.0,,,8.0,0.0,17624.0,63.6,22.0,f,6517.25,6517.25,28074.44,28074.44,18482.75,9591.69,0.0,0.0,0.0,Dec-2015,585.22,Feb-2016,Jan-2016,0.0,,1.0,INDIVIDUAL,,,,0.0,,,,,,,,,,,,,,,,,,
1070115,5110365,24000.0,24000.0,24000.0, 36 months,9.91,773.4,B,B1,REDACTED,4 years,RENT,120000.0,Verified,Dec-2011,Fully Paid,n,,,debt_consolidation,Loan Application,30xxx,GA,14.17,0.0,Jan-1999,0.0,,,10.0,0.0,27994.0,47.7,18.0,f,0.0,0.0,27378.860245,27378.86,24000.0,3378.86,0.0,0.0,0.0,Feb-2014,7065.04,,Mar-2014,0.0,,1.0,INDIVIDUAL,,,,0.0,,,,,,,,,,,,,,,,,,0.0
1339247,2897295,14575.0,14575.0,14575.0, 36 months,10.65,474.76,B,B2,REDACTED,7 years,RENT,35000.0,Not Verified,Dec-2011,Fully Paid,n,,,credit_card,Loan Application,07xxx,NJ,16.46,0.0,Feb-2003,1.0,,,8.0,0.0,20169.0,58.5,14.0,f,0.0,0.0,17088.8222913,17088.82,14575.0,2513.82,0.0,0.0,0.0,Dec-2014,484.7,,Dec-2014,0.0,,1.0,INDIVIDUAL,,,,0.0,,,,,,,,,,,,,,,,,,0.0
3295338,8507099,9000.0,9000.0,9000.0, 36 months,7.51,280.0,A,A3,REDACTED,< 1 year,MORTGAGE,50000.0,Source Verified,Dec-2011,Fully Paid,n,,,debt_consolidation,Loan Application,63xxx,MO,4.44,0.0,Oct-1996,1.0,,,10.0,0.0,8556.0,34.1,15.0,f,0.0,0.0,9555.13,9555.13,9000.0,555.13,0.0,0.0,0.0,Apr-2013,1391.94,,May-2013,0.0,,1.0,INDIVIDUAL,,,,0.0,,,,,,,,,,,,,,,,,,0.0
1776286,4680892,10000.0,10000.0,10000.0, 36 months,13.49,339.31,C,C1,REDACTED,10+ years,RENT,30000.0,Not Verified,Dec-2011,Charged Off,n,,,debt_consolidation,Loan Application,13xxx,NY,20.96,0.0,Jun-2007,0.0,,,10.0,0.0,2780.0,32.0,11.0,f,0.0,0.0,4749.77,4749.77,3411.93,1328.05,0.0,9.79,0.0,Feb-2013,339.31,,Jan-2016,0.0,,1.0,INDIVIDUAL,,,,0.0,,,,,,,,,,,,,,,,,,1.0
9814748,7181572,7125.0,7125.0,7125.0, 36 months,17.58,256.09,D,D4,REDACTED,7 years,RENT,25279.67,Not Verified,Dec-2011,Fully Paid,n,,,credit_card,Loan Application,55xxx,MN,16.8,0.0,Jun-2005,0.0,,,3.0,0.0,11267.0,93.1,12.0,f,0.0,0.0,9215.10503532,9215.11,7125.0,2090.11,0.0,0.0,0.0,Dec-2014,266.0,,Dec-2014,0.0,,1.0,INDIVIDUAL,,,,0.0,,,,,,,,,,,,,,,,,,0.0
6017192,2908195,15000.0,15000.0,15000.0, 60 months,10.65,323.53,B,B2,REDACTED,10+ years,RENT,29000.0,Not Verified,Dec-2011,Fully Paid,n,,,debt_consolidation,Loan Application,15xxx,PA,15.14,0.0,Apr-1997,0.0,,,6.0,0.0,15795.0,81.0,14.0,f,0.0,0.0,18733.898779,18733.9,15000.0,3733.9,0.0,0.0,0.0,Mar-2015,5813.42,,Apr-2015,0.0,,1.0,INDIVIDUAL,,,,0.0,,,,,,,,,,,,,,,,,,0.0
8478225,5914443,13000.0,13000.0,13000.0, 36 months,13.49,441.1,C,C1,REDACTED,6 years,RENT,65000.0,Not Verified,Dec-2011,Fully Paid,n,,,debt_consolidation,Loan Application,93xxx,CA,17.11,0.0,Dec-1995,2.0,73.0,,18.0,0.0,11036.0,81.1,32.0,f,0.0,0.0,14823.19,14823.19,13000.0,1823.19,0.0,0.0,0.0,Mar-2013,8660.39,,Jan-2016,0.0,,1.0,INDIVIDUAL,,,,0.0,,,,,,,,,,,,,,,,,,0.0
6050677,7629509,12000.0,12000.0,12000.0, 60 months,12.69,271.14,B,B5,REDACTED,7 years,RENT,30000.0,Not Verified,Dec-2011,Current,n,,,debt_consolidation,Loan Application,02xxx,RI,10.44,0.0,Mar-2001,0.0,,,5.0,0.0,6207.0,78.6,11.0,f,3060.0,3060.0,12998.56,12998.56,8939.99,4058.57,0.0,0.0,0.0,Jan-2016,271.14,Feb-2016,Jan-2016,0.0,,1.0,INDIVIDUAL,,,,0.0,,,,,,,,,,,,,,,,,,
3971162,2260799,18000.0,18000.0,17975.0, 60 months,20.3,479.9,E,E5,REDACTED,2 years,RENT,68000.0,Verified,Dec-2011,Fully Paid,n,,,credit_card,Loan Application,89xxx,NV,17.98,0.0,Nov-2004,2.0,,,10.0,0.0,11720.0,52.4,15.0,f,0.0,0.0,27675.6000222,27637.16,18000.0,9675.6,0.0,0.0,0.0,Oct-2015,1378.75,,Nov-2015,0.0,,1.0,INDIVIDUAL,,,,0.0,,,,,,,,,,,,,,,,,,0.0
9941480,3017492,30000.0,30000.0,29975.0, 60 months,14.27,702.26,C,C2,REDACTED,10+ years,RENT,90000.0,Verified,Dec-2011,Fully Paid,n,,,small_business,Loan Application,75xxx,TX,19.12,0.0,Apr-2002,1.0,,,11.0,0.0,21682.0,49.0,40.0,f,0.0,0.0,38694.8928068,38662.7,30000.0,8694.89,0.0,0.0,0.0,Jun-2014,18341.05,,Jan-2016,0.0,,1.0,INDIVIDUAL,,,,0.0,,,,,,,,,,,,,,,,,,0.0
5528554,5279336,21600.0,21600.0,21600.0, 36 months,17.27,773.01,D,D3,REDACTED,2 years,MORTGAGE,58600.0,Source Verified,Dec-2011,Charged Off,n,,,home_improvement,Loan Application,77xxx,TX,10.85,0.0,Jun-2002,0.0,,,8.0,0.0,21912.0,95.3,18.0,f,0.0,0.0,2724.94,2724.94,930.13,614.53,0.0,1180.28,212.450400002,Feb-2012,773.01,,Jul-2012,0.0,,1.0,INDIVIDUAL,,,,0.0,,,,,,,,,,,,,,,,,,1.0
9706726,2404366,7600.0,7600.0,7600.0, 60 months,16.77,187.95,D,D2,REDACTED,5 years,OWN,50000.0,Source Verified,Dec-2011,Current,n,,,small_business,Loan Application,57xxx,SD,6.29,0.0,Apr-1996,0.0,68.0,83.0,13.0,1.0,8646.0,40.6,27.0,f,2081.12,2081.12,8982.99,8982.99,5518.88,3464.11,0.0,0.0,0.0,Dec-2015,187.95,Feb-2016,Jan-2016,0.0,,1.0,INDIVIDUAL,,,,0.0,,,,,,,,,,,,,,,,,,
7055930,4781691,7000.0,7000.0,7000.0, 36 months,12.42,233.91,B,B4,REDACTED,10+ years,RENT,85000.0,Source Verified,Dec-2011,Fully Paid,n,,,credit_card,Loan Application,91xxx,CA,15.11,0.0,Jan-1997,2.0,,,15.0,0.0,16049.0,72.3,42.0,f,0.0,0.0,8334.66911936,8334.67,7000.0,1334.67,0.0,0.0,0.0,May-2014,2027.1,,May-2014,0.0,,1.0,INDIVIDUAL,,,,0.0,,,,,,,,,,,,,,,,,,0.0
6743091,6570864,7000.0,7000.0,7000.0, 36 months,8.9,222.28,A,A5,REDACTED,5 years,RENT,45000.0,Verified,Dec-2011,Fully Paid,n,,,debt_consolidation,Loan Application,53xxx,WI,24.48,0.0,Dec-1998,2.0,,,13.0,0.0,21556.0,71.1,23.0,f,0.0,0.0,8000.34122128,8000.34,7000.0,1000.34,0.0,0.0,0.0,Dec-2014,229.64,,Jan-2016,0.0,,1.0,INDIVIDUAL,,,,0.0,,,,,,,,,,,,,,,,,,0.0
8331193,2254620,3600.0,3600.0,3600.0, 36 months,17.27,128.84,D,D3,REDACTED,7 years,MORTGAGE,44004.0,Source Verified,Dec-2011,Fully Paid,n,,,other,Loan Application,08xxx,NJ,5.59,1.0,Jul-2004,1.0,2.0,,3.0,0.0,8095.0,75.7,4.0,f,0.0,0.0,4636.8674645,4636.87,3600.0,1036.87,0.0,0.0,0.0,Dec-2014,131.37,,Jan-2016,0.0,,1.0,INDIVIDUAL,,,,0.0,,,,,,,,,,,,,,,,,,0.0
1703661,1368578,3500.0,3500.0,3500.0, 36 months,12.69,117.41,B,B5,REDACTED,10+ years,MORTGAGE,84996.0,Not Verified,Dec-2011,Fully Paid,n,,,major_purchase,Loan Application,28xxx,NC,5.36,2.0,Dec-1987,0.0,2.0,,6.0,0.0,11616.0,45.7,27.0,f,0.0,0.0,4225.27854632,4225.28,3500.0,725.28,0.0,0.0,0.0,Dec-2014,122.17,,Aug-2015,0.0,,1.0,INDIVIDUAL,,,,0.0,,,,,,,,,,,,,,,,,,0.0
3398953,1607866,5000.0,5000.0,5000.0, 36 months,8.9,158.77,A,A5,REDACTED,6 years,RENT,33000.0,Not Verified,Dec-2011,Fully Paid,n,,,medical,Loan Application,07xxx,NJ,16.47,0.0,Apr-2003,2.0,,,9.0,0.0,9194.0,29.7,14.0,f,0.0,0.0,5714.71311269,5714.71,5000.0,714.71,0.0,0.0,0.0,Dec-2014,163.01,,Dec-2014,0.0,,1.0,INDIVIDUAL,,,,0.0,,,,,,,,,,,,,,,,,,0.0
9422528,5499619,10000.0,10000.0,10000.0, 36 months,11.71,330.76,B,B3,REDACTED,5 years,MORTGAGE,60000.0,Source Verified,Dec-2011,Fully Paid,n,,,debt_consolidation,Loan Application,06xxx,CT,17.3,0.0,Aug-1987,2.0,,,11.0,0.0,11512.0,87.2,32.0,f,0.0,0.0,11763.739374,11763.74,10000.0,1763.74,0.0,0.0,0.0,Mar-2014,3180.88,,Jan-2016,0.0,,1.0,INDIVIDUAL,,,,0.0,,,,,,,,,,,,,,,,,,0.0
1328230,6871630,4500.0,4500.0,4500.0, 36 months,13.49,152.69,C,C1,REDACTED,< 1 year,OWN,19200.0,Source Verified,Dec-2011,Fully Paid,n,,,credit_card,Loan Application,55xxx,MN,19.56,0.0,Jan-2005,1.0,,,7.0,0.0,12070.0,67.8,9.0,f,0.0,0.0,5494.75102728,5494.75,4500.0,994.75,0.0,0.0,0.0,Dec-2014,159.18,,Dec-2014,0.0,,1.0,INDIVIDUAL,,,,0.0,,,,,,,,,,,,,,,,,,0.0
6429952,5343240,12000.0,12000.0,12000.0, 36 months,11.71,396.92,B,B3,REDACTED,10+ years,RENT,62000.0,Not Verified,Dec-2011,Fully Paid,n,,,debt_consolidation,Loan Application,07xxx,NJ,6.74,0.0,Jul-1997,0.0,,,5.0,0.0,10725.0,90.9,15.0,f,0.0,0.0,14285.9875091,14285.99,12000.0,2285.99,0.0,0.0,0.0,Dec-2014,407.57,,Dec-2014,0.0,,1.0,INDIVIDUAL,,,,0.0,,,,,,,,,,,,,,,,,,0.0
9899072,9725032,12000.0,12000.0,12000.0, 60 months,19.03,311.49,E,E2,REDACTED,1 year,RENT,38500.0,Not Verified,Dec-2011,Fully Paid,n,,,debt_consolidation,Loan Application,45xxx,OH,10.91,2.0,Aug-2001,1.0,16.0,,15.0,0.0,9520.0,85.0,33.0,f,0.0,0.0,14472.92,14472.92,12000.0,2472.92,0.0,0.0,0.0,Feb-2013,10433.11,,Dec-2015,0.0,,1.0,INDIVIDUAL,,,,0.0,,,,,,,,,,,,,,,,,,0.0
7471444,6226600,10700.0,10700.0,10700.0, 36 months,12.42,357.55,B,B4,REDACTED,4 years,RENT,68000.0,Source Verified,Dec-2011,Fully Paid,n,,,debt_consolidation,Loan Application,86xxx,AZ,16.41,0.0,Sep-2005,1.0,,,7.0,0.0,5192.0,66.6,12.0,f,0.0,0.0,12868.259108,12868.26,10700.0,2168.26,0.0,0.0,0.0,Dec-2014,369.35,,Dec-2014,0.0,,1.0,INDIVIDUAL,,,,0.0,,,,,,,,,,,,,,,,,,0.0
9031456,2524397,6000.0,6000.0,6000.0, 36 months,10.65,195.44,B,B2,REDACTED,1 year,RENT,30000.0,Not Verified,Dec-2011,Fully Paid,n,,,credit_card,Loan Application,32xxx,FL,19.36,0.0,Mar-2003,1.0,,,8.0,0.0,25900.0,78.6,13.0,f,0.0,0.0,6904.89,6904.89,6000.0,904.89,0.0,0.0,0.0,Dec-2013,2417.05,,Jan-2016,0.0,,1.0,INDIVIDUAL,,,,0.0,,,,,,,,,,,,,,,,,,0.0
2284216,8380384,20000.0,20000.0,20000.0, 36 months,7.9,625.81,A,A4,REDACTED,10+ years,RENT,50000.0,Source Verified,Dec-2011,Fully Paid,n,,,wedding,Loan Application,11xxx,NY,12.84,0.0,Dec-2001,1.0,,,9.0,0.0,8399.0,39.8,12.0,f,0.0,0.0,22527.9003723,22527.9,20000.0,2527.9,0.0,0.0,0.0,Dec-2014,632.09,,Dec-2014,0.0,,1.0,INDIVIDUAL,,,,0.0,,,,,,,,,,,,,,,,,,0.0
5786443,1056340,10800.0,10800.0,10775.0, 60 months,16.77,267.08,D,D2,REDACTED,2 years,RENT,23000.0,Verified,Dec-2011,Fully Paid,n,,,debt_consolidation,Loan Application,77xxx,TX,11.22,0.0,Dec-2005,1.0,40.0,,5.0,0.0,9952.0,64.2,10.0,f,0.0,0.0,11955.52,11927.86,10800.0,1155.52,0.0,0.0,0.0,Aug-2012,10098.93,,Aug-2012,0.0,,1.0,INDIVIDUAL,,,,0.0,,,,,,,,,,,,,,,,,,0.0
3893281,9011646,25000.0,16050.0,16050.0, 60 months,19.03,416.62,E,E2,REDACTED,10+ years,RENT,50400.0,Verified,Dec-2011,Fully Paid,n,,,debt_consolidation,Loan Application,31xxx,GA,20.67,0.0,Oct-2000,0.0,,,10.0,0.0,12112.0,61.5,26.0,f,0.0,0.0,23808.9176792,23808.92,16050.0,7758.92,0.0,0.0,0.0,May-2015,1327.84,,May-2015,0.0,,1.0,INDIVIDUAL,,,,0.0,,,,,,,,,,,,,,,,,,0.0
8913651,2645771,20000.0,20000.0,19975.0, 60 months,14.27,468.17,C,C2,REDACTED,5 years,RENT,110000.0,Verified,Dec-2011,Fully Paid,n,,,debt_consolidation,Loan Application,90xxx,CA,10.3,0.0,Jan-2001,0.0,,,7.0,0.0,17819.0,79.8,18.0,f,0.0,0.0,26325.580315,26292.72,20000.0,6325.58,0.0,0.0,0.0,Oct-2014,10899.11,,Mar-2015,0.0,,1.0,INDIVIDUAL,,,,0.0,,,,,,,,,,,,,,,,,,0.0
8473690,7851512,3600.0,3600.0,3600.0, 36 months,13.49,122.15,C,C1,REDACTED,1 year,RENT,40000.0,Not Verified,Dec-2011,Fully Paid,n,,,vacation,Loan Application,70xxx,LA,12.99,0.0,Jun-2007,0.0,,,5.0,0.0,7897.0,83.1,8.0,f,0.0,0.0,4395.54970244,4395.55,3600.0,795.55,0.0,0.0,0.0,Dec-2014,128.36,,Aug-2015,0.0,,1.0,INDIVIDUAL,,,,0.0,,,,,,,,,,,,,,,,,,0.0
9959198,6920812,6000.0,6000.0,5975.0, 36 months,8.9,190.52,A,A5,REDACTED,10+ years,RENT,83954.0,Source Verified,Dec-2011,Fully Paid,n,,,debt_consolidation,Loan Application,07xxx,NJ,17.48,0.0,Feb-2000,0.0,72.0,,12.0,0.0,6252.0,78.1,24.0,f,0.0,0.0,6902.99657991,6874.26,6000.0,903.0,0.0,0.0,0.0,Jan-2015,567.86,,Jan-2016,0.0,,1.0,INDIVIDUAL,,,,0.0,,,,,,,,,,,,,,,,,,0.0
3906265,3613026,10375.0,10375.0,10375.0, 36 months,14.27,355.96,C,C2,REDACTED,5 years,RENT,35000.0,Not Verified,Dec-2011,Fully Paid,n,,,credit_card,Loan Application,40xxx,KY,22.39,0.0,Oct-2003,1.0,,,7.0,0.0,10084.0,65.9,15.0,f,0.0,0.0,12810.1666959,12810.17,10375.0,2435.17,0.0,0.0,0.0,Dec-2014,368.99,,Dec-2014,0.0,,1.0,INDIVIDUAL,,,,0.0,,,,,,,,,,,,,,,,,,0.0
8159865,3423616,25000.0,25000.0,24975.0, 36 months,8.9,793.84,A,A5,REDACTED,4 years,RENT,60000.0,Verified,Dec-2011,Fully Paid,n,,,debt_consolidation,Loan Application,94xxx,CA,25.4,0.0,Jun-1989,0.0,,,9.0,0.0,28571.0,68.7,16.0,f,0.0,0.0,28576.7400461,28548.18,25000.0,3576.74,0.0,0.0,0.0,Dec-2014,799.36,,Dec-2014,0.0,,1.0,INDIVIDUAL,,,,0.0,,,,,,,,,,,,,,,,,,0.0
1825553,3030434,10000.0,10000.0,10000.0, 36 months,16.29,353.01,D,D1,REDACTED,4 years,RENT,40000.0,Verified,Dec-2011,Fully Paid,n,,,debt_consolidation,Loan Application,28xxx,NC,19.98,0.0,Jul-2004,2.0,,,6.0,0.0,8496.0,78.7,12.0,f,0.0,0.0,12427.97,12427.97,10000.0,2427.97,0.0,0.0,0.0,Jan-2014,3960.84,,Feb-2014,0.0,,1.0,INDIVIDUAL,,,,0.0,,,,,,,,,,,,,,,,,,0.0
3665967,9928974,10000.0,8650.0,8650.0, 60 months,12.42,194.26,B,B4,REDACTED,2 years,RENT,42336.0,Source Verified,Dec-2011,Current,n,,,small_business,Loan Application,80xxx,CO,10.18,0.0,Mar-2000,0.0,,,6.0,0.0,11682.0,66.2,16.0,f,2188.13,2188.13,9313.3,9313.3,6461.88,2851.42,0.0,0.0,0.0,Dec-2015,194.26,Feb-2016,Jan-2016,0.0,,1.0,INDIVIDUAL,,,,0.0,,,,,,,,,,,,,,,,,,
3078722,5567112,5600.0,5600.0,5600.0, 36 months,6.03,170.44,A,A1,REDACTED,,OWN,41100.0,Not Verified,Dec-2011,Fully Paid,n,,,car,Loan Application,11xxx,NY,3.97,0.0,Jul-1990,0.0,,,17.0,0.0,3777.0,2.7,44.0,f,0.0,0.0,5874.77,5874.77,5600.0,274.77,0.0,0.0,0.0,Dec-2012,3683.63,,Dec-2012,0.0,,1.0,INDIVIDUAL,,,,0.0,,,,,,,,,,,,,,,,,,0.0
5979313,4298097,6000.0,6000.0,6000.0, 36 months,12.42,200.5,B,B4,REDACTED,4 years,RENT,92000.0,Not Verified,Dec-2011,Fully Paid,n,,,car,Loan Application,60xxx,IL,10.6,0.0,Oct-2000,2.0,28.0,,6.0,0.0,7270.0,82.5,18.0,f,0.0,0.0,7216.64111704,7216.64,6000.0,1216.64,0.0,0.0,0.0,Dec-2014,203.82,,Dec-2014,0.0,,1.0,INDIVIDUAL,,,,0.0,,,,,,,,,,,,,,,,,,0.0
3843730,1703774,8000.0,8000.0,8000.0, 36 months,7.9,250.33,A,A4,REDACTED,2 years,RENT,75000.0,Not Verified,Dec-2011,Fully Paid,n,,,debt_consolidation,Loan Application,85xxx,AZ,8.7,0.0,Mar-2002,1.0,,,6.0,0.0,8144.0,55.4,16.0,f,0.0,0.0,9010.49041358,9010.49,8000.0,1010.49,0.0,0.0,0.0,Dec-2014,256.48,,Dec-2014,0.0,,1.0,INDIVIDUAL,,,,0.0,,,,,,,,,,,,,,,,,,0.0
8761293,6957689,35000.0,21800.0,21775.0, 60 months,12.42,489.57,B,B4,REDACTED,10+ years,RENT,90000.0,Verified,Dec-2011,Current,n,,,debt_consolidation,Loan Application,93xxx,CA,26.33,0.0,Sep-1999,0.0,,,13.0,0.0,35683.0,59.3,25.0,f,5502.35,5496.02,23492.08,23465.17,16297.65,7194.43,0.0,0.0,0.0,Dec-2015,489.57,Feb-2016,Jan-2016,0.0,,1.0,INDIVIDUAL,,,,0.0,,,,,,,,,,,,,,,,,,
9472563,3365178,10000.0,10000.0,10000.0, 36 months,11.71,330.76,B,B3,REDACTED,4 years,MORTGAGE,45000.0,Not Verified,Dec-2011,Fully Paid,n,,,debt_consolidation,Loan Application,30xxx,GA,12.48,0.0,Oct-2003,2.0,,,11.0,0.0,4189.0,48.1,25.0,f,0.0,0.0,11903.5698863,11903.57,10000.0,1903.57,0.0,0.0,0.0,Dec-2014,345.69,,Dec-2014,0.0,,1.0,INDIVIDUAL,,,,0.0,,,,,,,,,,,,,,,,,,0.0
3304194,5448806,11000.0,11000.0,11000.0, 36 months,7.51,342.22,A,A3,REDACTED,8 years,RENT,48000.0,Source Verified,Dec-2011,Fully Paid,n,,,debt_consolidation,Loan Application,32xxx,FL,24.1,0.0,Mar-1970,1.0,,,7.0,0.0,17536.0,62.3,20.0,f,0.0,0.0,12223.383331,12223.38,11000.0,1223.38,0.0,0.0,0.0,Mar-2014,3342.56,,Apr-2014,0.0,,1.0,INDIVIDUAL,,,,0.0,,,,,,,,,,,,,,,,,,0.0
1426943,8008385,5000.0,5000.0,5000.0, 36 months,9.91,161.13,B,B1,REDACTED,6 years,MORTGAGE,110000.0,Not Verified,Dec-2011,Fully Paid,n,,,debt_consolidation,Loan Application,97xxx,OR,6.38,0.0,Jun-1996,0.0,45.0,,10.0,0.0,4429.0,70.3,27.0,f,0.0,0.0,5798.79452739,5798.79,5000.0,798.79,0.0,0.0,0.0,Dec-2014,168.86,,Jan-2016,0.0,,1.0,INDIVIDUAL,,,,0.0,,,,,,,,,,,,,,,,,,0.0
1408372,4697242,6500.0,6500.0,6500.0, 36 months,10.65,211.73,B,B2,REDACTED,< 1 year,RENT,30600.0,Source Verified,Dec-2011,Fully Paid,n,,,debt_consolidation,Loan Application,78xxx,TX,13.45,0.0,May-2005,0.0,31.0,,9.0,0.0,6477.0,62.9,18.0,f,0.0,0.0,7520.3095124,7520.31,6500.0,1020.31,0.0,0.0,0.0,Feb-2014,2237.98,,Jan-2016,0.0,,1.0,INDIVIDUAL,,,,0.0,,,,,,,,,,,,,,,,,,0.0
9427215,9328000,20000.0,20000.0,20000.0, 60 months,20.3,533.23,E,E5,REDACTED,4 years,RENT,69000.0,Verified,Dec-2011,Fully Paid,n,,,credit_card,Loan Application,80xxx,CO,18.02,0.0,Mar-2002,2.0,,,12.0,0.0,27409.0,89.6,27.0,f,0.0,0.0,29399.9528743,29399.95,20000.0,9399.95,0.0,0.0,0.0,Nov-2014,8.22,,Nov-2014,0.0,,1.0,INDIVIDUAL,,,,0.0,,,,,,,,,,,,,,,,,,0.0
4826625,9697853,12000.0,12000.0,12000.0, 36 months,12.69,402.54,B,B5,REDACTED,4 years,RENT,45000.0,Source Verified,Dec-2011,Fully Paid,n,,,debt_consolidation,Loan Application,90xxx,CA,8.85,0.0,Jun-1996,0.0,46.0,,9.0,0.0,7329.0,70.0,19.0,f,0.0,0.0,14119.2,14119.2,12000.0,2119.2,0.0,0.0,0.0,Dec-2013,5284.17,,Dec-2015,0.0,,1.0,INDIVIDUAL,,,,0.0,,,,,,,,,,,,,,,,,,0.0
4738680,9638662,8250.0,8250.0,8250.0, 60 months,19.91,218.17,E,E4,REDACTED,3 years,RENT,27500.0,Not Verified,Dec-2011,Charged Off,n,,,wedding,Loan Application,97xxx,OR,20.25,0.0,Jul-2007,1.0,,,8.0,0.0,7432.0,79.7,9.0,f,0.0,0.0,5311.1,5311.1,1579.15,2124.3,0.0,1607.65,289.377,May-2013,218.17,,Aug-2013,0.0,,1.0,INDIVIDUAL,,,,0.0,,,,,,,,,,,,,,,,,,1.0
6506941,4491336,21000.0,21000.0,21000.0, 36 months,7.9,657.1,A,A4,REDACTED,10+ years,MORTGAGE,150500.0,Verified,Dec-2011,Fully Paid,n,,,debt_consolidation,Loan Application,10xxx,NY,3.69,0.0,Jun-2000,0.0,,,11.0,0.0,21887.0,67.8,34.0,f,0.0,0.0,23654.1290684,23654.13,21000.0,2654.13,0.0,0.0,0.0,Dec-2014,664.73,,Jan-2016,0.0,,1.0,INDIVIDUAL,,,,0.0,,,,,,,,,,,,,,,,,,0.0
1948671,5697279,8400.0,8400.0,8400.0, 36 months,16.77,298.53,D,D2,REDACTED,2 years,RENT,32000.0,Verified,Dec-2011,Fully Paid,n,,,credit_card,Loan Application,10xxx,NY,16.95,0.0,Apr-2007,1.0,,,5.0,0.0,7639.0,74.9,6.0,f,0.0,0.0,9876.41,9876.41,8400.0,1476.41,0.0,0.0,0.0,Mar-2013,5703.33,,Jan-2016,0.0,,1.0,INDIVIDUAL,,,,0.0,,,,,,,,,,,,,,,,,,0.0
5657482,5481729,7000.0,7000.0,7000.0, 36 months,12.69,234.82,B,B5,REDACTED,5 years,RENT,37500.0,Source Verified,Dec-2011,Fully Paid,n,,,debt_consolidation,Loan Application,01xxx,MA,21.38,0.0,Oct-2005,1.0,51.0,,12.0,0.0,9539.0,73.9,20.0,f,0.0,0.0,7481.09,7481.09,7000.0,481.09,0.0,0.0,0.0,Jul-2012,6076.4,,Jul-2012,0.0,,1.0,INDIVIDUAL,,,,0.0,,,,,,,,,,,,,,,,,,0.0
5531469,2813742,12000.0,12000.0,12000.0, 36 months,12.42,400.99,B,B4,REDACTED,< 1 year,RENT,60000.0,Source Verified,Dec-2011,Charged Off,n,,,car,Loan Application,02xxx,RI,6.3,0.0,Feb-2005,1.0,,,8.0,0.0,8894.0,78.7,14.0,f,0.0,0.0,9546.76,9546.76,6788.45,2019.47,0.0,738.84,7.2498,Oct-2013,400.99,,Feb-2014,0.0,,1.0,INDIVIDUAL,,,,0.0,,,,,,,,,,,,,,,,,,1.0
2162181,3662749,7200.0,7200.0,7200.0, 36 months,11.71,238.15,B,B3,REDACTED,2 years,RENT,33000.0,Not Verified,Dec-2011,Charged Off,n,,,credit_card,Loan Application,33xxx,FL,12.69,0.0,Apr-2007,0.0,,,10.0,0.0,9071.0,70.3,13.0,f,0.0,0.0,7338.4,7338.4,5810.48,1323.62,0.0,204.3,1.9390000009,Jun-2014,238.15,,Nov-2014,0.0,,1.0,INDIVIDUAL,,,,0.0,,,,,,,,,,,,,,,,,,1.0
8428736,7977480,12000.0,12000.0,12000.0, 36 months,10.65,390.88,B,B2,REDACTED,10+ years,RENT,70000.0,Not Verified,Dec-2011,Fully Paid,n,,,debt_consolidation,Loan Application,31xxx,GA,26.06,0.0,Oct-1994,3.0,,,15.0,0.0,24893.0,60.1,25.0,f,0.0,0.0,13673.71,13673.71,12000.0,1673.71,0.0,0.0,0.0,Sep-2013,5870.52,,Dec-2013,0.0,,1.0,INDIVIDUAL,,,,0.0,,,,,,,,,,,,,,,,,,0.0
6249244,9180674,12800.0,12800.0,12750.0, 60 months,14.27,299.63,C,C2,REDACTED,9 years,RENT,75000.0,Verified,Dec-2011,Fully Paid,n,,,credit_card,Loan Application,33xxx,FL,16.75,0.0,Jan-1991,2.0,,,14.0,0.0,24332.0,67.0,23.0,f,0.0,0.0,17244.5861935,17177.17,12800.0,4444.59,0.0,0.0,0.0,Mar-2015,5899.42,,Apr-2015,0.0,,1.0,INDIVIDUAL,,,,0.0,,,,,,,,,,,,,,,,,,0.0
9085496,5933995,3050.0,3050.0,3050.0, 36 months,9.91,98.29,B,B1,REDACTED,1 year,RENT,16800.0,Verified,Dec-2011,Fully Paid,n,,,car,Loan Application,78xxx,TX,3.5,0.0,Mar-1996,0.0,,,3.0,0.0,3019.0,86.3,8.0,f,0.0,0.0,3537.37434967,3537.37,3050.0,487.37,0.0,0.0,0.0,Dec-2014,102.42,,Jan-2016,0.0,,1.0,INDIVIDUAL,,,,0.0,,,,,,,,,,,,,,,,,,0.0
7809831,5417254,9000.0,9000.0,9000.0, 36 months,14.65,310.45,C,C3,REDACTED,1 year,RENT,38000.0,Source Verified,Dec-2011,Fully Paid,n,,,debt_consolidation,Loan Application,60xxx,IL,19.55,0.0,Nov-2000,1.0,,,9.0,0.0,14381.0,92.2,19.0,f,0.0,0.0,10849.55,10849.55,9000.0,1849.55,0.0,0.0,0.0,Nov-2013,4027.95,,Jan-2016,0.0,,1.0,INDIVIDUAL,,,,0.0,,,,,,,,,,,,,,,,,,0.0
4963166,3660185,10000.0,10000.0,10000.0, 36 months,11.71,330.76,B,B3,REDACTED,5 years,OWN,35000.0,Not Verified,Dec-2011,Charged Off,n,,,debt_consolidation,Loan Application,89xxx,NV,11.79,0.0,Mar-2006,0.0,,,9.0,0.0,11596.0,78.2,10.0,f,0.0,0.0,7293.6,7293.6,5109.87,1489.33,0.0,694.4,6.784,Aug-2013,330.76,,Jan-2014,0.0,,1.0,INDIVIDUAL,,,,0.0,,,,,,,,,,,,,,,,,,1.0
9642355,9705536,10000.0,10000.0,10000.0, 36 months,9.91,322.25,B,B1,REDACTED,< 1 year,MORTGAGE,95000.0,Source Verified,Dec-2011,Fully Paid,n,,,debt_consolidation,Loan Application,19xxx,PA,18.37,0.0,Nov-1984,2.0,,,14.0,0.0,19321.0,31.2,30.0,f,0.0,0.0,10877.17,10877.17,10000.0,877.17,0.0,0.0,0.0,May-2013,2360.74,,May-2013,0.0,,1.0,INDIVIDUAL,,,,0.0,,,,,,,,,,,,,,,,,,0.0
5159467,4371932,10000.0,10000.0,10000.0, 36 months,14.27,343.09,C,C2,REDACTED,10+ years,MORTGAGE,77400.0,Verified,Dec-2011,Charged Off,n,,,credit_card,Loan Application,57xxx,SD,20.05,0.0,Apr-1984,0.0,,,14.0,0.0,15862.0,87.6,34.0,f,0.0,0.0,6884.04,6884.04,3787.77,2245.4,0.0,850.87,153.1566,Dec-2013,103.53,,Jan-2014,0.0,,1.0,INDIVIDUAL,,,,0.0,,,,,,,,,,,,,,,,,,1.0
1488332,1356180,8500.0,8500.0,8500.0, 36 months,16.29,300.06,D,D1,REDACTED,< 1 year,RENT,61000.0,Source Verified,Dec-2011,Fully Paid,n,,,debt_consolidation,Loan Application,60xxx,IL,11.76,0.0,Feb-2006,1.0,,,15.0,0.0,7723.0,83.9,19.0,f,0.0,0.0,9253.92,9253.92,8500.0,753.92,0.0,0.0,0.0,Jul-2012,7456.55,,Oct-2013,0.0,,1.0,INDIVIDUAL,,,,0.0,,,,,,,,,,,,,,,,,,0.0
4595052,7431328,35000.0,21275.0,21250.0, 60 months,11.71,470.14,B,B3,REDACTED,8 years,RENT,70000.0,Verified,Dec-2011,Current,n,,,debt_consolidation,Loan Application,11xxx,NY,19.42,0.0,Oct-1999,0.0,,,8.0,0.0,15777.0,44.9,25.0,f,5308.67,5302.41,22552.16,22525.71,15966.33,6585.83,0.0,0.0,0.0,Dec-2015,470.14,Feb-2016,Jan-2016,0.0,,1.0,INDIVIDUAL,,,,0.0,,,,,,,,,,,,,,,,,,
7663581,8114755,7200.0,7200.0,7200.0, 60 months,13.49,165.64,C,C1,REDACTED,10+ years,RENT,67000.0,Source Verified,Dec-2011,Fully Paid,n,,,debt_consolidation,Loan Application,21xxx,MD,11.84,0.0,Jul-1984,0.0,,,9.0,0.0,13511.0,79.9,21.0,f,0.0,0.0,9406.3908199,9406.39,7200.0,2206.39,0.0,0.0,0.0,Nov-2014,3786.07,,Jan-2016,0.0,,1.0,INDIVIDUAL,,,,0.0,,,,,,,,,,,,,,,,,,0.0
4888010,1576843,21000.0,21000.0,20975.0, 60 months,14.27,491.58,C,C2,REDACTED,< 1 year,MORTGAGE,90000.0,Verified,Dec-2011,Fully Paid,n,,,credit_card,Loan Application,33xxx,FL,8.76,2.0,May-2000,0.0,15.0,,8.0,0.0,7979.0,82.2,32.0,f,0.0,0.0,27646.8989875,27614.04,21000.0,6646.9,0.0,0.0,0.0,Oct-2014,11437.24,,Nov-2014,0.0,,1.0,INDIVIDUAL,,,,0.0,,,,,,,,,,,,,,,,,,0.0
9278624,3340410,27000.0,27000.0,27000.0, 36 months,9.91,870.08,B,B1,REDACTED,5 years,OWN,140000.0,Source Verified,Dec-2011,Fully Paid,n,,,debt_consolidation,Loan Application,02xxx,MA,7.44,0.0,Jan-2003,0.0,,,16.0,0.0,22457.0,27.2,30.0,f,0.0,0.0,31421.508109,31421.51,27000.0,4334.51,87.0,0.0,0.0,Feb-2015,982.23,,Aug-2015,0.0,,1.0,INDIVIDUAL,,,,0.0,,,,,,,,,,,,,,,,,,0.0
9640093,2689722,28625.0,28625.0,28600.0, 60 months,20.3,763.18,E,E5,REDACTED,6 years,OWN,55000.0,Verified,Dec-2011,Current,n,,,debt_consolidation,Loan Application,10xxx,NY,21.25,0.0,Sep-1999,2.0,,,5.0,0.0,23974.0,95.9,11.0,f,8234.41,8227.15,36612.62,36580.8,20390.59,16222.03,0.0,0.0,0.0,Dec-2015,763.18,Feb-2016,Jan-2016,0.0,,1.0,INDIVIDUAL,,,,0.0,,,,,,,,,,,,,,,,,,
8626002,4535469,4000.0,4000.0,4000.0, 36 months,14.27,137.24,C,C2,REDACTED,9 years,RENT,32400.0,Verified,Dec-2011,Fully Paid,n,,,debt_consolidation,Loan Application,98xxx,WA,5.41,0.0,Sep-2007,0.0,,118.0,5.0,1.0,2372.0,65.9,5.0,f,0.0,0.0,4938.64369791,4938.64,4000.0,938.64,0.0,0.0,0.0,Dec-2014,142.78,,Jan-2016,0.0,,1.0,INDIVIDUAL,,,,0.0,,,,,,,,,,,,,,,,,,0.0
5427121,4350852,7300.0,7300.0,7300.0, 36 months,11.71,241.46,B,B3,REDACTED,4 years,RENT,50000.0,Source Verified,Dec-2011,Fully Paid,n,,,other,Loan Application,10xxx,NY,12.79,0.0,Apr-2001,0.0,,,6.0,0.0,2496.0,37.3,22.0,f,0.0,0.0,7574.8,7574.8,7300.0,274.8,0.0,0.0,0.0,Apr-2012,6852.23,,Jan-2016,0.0,,1.0,INDIVIDUAL,,,,0.0,,,,,,,,,,,,,,,,,,0.0
6834779,4100751,18000.0,18000.0,18000.0, 36 months,8.9,571.56,A,A5,REDACTED,9 years,MORTGAGE,70000.0,Source Verified,Dec-2011,Fully Paid,n,,,credit_card,Loan Application,48xxx,MI,17.76,0.0,Jun-1989,1.0,30.0,,16.0,0.0,19575.0,34.3,29.0,f,0.0,0.0,19082.03,19082.03,18000.0,1082.03,0.0,0.0,0.0,Sep-2012,14514.81,,Jul-2013,0.0,,1.0,INDIVIDUAL,,,,0.0,,,,,,,,,,,,,,,,,,0.0
6121604,9455503,5000.0,5000.0,5000.0, 36 months,11.71,165.38,B,B3,REDACTED,10+ years,OWN,35000.0,Source Verified,Dec-2011,Fully Paid,n,,,other,Loan Application,40xxx,KY,19.37,0.0,Apr-1990,2.0,,,3.0,0.0,5510.0,35.5,15.0,f,0.0,0.0,5541.16,5541.16,5000.0,541.16,0.0,0.0,0.0,Jan-2013,3562.24,,Feb-2013,0.0,,1.0,INDIVIDUAL,,,,0.0,,,,,,,,,,,,,,,,,,0.0
8688639,1258976,6500.0,6500.0,6500.0, 60 months,14.27,152.16,C,C2,REDACTED,,MORTGAGE,46212.0,Verified,Dec-2011,Current,n,,,debt_consolidation,Loan Application,27xxx,NC,19.06,0.0,Feb-1999,1.0,,,9.0,0.0,16691.0,80.6,31.0,f,1704.21,1704.21,7302.43,7302.43,4795.78,2491.65,15.0,0.0,0.0,Dec-2015,152.16,Feb-2016,Jan-2016,0.0,,1.0,INDIVIDUAL,,,,0.0,,,,,,,,,,,,,,,,,,
2882998,4645157,14100.0,14100.0,14100.0, 60 months,17.58,354.84,D,D4,REDACTED,4 years,RENT,43000.0,Source Verified,Dec-2011,Current,n,,,small_business,Loan Application,78xxx,TX,4.83,0.0,Nov-2002,3.0,26.0,,7.0,0.0,13609.0,70.5,15.0,f,3886.88,3886.88,17015.42,17015.42,10213.12,6802.3,0.0,0.0,0.0,Dec-2015,354.84,Feb-2016,Jan-2016,0.0,,1.0,INDIVIDUAL,,,,0.0,,,,,,,,,,,,,,,,,,
8619424,6196492,35000.0,22050.0,22050.0, 60 months,19.03,572.36,E,E2,REDACTED,10+ years,MORTGAGE,140000.0,Verified,Dec-2011,Current,n,,,small_business,Loan Application,97xxx,OR,4.29,2.0,Dec-1994,2.0,16.0,,14.0,0.0,13948.0,75.4,39.0,f,6275.2,6275.2,27511.89,27511.89,15774.8,11679.85,57.236585133,0.0,0.0,Jan-2016,572.36,Feb-2016,Jan-2016,0.0,,1.0,INDIVIDUAL,,,,0.0,,,,,,,,,,,,,,,,,,
3691738,5688323,10000.0,10000.0,10000.0, 36 months,14.27,343.09,C,C2,REDACTED,10+ years,MORTGAGE,115000.0,Source Verified,Dec-2011,Fully Paid,n,,,home_improvement,Loan Application,22xxx,VA,24.34,0.0,Aug-1995,3.0,,,15.0,0.0,26479.0,71.2,53.0,f,0.0,0.0,11890.1,11890.1,10000.0,1890.1,0.0,0.0,0.0,Sep-2013,5041.96,,Mar-2015,0.0,,1.0,INDIVIDUAL,,,,0.0,,,,,,,,,,,,,,,,,,0.0
8120993,8260755,3000.0,3000.0,3000.0, 36 months,7.9,93.88,A,A4,REDACTED,4 years,RENT,45000.0,Not Verified,Dec-2011,Fully Paid,n,,,debt_consolidation,Loan Application,99xxx,AK,19.39,0.0,Jun-2001,0.0,,,10.0,0.0,16487.0,63.2,15.0,f,0.0,0.0,3378.90043315,3378.9,3000.0,378.9,0.0,0.0,0.0,Dec-2014,95.96,,Dec-2014,0.0,,1.0,INDIVIDUAL,,,,0.0,,,,,,,,,,,,,,,,,,0.0
7627365,5294087,25000.0,15325.0,15325.0, 60 months,19.03,397.8,E,E2,REDACTED,7 years,RENT,95000.0,Verified,Dec-2011,Current,n,,,debt_consolidation,Loan Application,91xxx,CA,15.56,2.0,Aug-1987,0.0,12.0,,15.0,0.0,23426.0,48.8,26.0,f,4323.16,4323.16,19077.65,19077.65,11001.84,8075.81,0.0,0.0,0.0,Jan-2016,397.8,Feb-2016,Jan-2016,0.0,,1.0,INDIVIDUAL,,,,0.0,,,,,,,,,,,,,,,,,,
9034426,7195526,28000.0,28000.0,28000.0, 36 months,15.96,983.85,C,C5,REDACTED,5 years,MORTGAGE,235000.0,Source Verified,Dec-2011,Fully Paid,n,,,credit_card,Loan Application,20xxx,VA,9.08,0.0,Jul-1994,1.0,,,10.0,0.0,18287.0,82.7,27.0,f,0.0,0.0,34725.2939573,34725.29,28000.0,6725.29,0.0,0.0,0.0,Feb-2014,10164.77,,Mar-2014,0.0,,1.0,INDIVIDUAL,,,,0.0,,,,,,,,,,,,,,,,,,0.0
2862855,7276303,10000.0,10000.0,10000.0, 36 months,14.65,344.95,C,C3,REDACTED,5 years,RENT,36000.0,Not Verified,Dec-2011,Fully Paid,n,,,credit_card,Loan Application,11xxx,NY,9.6,0.0,Jul-2007,1.0,,,7.0,0.0,10071.0,57.2,7.0,f,0.0,0.0,12419.6074985,12419.61,10000.0,2419.61,0.0,0.0,0.0,Jan-2015,10.77,,Oct-2015,0.0,,1.0,INDIVIDUAL,,,,0.0,,,,,,,,,,,,,,,,,,0.0
3946694,3586925,12000.0,12000.0,12000.0, 36 months,7.9,375.49,A,A4,REDACTED,5 years,RENT,26000.0,Not Verified,Dec-2011,Fully Paid,n,,,credit_card,Loan Application,80xxx,CO,12.83,0.0,Mar-1999,1.0,,,5.0,0.0,7083.0,61.0,21.0,f,0.0,0.0,13516.0690921,13516.07,12000.0,1516.07,0.0,0.0,0.0,Dec-2014,383.02,,Jan-2016,0.0,,1.0,INDIVIDUAL,,,,0.0,,,,,,,,,,,,,,,,,,0.0
7909116,3124958,10000.0,10000.0,10000.0, 36 months,17.27,357.88,D,D3,REDACTED,3 years,RENT,80000.0,Source Verified,Dec-2011,Fully Paid,n,,,small_business,Loan Application,10xxx,NY,5.73,0.0,Dec-2000,0.0,,,3.0,0.0,11464.0,91.0,9.0,f,0.0,0.0,12874.2357955,12874.24,10000.0,2874.24,0.0,0.0,0.0,Nov-2014,720.62,,Jan-2016,0.0,,1.0,INDIVIDUAL,,,,0.0,,,,,,,,,,,,,,,,,,0.0
1185632,1976333,11000.0,11000.0,10975.0, 36 months,8.9,349.29,A,A5,REDACTED,1 year,RENT,50000.0,Not Verified,Dec-2011,Fully Paid,n,,,debt_consolidation,Loan Application,02xxx,MA,14.09,0.0,Jun-2001,0.0,,,8.0,0.0,13414.0,74.8,14.0,f,0.0,0.0,12458.3604733,12430.06,11000.0,1458.36,0.0,0.0,0.0,Mar-2014,3392.16,,Jan-2016,0.0,,1.0,INDIVIDUAL,,,,0.0,,,,,,,,,,,,,,,,,,0.0
6822539,6078164,10000.0,10000.0,10000.0, 36 months,15.27,347.98,C,C4,REDACTED,10+ years,RENT,55000.0,Source Verified,Dec-2011,Fully Paid,n,,,small_business,Loan Application,10xxx,NY,0.89,0.0,Apr-2000,2.0,25.0,,8.0,0.0,2798.0,18.1,26.0,f,0.0,0.0,12520.0255725,12520.03,10000.0,2520.03,0.0,0.0,0.0,Dec-2014,368.81,,Jan-2016,0.0,,1.0,INDIVIDUAL,,,,0.0,,,,,,,,,,,,,,,,,,0.0
7558181,4590160,5000.0,5000.0,5000.0, 36 months,6.62,153.52,A,A2,REDACTED,5 years,MORTGAGE,55000.0,Verified,Dec-2011,Fully Paid,n,,,debt_consolidation,Loan Application,02xxx,MA,4.12,0.0,May-2002,0.0,,,8.0,0.0,5750.0,47.1,28.0,f,0.0,0.0,5525.56320926,5525.56,5000.0,525.56,0.0,0.0,0.0,Dec-2014,161.46,,Dec-2014,0.0,,1.0,INDIVIDUAL,,,,0.0,,,,,,,,,,,,,,,,,,0.0
4435852,4257653,5000.0,5000.0,5000.0, 36 months,6.03,152.18,A,A1,REDACTED,3 years,RENT,64424.0,Not Verified,Dec-2011,Fully Paid,n,,,other,Loan Application,11xxx,NY,0.93,0.0,Sep-1988,0.0,,,9.0,0.0,206.0,0.7,17.0,f,0.0,0.0,5478.15816596,5478.16,5000.0,478.16,0.0,0.0,0.0,Dec-2014,153.94,,Dec-2014,0.0,,1.0,INDIVIDUAL,,,,0.0,,,,,,,,,,,,,,,,,,0.0
4351643,5402250,5000.0,5000.0,5000.0, 36 months,8.9,158.77,A,A5,REDACTED,10+ years,RENT,56000.0,Not Verified,Dec-2011,Fully Paid,n,,,debt_consolidation,Loan Application,11xxx,NY,15.47,0.0,Mar-1989,0.0,,,12.0,0.0,14457.0,79.0,19.0,f,0.0,0.0,5714.73782873,5714.74,5000.0,714.74,0.0,0.0,0.0,Dec-2014,162.99,,Jan-2016,0.0,,1.0,INDIVIDUAL,,,,0.0,,,,,,,,,,,,,,,,,,0.0
7538440,1398898,6000.0,6000.0,6000.0, 36 months,14.27,205.86,C,C2,REDACTED,7 years,RENT,30000.0,Not Verified,Dec-2011,Charged Off,n,,,credit_card,Loan Application,90xxx,CA,15.68,0.0,May-2007,0.0,,,5.0,0.0,13470.0,96.9,12.0,f,0.0,0.0,6528.97,6528.97,4997.41,1372.03,0.0,159.53,1.4731000013,Jul-2014,205.86,,Dec-2014,0.0,,1.0,INDIVIDUAL,,,,0.0,,,,,,,,,,,,,,,,,,1.0
9079142,1168813,5000.0,5000.0,5000.0, 36 months,14.27,171.55,C,C2,REDACTED,4 years,MORTGAGE,111740.0,Source Verified,Dec-2011,Fully Paid,n,,,vacation,Loan Application,30xxx,GA,20.62,0.0,Jun-1994,3.0,,,14.0,0.0,29135.0,93.1,50.0,f,0.0,0.0,5972.78,5972.78,5000.0,972.78,0.0,0.0,0.0,Oct-2013,2377.14,,Jul-2015,0.0,,1.0,INDIVIDUAL,,,,0.0,,,,,,,,,,,,,,,,,,0.0
3054988,7574185,20050.0,20050.0,20025.0, 36 months,17.58,720.64,D,D4,REDACTED,7 years,RENT,67500.0,Verified,Dec-2011,Fully Paid,n,,,credit_card,Loan Application,02xxx,RI,24.84,0.0,Jan-1995,1.0,,,16.0,0.0,19556.0,81.1,29.0,f,0.0,0.0,25928.6496992,25896.38,20050.0,5878.65,0.0,0.0,0.0,Dec-2014,749.48,,Jul-2015,0.0,,1.0,INDIVIDUAL,,,,0.0,,,,,,,,,,,,,,,,,,0.0
6282782,9388656,7000.0,7000.0,7000.0, 36 months,16.77,248.77,D,D2,REDACTED,< 1 year,RENT,41000.0,Source Verified,Dec-2011,Charged Off,n,,,wedding,Loan Application,11xxx,NY,20.31,0.0,Apr-2003,2.0,,,7.0,0.0,28651.0,97.8,15.0,f,0.0,0.0,1582.19,1582.19,944.53,637.66,0.0,0.0,0.0,Aug-2012,93.72,,Jan-2016,0.0,,1.0,INDIVIDUAL,,,,0.0,,,,,,,,,,,,,,,,,,1.0
3474817,2089143,25000.0,25000.0,25000.0, 36 months,10.65,814.34,B,B2,REDACTED,10+ years,RENT,120000.0,Verified,Dec-2011,Fully Paid,n,,,debt_consolidation,Loan Application,01xxx,MA,6.17,0.0,Feb-1998,1.0,,,10.0,0.0,27275.0,54.3,26.0,f,0.0,0.0,29207.4308844,29207.43,25000.0,4207.43,0.0,0.0,0.0,Jul-2014,4789.19,,Jan-2016,0.0,,1.0,INDIVIDUAL,,,,0.0,,,,,,,,,,,,,,,,,,0.0
8066103,4745329,3000.0,3000.0,3000.0, 36 months,12.69,100.64,B,B5,REDACTED,10+ years,RENT,30000.0,Not Verified,Dec-2011,Charged Off,n,,,debt_consolidation,Loan Application,90xxx,CA,15.4,0.0,Nov-2001,0.0,,,11.0,0.0,9527.0,94.8,15.0,f,0.0,0.0,1134.68,1134.68,721.02,282.78,0.0,130.88,1.28,Oct-2012,100.64,,Mar-2013,0.0,,1.0,INDIVIDUAL,,,,0.0,,,,,,,,,,,,,,,,,,1.0
4835488,3101950,8400.0,8400.0,8400.0, 36 months,17.27,300.62,D,D3,REDACTED,10+ years,RENT,41500.0,Source Verified,Dec-2011,Fully Paid,n,,,credit_card,Loan Application,06xxx,CT,15.07,0.0,Feb-2007,1.0,,,8.0,0.0,9398.0,77.4,9.0,f,0.0,0.0,10826.0910565,10826.09,8400.0,2426.09,0.0,0.0,0.0,Feb-2015,10.97,,Feb-2015,0.0,,1.0,INDIVIDUAL,,,,0.0,,,,,,,,,,,,,,,,,,0.0
9093501,2425517,24925.0,24925.0,24900.0, 60 months,23.91,715.75,G,G4,REDACTED,4 years,RENT,60000.0,Verified,Dec-2011,Fully Paid,n,,,credit_card,Loan Application,33xxx,FL,17.74,0.0,May-2004,2.0,,,19.0,0.0,14265.0,98.9,26.0,f,0.0,0.0,37785.2811093,37747.49,24925.0,12860.28,0.0,0.0,0.0,Apr-2015,6543.21,,Apr-2015,0.0,,1.0,INDIVIDUAL,,,,0.0,,,,,,,,,,,,,,,,,,0.0
1755507,1687661,5000.0,5000.0,5000.0, 36 months,9.91,161.13,B,B1,REDACTED,10+ years,MORTGAGE,75000.0,Source Verified,Dec-2011,Fully Paid,n,,,debt_consolidation,Loan Application,44xxx,OH,18.5,0.0,Dec-1995,0.0,,,19.0,0.0,40620.0,77.2,56.0,f,0.0,0.0,5646.96,5646.96,5000.0,646.96,0.0,0.0,0.0,Sep-2013,2430.94,,Sep-2013,0.0,,1.0,INDIVIDUAL,,,,0.0,,,,,,,,,,,,,,,,,,0.0
9626763,6369670,12000.0,12000.0,12000.0, 60 months,14.27,280.91,C,C2,REDACTED,2 years,RENT,80000.0,Source Verified,Dec-2011,Fully Paid,n,,,credit_card,Loan Application,32xxx,FL,6.51,0.0,Jul-2006,0.0,,,8.0,0.0,6846.0,78.7,18.0,f,0.0,0.0,13597.18,13597.18,11999.99,1597.19,0.0,0.0,0.0,Dec-2012,10515.58,,Jan-2016,0.0,,1.0,INDIVIDUAL,,,,0.0,,,,,,,,,,,,,,,,,,0.0
8934284,2195249,12000.0,12000.0,12000.0, 36 months,12.42,400.99,B,B4,REDACTED,10+ years,RENT,42000.0,Not Verified,Dec-2011,Fully Paid,n,,,credit_card,Loan Application,54xxx,WI,21.49,0.0,Oct-1995,1.0,,,13.0,0.0,17482.0,67.5,24.0,f,0.0,0.0,14432.7523333,14432.75,12000.0,2432.75,0.0,0.0,0.0,Dec-2014,410.32,,Dec-2014,0.0,,1.0,INDIVIDUAL,,,,0.0,,,,,,,,,,,,,,,,,,0.0
5064805,4733008,13200.0,13200.0,13200.0, 36 months,11.71,436.61,B,B3,REDACTED,2 years,MORTGAGE,41600.0,Not Verified,Dec-2011,Charged Off,n,,,debt_consolidation,Loan Application,95xxx,CA,9.55,0.0,Nov-2001,0.0,,,10.0,0.0,10086.0,77.6,23.0,f,0.0,0.0,4931.09,4931.09,3210.7,1147.2,0.0,573.19,5.58,Oct-2012,436.61,,Mar-2013,0.0,,1.0,INDIVIDUAL,,,,0.0,,,,,,,,,,,,,,,,,,1.0
8419948,3920487,6000.0,6000.0,6000.0, 36 months,6.03,182.62,A,A1,REDACTED,1 year,RENT,48000.0,Source Verified,Dec-2011,Fully Paid,n,,,major_purchase,Loan Application,07xxx,NJ,15.25,0.0,Feb-2001,0.0,,,9.0,0.0,3495.0,15.3,27.0,f,0.0,0.0,6568.33740121,6568.34,6000.0,568.34,0.0,0.0,0.0,Sep-2014,726.84,,Jan-2016,0.0,,1.0,INDIVIDUAL,,,,0.0,,,,,,,,,,,,,,,,,,0.0
4166618,7167099,10000.0,10000.0,10000.0, 36 months,6.62,307.04,A,A2,REDACTED,8 years,MORTGAGE,50000.0,Verified,Dec-2011,Fully Paid,n,,,credit_card,Loan Application,15xxx,PA,13.42,0.0,Jun-1996,3.0,,,13.0,0.0,9178.0,38.6,31.0,f,0.0,0.0,10606.08,10606.08,10000.0,606.08,0.0,0.0,0.0,Jan-2013,6930.15,,Feb-2013,0.0,,1.0,INDIVIDUAL,,,,0.0,,,,,,,,,,,,,,,,,,0.0
6199464,7558051,17500.0,17500.0,17500.0, 60 months,12.42,393.01,B,B4,REDACTED,4 years,RENT,70000.0,Not Verified,Dec-2011,Fully Paid,n,,,credit_card,Loan Application,14xxx,NY,16.7,0.0,Mar-1987,1.0,,,15.0,0.0,12176.0,67.3,53.0,f,0.0,0.0,18211.49,18211.49,17500.01,711.48,0.0,0.0,0.0,Apr-2012,17034.03,,Jan-2016,0.0,,1.0,INDIVIDUAL,,,,0.0,,,,,,,,,,,,,,,,,,0.0
9834320,5751522,6500.0,6500.0,6500.0, 36 months,10.65,211.73,B,B2,REDACTED,2 years,RENT,53000.0,Verified,Dec-2011,Fully Paid,n,,,debt_consolidation,Loan Application,65xxx,MO,20.81,0.0,Dec-2004,0.0,,,12.0,0.0,6666.0,80.3,25.0,f,0.0,0.0,7619.88889179,7619.89,6500.0,1119.89,0.0,0.0,0.0,Dec-2014,221.3,,Dec-2014,0.0,,1.0,INDIVIDUAL,,,,0.0,,,,,,,,,,,,,,,,,,0.0
3439766,7325885,10000.0,10000.0,10000.0, 36 months,7.51,311.11,A,A3,REDACTED,2 years,MORTGAGE,65000.0,Not Verified,Dec-2011,Fully Paid,n,,,small_business,Loan Application,55xxx,MN,8.55,1.0,Oct-1997,1.0,15.0,,10.0,0.0,6242.0,12.8,25.0,f,0.0,0.0,10942.88,10942.88,10000.0,942.88,0.0,0.0,0.0,Aug-2013,5046.57,,Sep-2013,0.0,,1.0,INDIVIDUAL,,,,0.0,,,,,,,,,,,,,,,,,,0.0
5725035,7763607,12000.0,12000.0,12000.0, 36 months,9.91,386.7,B,B1,REDACTED,2 years,RENT,85000.0,Not Verified,Dec-2011,Fully Paid,n,,,debt_consolidation,Loan Application,70xxx,LA,10.38,0.0,Mar-2004,1.0,,,12.0,0.0,9358.0,45.3,22.0,f,0.0,0.0,13911.015733,13911.02,12000.0,1911.02,0.0,0.0,0.0,Oct-2014,1162.92,,Nov-2015,0.0,,1.0,INDIVIDUAL,,,,0.0,,,,,,,,,,,,,,,,,,0.0
3099447,1198445,10000.0,10000.0,10000.0, 36 months,14.27,343.09,C,C2,REDACTED,10+ years,RENT,55000.0,Not Verified,Dec-2011,Fully Paid,n,,,debt_consolidation,Loan Application,95xxx,CA,22.1,0.0,Mar-2001,1.0,,,9.0,0.0,7107.0,54.3,12.0,f,0.0,0.0,12347.1611932,12347.16,10000.0,2347.16,0.0,0.0,0.0,Dec-2014,355.91,,Mar-2015,0.0,,1.0,INDIVIDUAL,,,,0.0,,,,,,,,,,,,,,,,,,0.0
3952925,2984789,12375.0,12375.0,12375.0, 36 months,14.27,424.58,C,C2,REDACTED,10+ years,RENT,36000.0,Not Verified,Dec-2011,Fully Paid,n,,,credit_card,Loan Application,01xxx,MA,23.03,0.0,Mar-2001,1.0,,,5.0,0.0,13697.0,91.3,5.0,f,0.0,0.0,13695.68,13695.68,12374.99,1320.69,0.0,0.0,0.0,Dec-2012,3035.15,,Mar-2015,0.0,,1.0,INDIVIDUAL,,,,0.0,,,,,,,,,,,,,,,,,,0.0
5174178,6179947,10000.0,10000.0,10000.0, 36 months,10.65,325.74,B,B2,REDACTED,1 year,RENT,26000.0,Not Verified,Dec-2011,Fully Paid,n,,,debt_consolidation,Loan Application,33xxx,FL,9.78,0.0,Dec-2006,1.0,,,8.0,0.0,5424.0,61.0,12.0,f,0.0,0.0,11723.0849327,11723.08,10000.0,1723.08,0.0,0.0,0.0,Dec-2014,339.6,,Dec-2014,0.0,,1.0,INDIVIDUAL,,,,0.0,,,,,,,,,,,,,,,,,,0.0
6122079,3208240,20000.0,20000.0,19975.0, 60 months,18.25,510.6,D,D5,REDACTED,7 years,RENT,70000.0,Verified,Dec-2011,Late (31-120 days),n,,,small_business,Loan Application,60xxx,IL,18.41,0.0,Jul-2002,1.0,,,12.0,0.0,10958.0,71.2,18.0,f,6812.81,6804.2,22954.38,22925.87,13187.2,9767.18,0.0,0.0,0.0,Sep-2015,510.6,Feb-2016,Jan-2016,0.0,,1.0,INDIVIDUAL,,,,0.0,,,,,,,,,,,,,,,,,,1.0
9293273,7931108,4400.0,4400.0,4400.0, 36 months,19.03,161.36,E,E2,REDACTED,7 years,RENT,80000.0,Verified,Dec-2011,Fully Paid,n,,,small_business,Loan Application,10xxx,NY,2.65,0.0,Mar-2004,0.0,26.0,,4.0,0.0,6043.0,99.1,13.0,f,0.0,0.0,5806.34597017,5806.35,4400.0,1406.35,0.0,0.0,0.0,Dec-2014,166.29,,Jan-2016,0.0,,1.0,INDIVIDUAL,,,,0.0,,,,,,,,,,,,,,,,,,0.0
8812535,2844376,25000.0,25000.0,25000.0, 36 months,13.49,848.27,C,C1,REDACTED,4 years,MORTGAGE,80000.0,Verified,Dec-2011,Fully Paid,n,,,debt_consolidation,Loan Application,30xxx,GA,14.65,0.0,Oct-1996,1.0,,,11.0,0.0,24308.0,71.7,27.0,f,0.0,0.0,27062.01,27062.01,25000.0,2062.01,0.0,0.0,0.0,Sep-2012,28.31,,Sep-2012,0.0,,1.0,INDIVIDUAL,,,,0.0,,,,,,,,,,,,,,,,,,0.0
4061153,2504212,14125.0,14125.0,14125.0, 36 months,12.42,472.0,B,B4,REDACTED,,MORTGAGE,45696.0,Verified,Dec-2011,Charged Off,n,,,debt_consolidation,Loan Application,28xxx,NC,21.93,0.0,Aug-2000,0.0,,,10.0,0.0,15831.0,91.5,26.0,f,0.0,0.0,6600.86,6600.86,4875.95,1724.91,0.0,0.0,0.0,Feb-2013,472.0,,Jan-2016,0.0,,1.0,INDIVIDUAL,,,,0.0,,,,,,,,,,,,,,,,,,1.0
5377148,9937804,35000.0,21825.0,21825.0, 60 months,20.3,581.88,E,E5,REDACTED,2 years,MORTGAGE,100000.0,Verified,Dec-2011,Fully Paid,n,,,wedding,Loan Application,07xxx,NJ,24.71,0.0,Feb-1997,0.0,,,16.0,0.0,10345.0,68.7,61.0,f,0.0,0.0,28470.38,28470.38,21825.0,6645.38,0.0,0.0,0.0,Oct-2013,14523.83,,Oct-2013,0.0,,1.0,INDIVIDUAL,,,,0.0,,,,,,,,,,,,,,,,,,0.0
2249124,1246282,13600.0,13600.0,13600.0, 60 months,12.69,307.29,B,B5,REDACTED,1 year,RENT,62000.0,Not Verified,Dec-2011,Fully Paid,n,,,debt_consolidation,Loan Application,75xxx,TX,11.98,0.0,Aug-2000,2.0,,,11.0,0.0,16902.0,53.5,35.0,f,0.0,0.0,17506.9357041,17506.94,13600.0,3906.94,0.0,0.0,0.0,Feb-2015,944.57,,Jan-2016,0.0,,1.0,INDIVIDUAL,,,,0.0,,,,,,,,,,,,,,,,,,0.0
6604793,1721228,20000.0,20000.0,20000.0, 60 months,12.69,451.9,B,B5,REDACTED,7 years,RENT,50000.0,Verified,Dec-2011,Fully Paid,n,,,credit_card,Loan Application,01xxx,MA,27.67,0.0,Apr-2002,0.0,,,9.0,0.0,16436.0,76.1,29.0,f,0.0,0.0,25198.3765871,25198.38,20000.0,5198.38,0.0,0.0,0.0,Jul-2014,8163.48,,Jan-2016,0.0,,1.0,INDIVIDUAL,,,,0.0,,,,,,,,,,,,,,,,,,0.0
5047188,7660900,18000.0,18000.0,18000.0, 36 months,13.49,610.75,C,C1,REDACTED,< 1 year,OWN,66000.0,Source Verified,Dec-2011,Charged Off,n,,,debt_consolidation,Loan Application,18xxx,PA,12.87,0.0,Sep-1994,1.0,,,10.0,0.0,13938.0,42.9,27.0,f,0.0,0.0,13380.5,13380.5,2950.75,1315.4,0.0,9114.35,495.2358,Jul-2012,610.75,,Dec-2012,0.0,,1.0,INDIVIDUAL,,,,0.0,,,,,,,,,,,,,,,,,,1.0
9683451,9740058,13000.0,13000.0,12975.0, 60 months,16.77,321.48,D,D2,REDACTED,10+ years,OWN,80000.0,Verified,Dec-2011,Fully Paid,n,,,debt_consolidation,Loan Application,64xxx,MO,4.96,0.0,Dec-1995,3.0,,,6.0,0.0,10984.0,84.5,9.0,f,0.0,0.0,18462.0400079,18426.58,13000.0,5462.04,0.0,0.0,0.0,Apr-2015,5992.22,,Jan-2016,0.0,,1.0,INDIVIDUAL,,,,0.0,,,,,,,,,,,,,,,,,,0.0
4929755,8759818,35000.0,35000.0,35000.0, 36 months,16.77,1243.85,D,D2,REDACTED,7 years,MORTGAGE,100000.0,Verified,Dec-2011,Fully Paid,n,,,debt_consolidation,Loan Application,75xxx,TX,19.03,0.0,May-1992,2.0,,,7.0,0.0,38248.0,74.6,18.0,f,0.0,0.0,44519.6100184,44519.61,35000.0,9519.61,0.0,0.0,0.0,Jul-2014,7226.73,,Aug-2014,0.0,,1.0,INDIVIDUAL,,,,0.0,,,,,,,,,,,,,,,,,,0.0
4870943,8522079,35000.0,35000.0,35000.0, 36 months,14.27,1200.82,C,C2,REDACTED,1 year,MORTGAGE,123000.0,Verified,Dec-2011,Fully Paid,n,,,credit_card,Loan Application,48xxx,MI,19.34,0.0,Sep-1996,0.0,,,10.0,0.0,41034.0,83.1,34.0,f,0.0,0.0,41998.98,41998.98,35000.0,6998.98,0.0,0.0,0.0,Nov-2013,15600.1,,Nov-2013,0.0,,1.0,INDIVIDUAL,,,,0.0,,,,,,,,,,,,,,,,,,0.0
5658163,3509441,12000.0,12000.0,12000.0, 60 months,11.71,265.18,B,B3,REDACTED,10+ years,RENT,70000.0,Not Verified,Dec-2011,Current,n,,,debt_consolidation,Loan Application,02xxx,MA,21.17,0.0,Jul-1985,1.0,,,9.0,0.0,9558.0,77.7,23.0,f,2998.59,2998.59,12713.56,12713.56,9001.42,3712.14,0.0,0.0,0.0,Dec-2015,265.18,Feb-2016,Jan-2016,0.0,,1.0,INDIVIDUAL,,,,0.0,,,,,,,,,,,,,,,,,,
7148256,1762636,7200.0,7200.0,7200.0, 36 months,13.49,244.3,C,C1,REDACTED,9 years,MORTGAGE,60000.0,Source Verified,Dec-2011,Fully Paid,n,,,debt_consolidation,Loan Application,60xxx,IL,22.22,0.0,Jan-1993,0.0,70.0,,16.0,0.0,13874.0,50.6,23.0,f,0.0,0.0,8400.86,8400.86,7200.0,1200.86,0.0,0.0,0.0,Jul-2013,4013.19,,Jan-2016,0.0,,1.0,INDIVIDUAL,,,,0.0,,,,,,,,,,,,,,,,,,0.0
8917713,5610852,25000.0,15925.0,15925.0, 60 months,15.96,386.93,C,C5,REDACTED,10+ years,MORTGAGE,150000.0,Verified,Dec-2011,Fully Paid,n,,,small_business,Loan Application,34xxx,FL,5.66,0.0,Jun-1997,2.0,,,23.0,0.0,27505.0,40.6,51.0,f,0.0,0.0,22175.0209447,22175.02,15925.0,6250.02,0.0,0.0,0.0,Mar-2015,7507.67,,Apr-2015,0.0,,1.0,INDIVIDUAL,,,,0.0,,,,,,,,,,,,,,,,,,0.0
5942567,8786648,4000.0,4000.0,4000.0, 36 months,12.69,134.18,B,B5,REDACTED,3 years,RENT,80000.0,Not Verified,Dec-2011,Fully Paid,n,,,other,Loan Application,92xxx,CA,21.66,0.0,Sep-2002,0.0,,,11.0,0.0,25596.0,97.3,17.0,f,0.0,0.0,4828.77062299,4828.77,4000.0,828.77,0.0,0.0,0.0,Dec-2014,140.27,,Dec-2014,0.0,,1.0,INDIVIDUAL,,,,0.0,,,,,,,,,,,,,,,,,,0.0
4463648,7153339,7000.0,7000.0,7000.0, 36 months,7.51,217.78,A,A3,REDACTED,10+ years,RENT,31000.0,Not Verified,Dec-2011,Fully Paid,n,,,credit_card,Loan Application,32xxx,FL,26.86,0.0,Jul-2002,1.0,,,8.0,0.0,5033.0,44.1,13.0,f,0.0,0.0,7837.8326356,7837.83,7000.0,837.83,0.0,0.0,0.0,Dec-2014,230.87,,Jan-2016,0.0,,1.0,INDIVIDUAL,,,,0.0,,,,,,,,,,,,,,,,,,0.0
6549107,5225123,15000.0,15000.0,15000.0, 36 months,13.49,508.96,C,C1,REDACTED,4 years,MORTGAGE,90000.0,Source Verified,Dec-2011,Fully Paid,n,,,other,Loan Application,29xxx,SC,6.93,0.0,Dec-1980,0.0,38.0,,10.0,0.0,23062.0,71.8,17.0,f,0.0,0.0,18379.5002864,18379.5,15000.0,3339.08,40.4215890452,0.0,0.0,Jan-2015,78.92,,Jan-2015,0.0,,1.0,INDIVIDUAL,,,,0.0,,,,,,,,,,,,,,,,,,0.0
7178267,2004739,12800.0,12800.0,12800.0, 60 months,11.71,282.86,B,B3,REDACTED,1 year,RENT,61600.0,Not Verified,Dec-2011,Current,n,,,debt_consolidation,Loan Application,19xxx,PA,21.8,0.0,Jun-1989,0.0,,,10.0,0.0,23979.0,60.1,37.0,f,3196.46,3196.46,13564.28,13564.28,9603.54,3960.74,0.0,0.0,0.0,Dec-2015,282.86,Feb-2016,Jan-2016,0.0,,1.0,INDIVIDUAL,,,,0.0,,,,,,,,,,,,,,,,,,
1645142,2225398,35000.0,21350.0,21325.0, 60 months,20.89,576.27,F,F1,REDACTED,10+ years,MORTGAGE,71316.0,Verified,Dec-2011,Charged Off,n,,,debt_consolidation,Loan Application,28xxx,NC,14.79,1.0,Jan-1994,1.0,23.0,,13.0,0.0,18651.0,75.5,23.0,f,0.0,0.0,1151.2,1149.86,412.29,738.91,0.0,0.0,0.0,Feb-2012,576.27,,Jan-2016,0.0,,1.0,INDIVIDUAL,,,,0.0,,,,,,,,,,,,,,,,,,1.0
3824535,1064104,15000.0,15000.0,15000.0, 60 months,16.77,370.94,D,D2,REDACTED,8 years,RENT,42000.0,Not Verified,Dec-2011,Current,n,,,credit_card,Loan Application,33xxx,FL,15.69,0.0,Apr-2005,1.0,,,9.0,0.0,12259.0,73.3,12.0,f,4083.45,4083.45,17782.5,17782.5,10916.56,6865.94,0.0,0.0,0.0,Dec-2015,370.94,Feb-2016,Jan-2016,0.0,,1.0,INDIVIDUAL,,,,0.0,,,,,,,,,,,,,,,,,,
9158387,3724970,7200.0,7200.0,7200.0, 36 months,7.9,225.29,A,A4,REDACTED,5 years,RENT,34000.0,Source Verified,Dec-2011,Fully Paid,n,,,debt_consolidation,Loan Application,06xxx,CT,17.51,0.0,Jun-2002,0.0,77.0,38.0,10.0,1.0,5176.0,48.8,13.0,f,0.0,0.0,8111.04149328,8111.04,7200.0,911.04,0.0,0.0,0.0,Jan-2015,6.6,,Jul-2015,0.0,,1.0,INDIVIDUAL,,,,0.0,,,,,,,,,,,,,,,,,,0.0
5927246,3545755,13000.0,13000.0,13000.0, 36 months,17.27,465.24,D,D3,REDACTED,10+ years,RENT,36000.0,Verified,Dec-2011,Fully Paid,n,,,debt_consolidation,Loan Application,72xxx,AR,10.9,0.0,Oct-2000,1.0,27.0,,7.0,0.0,5260.0,80.9,12.0,f,0.0,0.0,16272.9754769,16272.98,13000.0,3272.98,0.0,0.0,0.0,Apr-2014,464.45,,Jan-2016,0.0,,1.0,INDIVIDUAL,,,,0.0,,,,,,,,,,,,,,,,,,0.0
1953598,6379688,28000.0,28000.0,28000.0, 36 months,7.9,876.13,A,A4,REDACTED,4 years,RENT,65000.0,Verified,Dec-2011,Fully Paid,n,,,credit_card,Loan Application,07xxx,NJ,14.64,0.0,Feb-1994,1.0,,,7.0,0.0,13504.0,36.2,15.0,f,0.0,0.0,31031.65,31031.65,28000.0,3031.65,0.0,0.0,0.0,Nov-2013,11763.44,,Jan-2016,0.0,,1.0,INDIVIDUAL,,,,0.0,,,,,,,,,,,,,,,,,,0.0
6584307,4230769,12000.0,12000.0,12000.0, 36 months,9.91,386.7,B,B1,REDACTED,8 years,RENT,35000.0,Not Verified,Dec-2011,Fully Paid,n,,,debt_consolidation,Loan Application,36xxx,AL,15.87,0.0,May-2001,1.0,,,6.0,0.0,17035.0,57.6,7.0,f,0.0,0.0,13918.779877,13918.78,12000.0,1918.78,0.0,0.0,0.0,Dec-2014,398.06,,Dec-2014,0.0,,1.0,INDIVIDUAL,,,,0.0,,,,,,,,,,,,,,,,,,0.0
2200263,4317562,16000.0,16000.0,16000.0, 60 months,17.58,402.65,D,D4,REDACTED,< 1 year,RENT,50000.0,Not Verified,Dec-2011,Charged Off,n,,,debt_consolidation,Loan Application,89xxx,NV,21.14,0.0,Apr-2005,1.0,,,8.0,0.0,21627.0,70.5,13.0,f,0.0,0.0,1698.62,1698.62,338.39,465.55,0.0,894.68,161.0424,Feb-2012,402.65,,Jul-2012,0.0,,1.0,INDIVIDUAL,,,,0.0,,,,,,,,,,,,,,,,,,1.0
4978014,6185401,14000.0,14000.0,14000.0, 36 months,8.9,444.55,A,A5,REDACTED,5 years,RENT,62004.0,Not Verified,Dec-2011,Fully Paid,n,,,other,Loan Application,11xxx,NY,9.08,0.0,Mar-2002,0.0,,,7.0,0.0,9360.0,69.9,19.0,f,0.0,0.0,16001.29787,16001.3,14000.0,2001.3,0.0,0.0,0.0,Dec-2014,456.61,,Jan-2016,0.0,,1.0,INDIVIDUAL,,,,0.0,,,,,,,,,,,,,,,,,,0.0
8311408,7412812,11500.0,11500.0,11500.0, 36 months,11.71,380.38,B,B3,REDACTED,10+ years,RENT,74000.0,Verified,Dec-2011,Fully Paid,n,,,debt_consolidation,Loan Application,94xxx,CA,7.96,0.0,May-2001,0.0,,,8.0,0.0,16144.0,84.1,10.0,f,0.0,0.0,13368.85,13368.85,11500.0,1868.85,0.0,0.0,0.0,Nov-2013,5016.67,,Nov-2013,0.0,,1.0,INDIVIDUAL,,,,0.0,,,,,,,,,,,,,,,,,,0.0
6335642,8307953,10500.0,10500.0,10500.0, 36 months,14.65,362.19,C,C3,REDACTED,1 year,MORTGAGE,42000.0,Not Verified,Dec-2011,Fully Paid,n,,,debt_consolidation,Loan Application,30xxx,GA,10.77,0.0,Mar-2002,2.0,30.0,,7.0,0.0,16705.0,52.2,23.0,f,0.0,0.0,12544.09,12544.09,10500.0,2044.09,0.0,0.0,0.0,Oct-2013,246.39,,Jan-2016,0.0,,1.0,INDIVIDUAL,,,,0.0,,,,,,,,,,,,,,,,,,0.0
4560794,6193558,14400.0,14400.0,14400.0, 36 months,12.42,481.18,B,B4,REDACTED,5 years,OWN,48000.0,Not Verified,Dec-2011,Fully Paid,n,,,credit_card,Loan Application,06xxx,CT,20.68,0.0,Feb-2005,0.0,,,14.0,0.0,14347.0,42.6,16.0,f,0.0,0.0,17352.765023,17352.77,14400.0,2928.72,24.0480482958,0.0,0.0,Jan-2015,504.22,,Dec-2015,0.0,,1.0,INDIVIDUAL,,,,0.0,,,,,,,,,,,,,,,,,,0.0
3348335,9453441,16000.0,16000.0,15943.1421089, 36 months,9.91,515.6,B,B1,REDACTED,7 years,RENT,65000.0,Verified,Dec-2011,Fully Paid,n,,,debt_consolidation,Loan Application,92xxx,CA,10.36,0.0,Nov-1997,0.0,,,6.0,0.0,19518.0,94.3,17.0,f,0.0,0.0,17991.38,17926.73,16000.01,1991.37,0.0,0.0,0.0,Oct-2013,6386.35,,Jan-2016,0.0,,1.0,INDIVIDUAL,,,,0.0,,,,,,,,,,,,,,,,,,0.0
7591393,8987509,5375.0,5375.0,5375.0, 36 months,9.91,173.21,B,B1,REDACTED,2 years,RENT,15360.0,Not Verified,Dec-2011,Fully Paid,n,,,debt_consolidation,Loan Application,99xxx,WA,16.25,0.0,Nov-2005,1.0,,,4.0,0.0,6988.0,27.3,8.0,f,0.0,0.0,6233.76388217,6233.76,5375.0,858.76,0.0,0.0,0.0,Dec-2014,181.55,,Jan-2016,0.0,,1.0,INDIVIDUAL,,,,0.0,,,,,,,,,,,,,,,,,,0.0
1519917,8166506,12000.0,12000.0,12000.0, 36 months,13.49,407.17,C,C1,REDACTED,10+ years,MORTGAGE,61000.0,Verified,Dec-2011,Fully Paid,n,,,credit_card,Loan Application,33xxx,FL,17.67,0.0,Mar-1994,2.0,,,10.0,0.0,12548.0,90.3,30.0,f,0.0,0.0,14559.2162964,14559.22,12000.0,2559.22,0.0,0.0,0.0,Jun-2014,2774.95,,Jan-2016,0.0,,1.0,INDIVIDUAL,,,,0.0,,,,,,,,,,,,,,,,,,0.0
9240658,5650024,12000.0,12000.0,12000.0, 36 months,7.51,373.33,A,A3,REDACTED,< 1 year,RENT,83000.0,Source Verified,Dec-2011,Charged Off,n,,,debt_consolidation,Loan Application,10xxx,NY,8.36,0.0,Jul-2001,1.0,,,9.0,0.0,18692.0,82.7,36.0,f,0.0,0.0,3531.72,3531.72,2435.23,547.09,0.0,549.4,5.39,Aug-2012,373.33,,Feb-2013,0.0,,1.0,INDIVIDUAL,,,,0.0,,,,,,,,,,,,,,,,,,1.0
5011283,2646019,17000.0,17000.0,16975.0, 36 months,6.03,517.41,A,A1,REDACTED,2 years,MORTGAGE,120000.0,Verified,Dec-2011,Fully Paid,n,,,small_business,Loan Application,94xxx,CA,8.94,0.0,Aug-1997,0.0,,,12.0,0.0,3049.0,4.1,27.0,f,0.0,0.0,18625.7256427,18598.34,17000.0,1625.73,0.0,0.0,0.0,Dec-2014,523.66,,Jan-2016,0.0,,1.0,INDIVIDUAL,,,,0.0,,,,,,,,,,,,,,,,,,0.0
4764838,3090991,30000.0,30000.0,28871.4429322, 60 months,19.03,778.72,E,E2,REDACTED,< 1 year,RENT,106000.0,Verified,Dec-2011,Fully Paid,n,,,credit_card,Loan Application,85xxx,AZ,15.72,0.0,Oct-1999,3.0,,,12.0,0.0,29623.0,74.2,24.0,f,0.0,0.0,36983.59,34351.92,30000.0,6983.59,0.0,0.0,0.0,Apr-2013,25316.64,,Jan-2016,0.0,,1.0,INDIVIDUAL,,,,0.0,,,,,,,,,,,,,,,,,,0.0
7776850,4502691,13000.0,13000.0,13000.0, 36 months,20.3,485.12,E,E5,REDACTED,5 years,RENT,42000.0,Not Verified,Dec-2011,Charged Off,n,,,debt_consolidation,Loan Application,43xxx,OH,7.69,0.0,Sep-2006,1.0,,,5.0,0.0,11612.0,99.5,5.0,f,0.0,0.0,6564.2,6564.2,3536.97,2483.96,0.0,543.27,5.37,Jan-2013,204.92,,May-2013,0.0,,1.0,INDIVIDUAL,,,,0.0,,,,,,,,,,,,,,,,,,1.0
2597005,4978841,7125.0,7125.0,7125.0, 36 months,7.51,221.67,A,A3,REDACTED,< 1 year,MORTGAGE,30000.0,Not Verified,Dec-2011,Charged Off,n,,,debt_consolidation,Loan Application,64xxx,MO,18.12,0.0,Mar-2001,0.0,,,7.0,0.0,12648.0,68.0,20.0,f,0.0,0.0,3103.49,3103.49,2306.14,520.74,0.0,276.61,2.81,Mar-2013,174.2,,Jul-2015,0.0,,1.0,INDIVIDUAL,,,,0.0,,,,,,,,,,,,,,,,,,1.0
1912072,1875130,14000.0,14000.0,14000.0, 60 months,18.25,357.42,D,D5,REDACTED,10+ years,RENT,32000.0,Not Verified,Dec-2011,Current,n,,,wedding,Loan Application,78xxx,TX,16.28,0.0,Oct-1999,2.0,67.0,,5.0,0.0,10617.0,87.0,13.0,f,3903.18,3903.18,17135.62,17135.62,10096.83,7038.79,0.0,0.0,0.0,Dec-2015,357.42,Feb-2016,Jan-2016,0.0,,1.0,INDIVIDUAL,,,,0.0,,,,,,,,,,,,,,,,,,
6807244,8485519,8000.0,8000.0,8000.0, 36 months,14.65,275.96,C,C3,REDACTED,1 year,RENT,72100.0,Not Verified,Dec-2011,Fully Paid,n,,,debt_consolidation,Loan Application,94xxx,CA,6.71,0.0,Oct-2004,3.0,,,8.0,0.0,14147.0,92.7,16.0,f,0.0,0.0,8797.75,8797.75,8000.0,797.75,0.0,0.0,0.0,Sep-2012,6593.13,,Jan-2016,0.0,,1.0,INDIVIDUAL,,,,0.0,,,,,,,,,,,,,,,,,,0.0
6845327,8829525,12500.0,12500.0,12500.0, 36 months,11.71,413.45,B,B3,REDACTED,3 years,RENT,58000.0,Source Verified,Dec-2011,Fully Paid,n,,,debt_consolidation,Loan Application,96xxx,HI,17.32,0.0,Apr-1999,1.0,,,10.0,0.0,7059.0,79.3,16.0,f,0.0,0.0,14881.19741,14881.2,12500.0,2381.2,0.0,0.0,0.0,Dec-2014,425.27,,Dec-2014,0.0,,1.0,INDIVIDUAL,,,,0.0,,,,,,,,,,,,,,,,,,0.0
8104394,7222093,10000.0,10000.0,10000.0, 36 months,14.27,343.09,C,C2,REDACTED,4 years,RENT,40000.0,Source Verified,Dec-2011,Fully Paid,n,,,car,Loan Application,11xxx,NY,18.69,0.0,Oct-2007,0.0,,,6.0,0.0,5689.0,87.5,7.0,f,0.0,0.0,11154.11,11154.11,10000.0,1154.11,0.0,0.0,0.0,Nov-2012,7731.76,,Sep-2015,0.0,,1.0,INDIVIDUAL,,,,0.0,,,,,,,,,,,,,,,,,,0.0
1701736,9541499,12000.0,8175.0,8175.0, 60 months,13.49,188.07,C,C1,REDACTED,1 year,RENT,75000.0,Not Verified,Dec-2011,Current,n,,,other,Loan Application,92xxx,CA,23.58,1.0,Sep-1995,0.0,11.0,,7.0,0.0,11209.0,57.5,24.0,f,2104.03,2104.03,9020.08,9020.08,6070.97,2949.11,0.0,0.0,0.0,Dec-2015,188.07,Feb-2016,Jan-2016,0.0,,1.0,INDIVIDUAL,,,,0.0,,,,,,,,,,,,,,,,,,
5109046,2410937,14000.0,14000.0,14000.0, 36 months,10.65,456.03,B,B2,REDACTED,3 years,RENT,48880.0,Not Verified,Dec-2011,Fully Paid,n,,,credit_card,Loan Application,61xxx,IL,21.95,0.0,Aug-2002,0.0,,,7.0,0.0,13790.0,73.7,15.0,f,0.0,0.0,16413.4517203,16413.45,14000.0,2413.45,0.0,0.0,0.0,Dec-2014,470.86,,Dec-2014,0.0,,1.0,INDIVIDUAL,,,,0.0,,,,,,,,,,,,,,,,,,0.0
2986045,6444057,7500.0,7500.0,7500.0, 36 months,6.03,228.27,A,A1,REDACTED,5 years,RENT,48000.0,Source Verified,Dec-2011,Fully Paid,n,,,debt_consolidation,Loan Application,01xxx,MA,5.08,0.0,May-2000,0.0,,,6.0,0.0,6626.0,30.8,15.0,f,0.0,0.0,8213.84909425,8213.85,7500.0,713.85,0.0,0.0,0.0,Oct-2014,683.8,,Nov-2015,0.0,,1.0,INDIVIDUAL,,,,0.0,,,,,,,,,,,,,,,,,,0.0
9168601,8164173,19200.0,19200.0,19150.0, 36 months,9.91,618.72,B,B1,REDACTED,9 years,MORTGAGE,40000.0,Verified,Dec-2011,Fully Paid,n,,,debt_consolidation,Loan Application,99xxx,WA,11.37,0.0,Jul-1990,2.0,,,8.0,0.0,14061.0,67.6,15.0,f,0.0,0.0,21528.19,21472.15,19200.0,2328.19,0.0,0.0,0.0,Jul-2013,10413.87,,Jul-2013,0.0,,1.0,INDIVIDUAL,,,,0.0,,,,,,,,,,,,,,,,,,0.0
6281339,9061135,9000.0,9000.0,9000.0, 36 months,11.71,297.69,B,B3,REDACTED,7 years,MORTGAGE,110000.0,Not Verified,Dec-2011,Fully Paid,n,,,debt_consolidation,Loan Application,33xxx,FL,13.06,0.0,Sep-2005,0.0,,,10.0,0.0,14810.0,65.2,12.0,f,0.0,0.0,10714.9525053,10714.95,9000.0,1714.95,0.0,0.0,0.0,Dec-2014,303.86,,Dec-2014,0.0,,1.0,INDIVIDUAL,,,,0.0,,,,,,,,,,,,,,,,,,0.0
2319359,6240049,16000.0,16000.0,15975.0, 60 months,17.27,399.97,D,D3,REDACTED,4 years,MORTGAGE,60000.0,Verified,Dec-2011,Fully Paid,n,,,credit_card,Loan Application,92xxx,CA,11.98,0.0,Jul-2005,1.0,,,8.0,0.0,19626.0,80.8,13.0,f,0.0,0.0,19173.08,19143.21,11608.49,7564.59,0.0,0.0,0.0,Jan-2016,4824.69,,Jan-2016,0.0,,1.0,INDIVIDUAL,,,,0.0,,,,,,,,,,,,,,,,,,0.0
9513922,5789526,20000.0,20000.0,20000.0, 36 months,8.9,635.07,A,A5,REDACTED,3 years,RENT,65000.0,Verified,Dec-2011,Fully Paid,n,,,credit_card,Loan Application,06xxx,CT,14.99,0.0,Aug-2003,2.0,,,8.0,0.0,10559.0,44.5,17.0,f,0.0,0.0,22859.4534366,22859.45,20000.0,2859.45,0.0,0.0,0.0,Dec-2014,649.94,,Aug-2015,0.0,,1.0,INDIVIDUAL,,,,0.0,,,,,,,,,,,,,,,,,,0.0
9175615,7624407,9000.0,9000.0,9000.0, 36 months,13.49,305.38,C,C1,REDACTED,7 years,MORTGAGE,50000.0,Source Verified,Dec-2011,Fully Paid,n,,,debt_consolidation,Loan Application,33xxx,FL,1.99,3.0,May-2002,0.0,16.0,,3.0,0.0,2462.0,42.4,15.0,f,0.0,0.0,10990.7486736,10990.75,9000.0,1990.75,0.0,0.0,0.0,Dec-2014,314.15,,Feb-2015,0.0,,1.0,INDIVIDUAL,,,,0.0,,,,,,,,,,,,,,,,,,0.0
5305414,3352574,9600.0,9600.0,9550.0, 36 months,7.51,298.67,A,A3,REDACTED,10+ years,RENT,55000.0,Verified,Dec-2011,Charged Off,n,,,debt_consolidation,Loan Application,92xxx,CA,27.34,0.0,Feb-2001,0.0,,,10.0,0.0,10204.0,74.8,28.0,f,0.0,0.0,7120.37,7083.33,5595.77,959.79,0.0,564.81,5.4963000039,Oct-2013,298.67,,Mar-2014,0.0,,1.0,INDIVIDUAL,,,,0.0,,,,,,,,,,,,,,,,,,1.0
6416769,2649741,12000.0,12000.0,12000.0, 60 months,12.69,271.14,B,B5,REDACTED,10+ years,MORTGAGE,63000.0,Not Verified,Dec-2011,Charged Off,n,,,debt_consolidation,Loan Application,90xxx,CA,20.67,0.0,Dec-1986,0.0,25.0,,13.0,0.0,23888.0,64.1,45.0,f,0.0,0.0,12972.64,12972.64,886.61,736.51,0.0,11349.52,2043.18,Jun-2012,271.14,,Jan-2016,0.0,,1.0,INDIVIDUAL,,,,0.0,,,,,,,,,,,,,,,,,,1.0
2653642,8708290,18000.0,12325.0,12325.0, 60 months,11.71,272.37,B,B3,REDACTED,10+ years,MORTGAGE,133224.0,Source Verified,Dec-2011,Current,n,,,home_improvement,Loan Application,75xxx,TX,10.97,0.0,Dec-2001,0.0,,,14.0,0.0,43090.0,46.3,30.0,f,3077.07,3077.07,13061.8,13061.8,9247.93,3813.87,0.0,0.0,0.0,Dec-2015,272.37,Feb-2016,Jan-2016,0.0,,1.0,INDIVIDUAL,,,,0.0,,,,,,,,,,,,,,,,,,
2372087,9437929,1000.0,1000.0,1000.0, 36 months,13.49,33.94,C,C1,REDACTED,8 years,RENT,35100.0,Not Verified,Dec-2011,Fully Paid,n,,,small_business,Loan Application,72xxx,AR,6.19,0.0,Oct-1997,1.0,,,8.0,0.0,9219.0,73.1,17.0,f,0.0,0.0,1017.55,1017.55,1000.0,17.55,0.0,0.0,0.0,Feb-2012,563.79,,Apr-2015,0.0,,1.0,INDIVIDUAL,,,,0.0,,,,,,,,,,,,,,,,,,0.0
7777426,6055428,15000.0,15000.0,15000.0, 36 months,15.27,521.97,C,C4,REDACTED,6 years,RENT,38000.0,Verified,Dec-2011,Charged Off,n,,,credit_card,Loan Application,19xxx,PA,13.83,0.0,Mar-2005,1.0,,,7.0,0.0,14406.0,91.8,10.0,f,0.0,0.0,9376.44,9376.44,6231.02,2630.06,0.0,515.36,5.17,May-2013,521.97,,Oct-2013,0.0,,1.0,INDIVIDUAL,,,,0.0,,,,,,,,,,,,,,,,,,1.0
3506203,1803950,12000.0,12000.0,12000.0, 36 months,16.77,426.47,D,D2,REDACTED,6 years,RENT,38000.0,Source Verified,Dec-2011,Fully Paid,n,,,debt_consolidation,Loan Application,94xxx,CA,21.32,0.0,Aug-2004,0.0,,,10.0,0.0,6761.0,82.5,13.0,f,0.0,0.0,14107.0,14107.0,12000.0,2107.0,0.0,0.0,0.0,Mar-2013,8152.79,,Jan-2016,0.0,,1.0,INDIVIDUAL,,,,0.0,,,,,,,,,,,,,,,,,,0.0
8520738,5865829,12000.0,12000.0,12000.0, 60 months,14.27,280.91,C,C2,REDACTED,3 years,RENT,41000.0,Source Verified,Dec-2011,Current,n,,,medical,Loan Application,93xxx,CA,22.77,0.0,Jul-1986,1.0,,,13.0,0.0,9967.0,78.9,15.0,f,3128.92,3128.92,13474.32,13474.32,8871.07,4603.25,0.0,0.0,0.0,Dec-2015,280.91,Feb-2016,Jan-2016,0.0,,1.0,INDIVIDUAL,,,,0.0,,,,,,,,,,,,,,,,,,
7792336,6065763,14000.0,14000.0,14000.0, 36 months,8.9,444.55,A,A5,REDACTED,7 years,MORTGAGE,108000.0,Not Verified,Dec-2011,Fully Paid,n,,,credit_card,Loan Application,27xxx,NC,27.86,0.0,Jan-1989,2.0,,,14.0,0.0,38144.0,44.8,28.0,f,0.0,0.0,15713.21,15713.21,14000.0,1713.21,0.0,0.0,0.0,Nov-2013,5942.67,,Nov-2013,0.0,,1.0,INDIVIDUAL,,,,0.0,,,,,,,,,,,,,,,,,,0.0
5212319,5407906,15600.0,15600.0,15600.0, 60 months,15.96,379.04,C,C5,REDACTED,< 1 year,RENT,43000.0,Not Verified,Dec-2011,Fully Paid,n,,,debt_consolidation,Loan Application,21xxx,MD,7.56,0.0,Jun-2004,2.0,,,5.0,0.0,8803.0,64.3,7.0,f,0.0,0.0,22125.4341764,22125.43,15600.0,6525.43,0.0,0.0,0.0,Aug-2015,5845.17,,Aug-2015,0.0,,1.0,INDIVIDUAL,,,,0.0,,,,,,,,,,,,,,,,,,0.0
8573085,3185276,10000.0,10000.0,9994.50397229, 36 months,10.65,325.74,B,B2,REDACTED,4 years,RENT,45000.0,Not Verified,Dec-2011,Fully Paid,n,,,debt_consolidation,Loan Application,77xxx,TX,11.41,0.0,Apr-1996,2.0,,,7.0,0.0,15606.0,88.0,14.0,f,0.0,0.0,11723.519494,11716.23,10000.0,1723.52,0.0,0.0,0.0,Dec-2014,337.7,,Nov-2015,0.0,,1.0,INDIVIDUAL,,,,0.0,,,,,,,,,,,,,,,,,,0.0
4931785,1791383,7200.0,7200.0,7200.0, 36 months,12.69,241.53,B,B5,REDACTED,1 year,RENT,23000.0,Source Verified,Dec-2011,Fully Paid,n,,,other,Loan Application,43xxx,OH,20.19,0.0,Jun-2003,1.0,59.0,,11.0,0.0,5258.0,59.7,18.0,f,0.0,0.0,8767.15470152,8767.15,7200.0,1567.15,0.0,0.0,0.0,Dec-2014,166.2,,Nov-2015,0.0,,1.0,INDIVIDUAL,,,,0.0,,,,,,,,,,,,,,,,,,0.0
7154343,8440180,22250.0,22250.0,22250.0, 60 months,15.27,532.49,C,C4,REDACTED,2 years,MORTGAGE,47532.0,Verified,Dec-2011,Charged Off,n,,,debt_consolidation,Loan Application,64xxx,MO,23.76,0.0,May-1992,3.0,,,14.0,0.0,33474.0,58.1,24.0,f,0.0,0.0,10060.04,10060.04,4691.15,4345.37,0.0,1023.52,9.91,May-2013,532.49,,Oct-2013,0.0,,1.0,INDIVIDUAL,,,,0.0,,,,,,,,,,,,,,,,,,1.0
4371573,7536975,13250.0,13250.0,13250.0, 60 months,17.27,331.23,D,D3,REDACTED,< 1 year,RENT,26000.0,Not Verified,Dec-2011,Current,n,,,debt_consolidation,Loan Application,01xxx,MA,10.89,0.0,Jan-2007,3.0,,,8.0,0.0,9138.0,59.7,18.0,f,3633.11,3633.11,15885.26,15885.26,9616.88,6268.38,0.0,0.0,0.0,Dec-2015,331.23,Feb-2016,Jan-2016,0.0,,1.0,INDIVIDUAL,,,,0.0,,,,,,,,,,,,,,,,,,
7223959,5619596,26400.0,16725.0,16725.0, 60 months,14.27,391.51,C,C2,REDACTED,< 1 year,MORTGAGE,150000.0,Verified,Dec-2011,Fully Paid,n,,,house,Loan Application,27xxx,NC,3.23,0.0,Nov-1997,2.0,55.0,,8.0,0.0,15527.0,56.3,20.0,f,0.0,0.0,22493.5005671,22493.5,16725.0,5768.5,0.0,0.0,0.0,Feb-2015,8016.73,,Mar-2015,0.0,,1.0,INDIVIDUAL,,,,0.0,,,,,,,,,,,,,,,,,,0.0
7790970,8354730,11000.0,11000.0,11000.0, 36 months,9.91,354.48,B,B1,REDACTED,4 years,RENT,32000.0,Verified,Dec-2011,Fully Paid,n,,,debt_consolidation,Loan Application,54xxx,WI,23.66,0.0,Jul-2002,0.0,,,12.0,0.0,9437.0,39.0,20.0,f,0.0,0.0,11350.45,11350.45,11000.0,350.45,0.0,0.0,0.0,Apr-2012,10288.18,,Jun-2013,0.0,,1.0,INDIVIDUAL,,,,0.0,,,,,,,,,,,,,,,,,,0.0
5114545,5875480,9600.0,9600.0,9600.0, 36 months,8.9,304.84,A,A5,REDACTED,3 years,RENT,55000.0,Not Verified,Dec-2011,Fully Paid,n,,,credit_card,Loan Application,55xxx,MN,17.02,0.0,Mar-2000,0.0,,,11.0,0.0,17709.0,66.6,12.0,f,0.0,0.0,10971.8145893,10971.81,9600.0,1371.81,0.0,0.0,0.0,Dec-2014,315.41,,Jan-2016,0.0,,1.0,INDIVIDUAL,,,,0.0,,,,,,,,,,,,,,,,,,0.0
5524159,8512136,10000.0,10000.0,10000.0, 36 months,16.77,355.39,D,D2,REDACTED,4 years,RENT,35000.0,Verified,Dec-2011,Fully Paid,n,,,debt_consolidation,Loan Application,92xxx,CA,18.55,0.0,Aug-2006,3.0,,,9.0,0.0,7565.0,53.7,12.0,f,0.0,0.0,12786.8977698,12786.9,10000.0,2786.9,0.0,0.0,0.0,Jan-2015,372.75,,Dec-2015,0.0,,1.0,INDIVIDUAL,,,,0.0,,,,,,,,,,,,,,,,,,0.0
6092465,6056113,7000.0,7000.0,7000.0, 60 months,15.96,170.08,C,C5,REDACTED,3 years,OWN,75000.0,Not Verified,Dec-2011,Current,n,,,other,Loan Application,02xxx,MA,21.66,0.0,Nov-1993,1.0,36.0,,10.0,0.0,7623.0,88.6,30.0,f,1888.99,1888.99,8137.32,8137.32,5111.01,3026.31,0.0,0.0,0.0,Dec-2015,170.08,Feb-2016,Jan-2016,0.0,,1.0,INDIVIDUAL,,,,0.0,,,,,,,,,,,,,,,,,,
8723965,4490740,11000.0,11000.0,11000.0, 36 months,9.91,354.48,B,B1,REDACTED,5 years,MORTGAGE,74000.0,Not Verified,Dec-2011,Fully Paid,n,,,wedding,Loan Application,75xxx,TX,18.24,0.0,Oct-1986,2.0,,,11.0,0.0,16072.0,81.6,18.0,f,0.0,0.0,12757.7895307,12757.79,11000.0,1757.79,0.0,0.0,0.0,Dec-2014,369.71,,Jan-2016,0.0,,1.0,INDIVIDUAL,,,,0.0,,,,,,,,,,,,,,,,,,0.0
8645694,8903583,13000.0,13000.0,13000.0, 60 months,16.77,321.48,D,D2,REDACTED,9 years,MORTGAGE,50000.0,Not Verified,Dec-2011,Current,n,,,wedding,Loan Application,43xxx,OH,19.13,2.0,Jan-1998,0.0,21.0,,14.0,0.0,10724.0,86.5,22.0,f,3539.29,3539.29,15411.02,15411.02,9460.71,5950.31,0.0,0.0,0.0,Dec-2015,321.48,Feb-2016,Jan-2016,0.0,,1.0,INDIVIDUAL,,,,0.0,,,,,,,,,,,,,,,,,,
4668233,1204743,5000.0,5000.0,5000.0, 36 months,7.51,155.56,A,A3,REDACTED,8 years,OWN,30000.0,Not Verified,Dec-2011,Fully Paid,n,,,credit_card,Loan Application,74xxx,OK,18.72,0.0,Apr-1996,0.0,,,4.0,0.0,3472.0,28.7,12.0,f,0.0,0.0,5061.87,5061.87,5000.0,61.87,0.0,0.0,0.0,Feb-2012,4907.24,,Jan-2016,0.0,,1.0,INDIVIDUAL,,,,0.0,,,,,,,,,,,,,,,,,,0.0
3451896,6007237,6000.0,6000.0,6000.0, 36 months,11.71,198.46,B,B3,REDACTED,1 year,RENT,37000.0,Not Verified,Dec-2011,Charged Off,n,,,small_business,Loan Application,20xxx,DC,6.68,0.0,Mar-2000,1.0,,,4.0,0.0,5846.0,88.6,9.0,f,0.0,0.0,5250.06,5250.06,3931.16,1019.59,0.0,299.31,2.8855999986,Jan-2014,198.46,,Jun-2014,0.0,,1.0,INDIVIDUAL,,,,0.0,,,,,,,,,,,,,,,,,,1.0
3839863,3286436,3000.0,3000.0,3000.0, 36 months,13.49,101.8,C,C1,REDACTED,3 years,RENT,105000.0,Source Verified,Dec-2011,Fully Paid,n,,,debt_consolidation,Loan Application,90xxx,CA,7.25,1.0,Feb-1992,2.0,22.0,,8.0,0.0,15209.0,79.6,22.0,f,0.0,0.0,3652.11606219,3652.12,3000.0,652.12,0.0,0.0,0.0,Sep-2014,501.25,,Jan-2016,0.0,,1.0,INDIVIDUAL,,,,0.0,,,,,,,,,,,,,,,,,,0.0
4132892,6044446,8200.0,8200.0,8200.0, 60 months,16.77,202.78,D,D2,REDACTED,10+ years,RENT,42000.0,Source Verified,Dec-2011,Charged Off,n,,,credit_card,Loan Application,94xxx,CA,5.06,0.0,Jan-1990,1.0,,,6.0,0.0,5941.0,90.0,8.0,f,0.0,0.0,3033.4,3033.4,1240.19,1380.22,0.0,412.99,3.67,Jan-2013,202.78,,Jul-2013,0.0,,1.0,INDIVIDUAL,,,,0.0,,,,,,,,,,,,,,,,,,1.0
6743641,7534398,17000.0,17000.0,17000.0, 36 months,12.42,568.06,B,B4,REDACTED,10+ years,OWN,80000.0,Not Verified,Dec-2011,Fully Paid,n,,,credit_card,Loan Application,92xxx,CA,16.65,0.0,Jun-1989,0.0,42.0,,7.0,0.0,17347.0,81.2,17.0,f,0.0,0.0,20445.67305,20445.67,17000.0,3445.67,0.0,0.0,0.0,Dec-2014,584.63,,Jan-2016,0.0,,1.0,INDIVIDUAL,,,,0.0,,,,,,,,,,,,,,,,,,0.0
4921599,3302445,5000.0,5000.0,5000.0, 36 months,10.65,162.87,B,B2,REDACTED,10+ years,MORTGAGE,35000.0,Verified,Dec-2011,Fully Paid,n,,,car,Loan Application,32xxx,FL,13.92,0.0,Nov-1990,0.0,49.0,,8.0,0.0,3418.0,30.5,23.0,f,0.0,0.0,5861.56660864,5861.57,5000.0,861.57,0.0,0.0,0.0,Dec-2014,169.7,,Dec-2014,0.0,,1.0,INDIVIDUAL,,,,0.0,,,,,,,,,,,,,,,,,,0.0
6739157,2189301,6400.0,6400.0,6400.0, 36 months,8.9,203.23,A,A5,REDACTED,6 years,OWN,23000.0,Source Verified,Dec-2011,Fully Paid,n,,,debt_consolidation,Loan Application,86xxx,AZ,10.75,0.0,Mar-1998,0.0,,,7.0,0.0,5119.0,89.8,11.0,f,0.0,0.0,7314.6256793,7314.63,6400.0,914.63,0.0,0.0,0.0,Dec-2014,209.64,,Dec-2014,0.0,,1.0,INDIVIDUAL,,,,0.0,,,,,,,,,,,,,,,,,,0.0
3657396,3322708,13000.0,13000.0,13000.0, 36 months,16.29,458.91,D,D1,REDACTED,7 years,RENT,50000.0,Not Verified,Dec-2011,Fully Paid,n,,,debt_consolidation,Loan Application,15xxx,PA,8.33,0.0,Dec-1995,1.0,,,5.0,0.0,13819.0,98.0,10.0,f,0.0,0.0,16518.6497877,16518.65,13000.0,3518.65,0.0,0.0,0.0,Dec-2014,463.82,,Jan-2016,0.0,,1.0,INDIVIDUAL,,,,0.0,,,,,,,,,,,,,,,,,,0.0
1679462,7275835,18000.0,18000.0,18000.0, 60 months,11.71,397.77,B,B3,REDACTED,10+ years,RENT,36000.0,Source Verified,Dec-2011,Current,n,,,debt_consolidation,Loan Application,31xxx,GA,22.03,0.0,Mar-2000,0.0,,,5.0,0.0,13779.0,68.9,19.0,f,4488.99,4488.99,19084.38,19084.38,13511.0,5573.38,0.0,0.0,0.0,Dec-2015,397.77,Feb-2016,Jan-2016,0.0,,1.0,INDIVIDUAL,,,,0.0,,,,,,,,,,,,,,,,,,
5264000,3221284,16000.0,16000.0,16000.0, 60 months,15.27,382.92,C,C4,REDACTED,10+ years,MORTGAGE,60000.0,Not Verified,Dec-2011,Fully Paid,n,,,debt_consolidation,Loan Application,29xxx,SC,17.7,0.0,Jan-2001,2.0,,,16.0,0.0,23464.0,57.7,36.0,f,0.0,0.0,22114.3258475,22114.33,16000.0,6114.33,0.0,0.0,0.0,May-2015,3220.41,,May-2015,0.0,,1.0,INDIVIDUAL,,,,0.0,,,,,,,,,,,,,,,,,,0.0
1392327,5512870,13200.0,13200.0,13175.0, 60 months,17.27,329.98,D,D3,REDACTED,7 years,RENT,40000.0,Verified,Dec-2011,Fully Paid,n,,,credit_card,Loan Application,08xxx,NJ,24.36,0.0,Jan-1998,2.0,,,11.0,0.0,18251.0,61.0,20.0,f,0.0,0.0,17517.4317213,17484.3,13200.0,4317.43,0.0,0.0,0.0,Mar-2014,8962.13,,Mar-2014,0.0,,1.0,INDIVIDUAL,,,,0.0,,,,,,,,,,,,,,,,,,0.0
6790461,6550104,10000.0,10000.0,10000.0, 36 months,16.77,355.39,D,D2,REDACTED,1 year,RENT,38200.0,Source Verified,Dec-2011,Fully Paid,n,,,credit_card,Loan Application,40xxx,KY,17.09,0.0,Jan-2005,0.0,,,12.0,0.0,7023.0,75.5,23.0,f,0.0,0.0,12787.6668977,12787.67,10000.0,2787.67,0.0,0.0,0.0,Jan-2015,370.77,,Dec-2014,0.0,,1.0,INDIVIDUAL,,,,0.0,,,,,,,,,,,,,,,,,,0.0
6313429,2564052,15000.0,15000.0,15000.0, 60 months,15.96,364.46,C,C5,REDACTED,8 years,RENT,37000.0,Source Verified,Dec-2011,Charged Off,n,,,credit_card,Loan Application,32xxx,FL,20.14,0.0,Jan-2000,1.0,,,11.0,0.0,8626.0,83.7,30.0,f,0.0,0.0,9111.5,9111.5,4845.58,4249.17,0.0,16.75,0.0,Jan-2014,364.46,,Jan-2016,0.0,,1.0,INDIVIDUAL,,,,0.0,,,,,,,,,,,,,,,,,,1.0
3213010,1223039,5000.0,5000.0,5000.0, 36 months,14.27,171.55,C,C2,REDACTED,10+ years,RENT,56000.0,Not Verified,Dec-2011,Fully Paid,n,,,debt_consolidation,Loan Application,90xxx,CA,10.03,0.0,Apr-2000,1.0,81.0,,8.0,0.0,11702.0,90.2,21.0,f,0.0,0.0,6118.31733431,6118.32,5000.0,1118.32,0.0,0.0,0.0,May-2014,1323.76,,Jan-2016,0.0,,1.0,INDIVIDUAL,,,,0.0,,,,,,,,,,,,,,,,,,0.0
4566832,2691681,7200.0,7200.0,7200.0, 36 months,7.9,225.29,A,A4,REDACTED,< 1 year,RENT,38000.0,Source Verified,Dec-2011,Fully Paid,n,,,credit_card,Loan Application,94xxx,CA,14.34,0.0,Dec-2000,0.0,,,7.0,0.0,14635.0,70.7,16.0,f,0.0,0.0,7984.64,7984.64,7200.0,784.64,0.0,0.0,0.0,Jan-2014,1085.15,,Jan-2014,0.0,,1.0,INDIVIDUAL,,,,0.0,,,,,,,,,,,,,,,,,,0.0
3388696,5357699,15000.0,15000.0,14975.0, 36 months,7.9,469.36,A,A4,REDACTED,3 years,RENT,43000.0,Source Verified,Dec-2011,Fully Paid,n,,,debt_consolidation,Loan Application,75xxx,TX,19.4,0.0,Jun-2000,0.0,,,9.0,0.0,12835.0,60.3,16.0,f,0.0,0.0,16919.6970551,16891.5,15000.0,1896.24,23.4594991052,0.0,0.0,Jan-2015,474.01,,Jan-2015,0.0,,1.0,INDIVIDUAL,,,,0.0,,,,,,,,,,,,,,,,,,0.0
6636160,1575516,15700.0,9875.0,9875.0, 60 months,19.42,258.46,E,E3,REDACTED,< 1 year,MORTGAGE,60000.0,Source Verified,Dec-2011,Charged Off,n,,,debt_consolidation,Loan Application,92xxx,CA,9.12,0.0,May-1998,0.0,40.0,,12.0,0.0,13577.0,89.9,35.0,f,0.0,0.0,257.99,257.99,98.47,159.52,0.0,0.0,0.0,Jan-2012,258.46,,Jan-2016,0.0,,1.0,INDIVIDUAL,,,,0.0,,,,,,,,,,,,,,,,,,1.0
4425535,8033698,5000.0,5000.0,5000.0, 60 months,21.28,136.06,F,F2,REDACTED,3 years,RENT,46000.0,Verified,Dec-2011,Fully Paid,n,,,debt_consolidation,Loan Application,33xxx,FL,6.1,0.0,Mar-2007,0.0,,,7.0,0.0,8376.0,91.0,9.0,f,0.0,0.0,7280.8136609,7280.81,5000.0,2280.81,0.0,0.0,0.0,Jul-2014,3200.57,,Aug-2014,0.0,,1.0,INDIVIDUAL,,,,0.0,,,,,,,,,,,,,,,,,,0.0
5326794,1314103,9600.0,9600.0,9600.0, 36 months,11.71,317.53,B,B3,REDACTED,2 years,MORTGAGE,105000.0,Verified,Dec-2011,Fully Paid,n,,,debt_consolidation,Loan Application,32xxx,FL,10.19,0.0,Jul-2000,0.0,30.0,,9.0,0.0,18114.0,93.9,34.0,f,0.0,0.0,10703.16,10703.16,9600.0,1103.16,0.0,0.0,0.0,Feb-2013,6585.15,,Jan-2016,0.0,,1.0,INDIVIDUAL,,,,0.0,,,,,,,,,,,,,,,,,,0.0
2069565,7876792,16000.0,16000.0,16000.0, 60 months,19.91,423.11,E,E4,REDACTED,5 years,RENT,107000.0,Source Verified,Dec-2011,Fully Paid,n,,,debt_consolidation,Loan Application,10xxx,NY,6.47,0.0,Oct-2001,1.0,,,10.0,0.0,19823.0,68.4,19.0,f,0.0,0.0,24813.03,24813.03,16000.0,8813.03,0.0,0.0,0.0,Nov-2015,5349.97,,Dec-2015,0.0,,1.0,INDIVIDUAL,,,,0.0,,,,,,,,,,,,,,,,,,0.0
2431928,3637075,35000.0,22875.0,22875.0, 60 months,19.03,593.77,E,E2,REDACTED,4 years,MORTGAGE,235000.0,Verified,Dec-2011,Charged Off,n,,,credit_card,Loan Application,91xxx,CA,14.08,0.0,Jul-1992,0.0,,,13.0,0.0,42936.0,83.8,31.0,f,0.0,0.0,19075.97,19075.97,6337.11,7318.78,0.0,5420.08,921.413600002,Dec-2013,31.28,,Jan-2016,0.0,,1.0,INDIVIDUAL,,,,0.0,,,,,,,,,,,,,,,,,,1.0
2138378,1686913,21000.0,21000.0,21000.0, 60 months,14.65,495.74,C,C3,REDACTED,4 years,MORTGAGE,70000.0,Verified,Dec-2011,Current,n,,,credit_card,Loan Application,73xxx,OK,20.11,0.0,Apr-1996,1.0,,,8.0,0.0,23080.0,59.9,24.0,f,5503.16,5503.16,23804.54,23804.54,15496.83,8307.71,0.0,0.0,0.0,Dec-2015,495.74,Feb-2016,Jan-2016,0.0,,1.0,INDIVIDUAL,,,,0.0,,,,,,,,,,,,,,,,,,
4761187,7917497,12000.0,8225.0,8225.0, 60 months,17.58,206.99,D,D4,REDACTED,10+ years,RENT,78000.0,Not Verified,Dec-2011,Charged Off,n,,,debt_consolidation,Loan Application,94xxx,CA,13.18,0.0,May-1994,1.0,,,12.0,0.0,8038.0,45.2,21.0,f,0.0,0.0,6353.86,6353.86,2820.19,2730.3,0.0,803.37,7.6512999991,Mar-2014,206.99,,Aug-2014,0.0,,1.0,INDIVIDUAL,,,,0.0,,,,,,,,,,,,,,,,,,1.0
4879616,6897883,6000.0,6000.0,6000.0, 36 months,10.65,195.44,B,B2,REDACTED,10+ years,RENT,24000.0,Source Verified,Dec-2011,Fully Paid,n,,,debt_consolidation,Loan Application,26xxx,WV,11.75,0.0,Feb-2002,1.0,,,8.0,0.0,6739.0,49.6,12.0,f,0.0,0.0,7034.17826889,7034.18,6000.0,1034.18,0.0,0.0,0.0,Dec-2014,202.62,,Jan-2016,0.0,,1.0,INDIVIDUAL,,,,0.0,,,,,,,,,,,,,,,,,,0.0
9053126,4383230,20000.0,20000.0,19975.0, 60 months,20.3,533.23,E,E5,REDACTED,5 years,MORTGAGE,51750.0,Verified,Dec-2011,Current,n,,,debt_consolidation,Loan Application,07xxx,NJ,18.97,0.0,Jun-1997,0.0,,,18.0,0.0,19557.0,92.5,29.0,f,5761.56,5754.29,25562.28,25530.46,14238.45,11323.83,0.0,0.0,0.0,Dec-2015,533.23,Feb-2016,Jan-2016,0.0,,1.0,INDIVIDUAL,,,,0.0,,,,,,,,,,,,,,,,,,
1053269,7368575,6000.0,6000.0,6000.0, 36 months,14.65,206.97,C,C3,REDACTED,< 1 year,MORTGAGE,57600.0,Not Verified,Dec-2011,Fully Paid,n,,,other,Loan Application,79xxx,TX,23.42,0.0,Aug-2007,2.0,,,13.0,0.0,6193.0,52.9,17.0,f,0.0,0.0,7449.6471991,7449.65,6000.0,1449.65,0.0,0.0,0.0,Jan-2015,5.86,,Oct-2015,0.0,,1.0,INDIVIDUAL,,,,0.0,,,,,,,,,,,,,,,,,,0.0
6699970,7166039,7150.0,7150.0,7150.0, 36 months,12.69,239.85,B,B5,REDACTED,1 year,RENT,50000.0,Source Verified,Dec-2011,Fully Paid,n,,,credit_card,Loan Application,22xxx,VA,24.6,0.0,Oct-2001,1.0,,,18.0,0.0,11439.0,70.8,32.0,f,0.0,0.0,8256.97,8256.97,7150.0,1106.97,0.0,0.0,0.0,Sep-2013,2110.22,,Mar-2015,0.0,,1.0,INDIVIDUAL,,,,0.0,,,,,,,,,,,,,,,,,,0.0
4261617,1036537,13000.0,13000.0,13000.0, 60 months,19.42,340.24,E,E3,REDACTED,7 years,RENT,55000.0,Not Verified,Dec-2011,Charged Off,n,,,credit_card,Loan Application,24xxx,VA,19.09,0.0,Jan-2002,1.0,,,17.0,0.0,10520.0,47.8,35.0,f,0.0,0.0,7825.52,7825.52,3576.75,4233.36,0.0,15.41,0.0,Nov-2013,340.24,,Nov-2013,0.0,,1.0,INDIVIDUAL,,,,0.0,,,,,,,,,,,,,,,,,,1.0
3846467,6402206,32000.0,32000.0,32000.0, 36 months,6.62,982.52,A,A2,REDACTED,2 years,RENT,120000.0,Verified,Dec-2011,Fully Paid,n,,,small_business,Loan Application,06xxx,CT,6.07,0.0,Mar-1969,0.0,,,13.0,0.0,1967.0,5.2,23.0,f,0.0,0.0,35368.0303425,35368.03,32000.0,3368.03,0.0,0.0,0.0,Dec-2014,1001.15,,Dec-2014,0.0,,1.0,INDIVIDUAL,,,,0.0,,,,,,,,,,,,,,,,,,0.0
3817193,3943428,8000.0,8000.0,8000.0, 36 months,15.27,278.39,C,C4,REDACTED,2 years,OWN,108000.0,Not Verified,Dec-2011,Charged Off,n,,,house,Loan Application,90xxx,CA,12.48,0.0,Dec-2001,1.0,,,12.0,0.0,10957.0,81.8,19.0,f,0.0,0.0,3394.06,3394.06,2064.97,988.52,0.0,340.57,3.32,Nov-2012,278.39,,Apr-2014,0.0,,1.0,INDIVIDUAL,,,,0.0,,,,,,,,,,,,,,,,,,1.0
5242030,2548614,15500.0,15500.0,15500.0, 60 months,13.49,356.58,C,C1,REDACTED,4 years,RENT,40000.0,Source Verified,Dec-2011,Current,n,,,debt_consolidation,Loan Application,11xxx,NY,11.19,0.0,Nov-1998,2.0,,,6.0,0.0,17554.0,57.0,8.0,f,3988.09,3988.09,17104.66,17104.66,11511.91,5592.75,0.0,0.0,0.0,Dec-2015,356.58,Feb-2016,Jan-2016,0.0,,1.0,INDIVIDUAL,,,,0.0,,,,,,,,,,,,,,,,,,
9566367,3715832,7000.0,7000.0,7000.0, 36 months,8.9,222.28,A,A5,REDACTED,< 1 year,RENT,97600.0,Source Verified,Dec-2011,Fully Paid,n,,,credit_card,Loan Application,60xxx,IL,7.97,0.0,Jun-1994,0.0,,,9.0,0.0,25060.0,91.8,20.0,f,0.0,0.0,8000.17678943,8000.18,7000.0,1000.18,0.0,0.0,0.0,Dec-2014,230.52,,Jan-2016,0.0,,1.0,INDIVIDUAL,,,,0.0,,,,,,,,,,,,,,,,,,0.0
1382831,8853272,12000.0,12000.0,12000.0, 36 months,6.62,368.45,A,A2,REDACTED,10+ years,MORTGAGE,70800.0,Source Verified,Dec-2011,Fully Paid,n,,,debt_consolidation,Loan Application,64xxx,MO,7.76,0.0,Jun-1975,1.0,,,9.0,0.0,19129.0,61.9,36.0,f,0.0,0.0,12961.28,12961.28,12000.0,961.28,0.0,0.0,0.0,Jul-2013,6348.39,,Feb-2014,0.0,,1.0,INDIVIDUAL,,,,0.0,,,,,,,,,,,,,,,,,,0.0
5020849,8509789,10400.0,10400.0,10400.0, 36 months,14.65,358.74,C,C3,REDACTED,10+ years,RENT,45000.0,Source Verified,Dec-2011,Fully Paid,n,,,credit_card,Loan Application,77xxx,TX,11.31,0.0,Jan-2005,1.0,,,7.0,0.0,6562.0,61.9,8.0,f,0.0,0.0,12912.0721373,12912.07,10400.0,2512.07,0.0,0.0,0.0,Dec-2014,366.57,,Jan-2016,0.0,,1.0,INDIVIDUAL,,,,0.0,,,,,,,,,,,,,,,,,,0.0
2919671,2311218,12000.0,12000.0,12000.0, 36 months,12.69,402.54,B,B5,REDACTED,2 years,RENT,60000.0,Verified,Dec-2011,Fully Paid,n,,,credit_card,Loan Application,06xxx,CT,18.38,0.0,Mar-2005,0.0,,,6.0,0.0,16464.0,89.5,6.0,f,0.0,0.0,14425.3857104,14425.39,12000.0,2425.39,0.0,0.0,0.0,Jul-2014,2366.09,,Jan-2016,0.0,,1.0,INDIVIDUAL,,,,0.0,,,,,,,,,,,,,,,,,,0.0
6095042,2756130,8000.0,5050.0,5050.0, 60 months,11.71,111.6,B,B3,REDACTED,3 years,MORTGAGE,88000.0,Source Verified,Dec-2011,Current,n,,,wedding,Loan Application,95xxx,CA,3.25,1.0,Jan-1997,0.0,19.0,,7.0,0.0,5791.0,51.1,20.0,f,1263.76,1263.76,5347.18,5347.18,3786.23,1560.95,0.0,0.0,0.0,Dec-2015,111.6,Feb-2016,Jan-2016,0.0,,1.0,INDIVIDUAL,,,,0.0,,,,,,,,,,,,,,,,,,
8594180,3573111,16000.0,16000.0,16000.0, 36 months,16.29,564.81,D,D1,REDACTED,10+ years,MORTGAGE,74000.0,Source Verified,Dec-2011,Fully Paid,n,,,credit_card,Loan Application,66xxx,KS,15.84,0.0,Mar-1985,1.0,43.0,,10.0,0.0,20747.0,85.7,22.0,f,0.0,0.0,20218.0426242,20218.04,16000.0,4218.04,0.0,0.0,0.0,Jul-2014,3286.74,,Jan-2016,0.0,,1.0,INDIVIDUAL,,,,0.0,,,,,,,,,,,,,,,,,,0.0
3460980,2661607,4500.0,4500.0,4500.0, 36 months,10.65,146.58,B,B2,REDACTED,2 years,RENT,91500.0,Source Verified,Dec-2011,Fully Paid,n,,,credit_card,Loan Application,20xxx,VA,11.67,0.0,Nov-2004,1.0,,,13.0,0.0,6837.0,48.5,20.0,f,0.0,0.0,5162.43,5162.43,4500.0,662.43,0.0,0.0,0.0,Nov-2013,1944.92,,Nov-2013,0.0,,1.0,INDIVIDUAL,,,,0.0,,,,,,,,,,,,,,,,,,0.0
4471221,6554228,5000.0,5000.0,5000.0, 36 months,12.42,167.08,B,B4,REDACTED,2 years,RENT,42500.0,Source Verified,Dec-2011,Fully Paid,n,,,debt_consolidation,Loan Application,61xxx,IL,16.69,0.0,Jan-1993,2.0,,,8.0,0.0,26722.0,83.2,15.0,f,0.0,0.0,6013.51408097,6013.51,5000.0,1013.51,0.0,0.0,0.0,Dec-2014,171.43,,Dec-2014,0.0,,1.0,INDIVIDUAL,,,,0.0,,,,,,,,,,,,,,,,,,0.0
5756175,9932939,3600.0,3600.0,3600.0, 36 months,16.29,127.09,D,D1,REDACTED,6 years,RENT,45000.0,Source Verified,Dec-2011,Fully Paid,n,,,major_purchase,Loan Application,30xxx,GA,22.05,0.0,Jun-2004,0.0,,,6.0,0.0,7947.0,99.3,22.0,f,0.0,0.0,4574.03443129,4574.03,3600.0,974.03,0.0,0.0,0.0,Jan-2015,4.0,,Jan-2016,0.0,,1.0,INDIVIDUAL,,,,0.0,,,,,,,,,,,,,,,,,,0.0
2848541,1937983,30000.0,18550.0,18550.0, 60 months,20.3,494.57,E,E5,REDACTED,8 years,RENT,75000.0,Source Verified,Dec-2011,Current,n,,,debt_consolidation,Loan Application,34xxx,FL,18.77,0.0,Jun-2000,0.0,,,11.0,0.0,16788.0,71.4,15.0,f,5338.96,5338.96,23719.86,23719.86,13211.04,10508.82,0.0,0.0,0.0,Dec-2015,494.57,Feb-2016,Jan-2016,0.0,,1.0,INDIVIDUAL,,,,0.0,,,,,,,,,,,,,,,,,,
2600044,1605769,21000.0,21000.0,21000.0, 36 months,13.49,712.54,C,C1,REDACTED,10+ years,MORTGAGE,103000.0,Verified,Dec-2011,Fully Paid,n,,,debt_consolidation,Loan Application,08xxx,NJ,12.41,0.0,Mar-1996,1.0,,,8.0,0.0,22431.0,86.2,31.0,f,0.0,0.0,25505.7396966,25505.74,21000.0,4505.74,0.0,0.0,0.0,Oct-2014,521.2,,Sep-2015,0.0,,1.0,INDIVIDUAL,,,,0.0,,,,,,,,,,,,,,,,,,0.0
5934114,2041601,7000.0,7000.0,7000.0, 36 months,14.27,240.17,C,C2,REDACTED,2 years,RENT,42000.0,Not Verified,Dec-2011,Fully Paid,n,,,small_business,Loan Application,60xxx,IL,11.09,0.0,Dec-2007,1.0,,,12.0,0.0,1086.0,9.3,19.0,f,0.0,0.0,7485.82,7485.82,7000.0,470.82,14.9992583933,0.0,0.0,Jul-2012,17.99,,Jul-2012,0.0,,1.0,INDIVIDUAL,,,,0.0,,,,,,,,,,,,,,,,,,0.0
8989015,2571185,17475.0,17475.0,17450.0, 60 months,7.9,353.5,A,A4,REDACTED,8 years,MORTGAGE,90000.0,Verified,Dec-2011,Current,n,,,home_improvement,Loan Application,10xxx,NY,8.44,0.0,Dec-2000,0.0,,,10.0,0.0,7184.0,52.7,18.0,f,4096.87,4090.95,16924.3,16900.17,13378.13,3546.17,0.0,0.0,0.0,Dec-2015,353.5,Feb-2016,Jan-2016,0.0,,1.0,INDIVIDUAL,,,,0.0,,,,,,,,,,,,,,,,,,
1717593,8469763,27575.0,17350.0,17325.0, 60 months,12.69,392.02,B,B5,REDACTED,< 1 year,MORTGAGE,63000.0,Verified,Dec-2011,Fully Paid,n,,,debt_consolidation,Loan Application,01xxx,MA,19.92,0.0,Jun-1995,0.0,,,13.0,0.0,25261.0,50.2,30.0,f,0.0,0.0,23148.6300116,23115.27,17350.0,5798.63,0.0,0.0,0.0,Oct-2015,5507.73,,Nov-2015,0.0,,1.0,INDIVIDUAL,,,,0.0,,,,,,,,,,,,,,,,,,0.0
3729735,7642104,7000.0,7000.0,7000.0, 60 months,8.9,144.97,A,A5,REDACTED,,MORTGAGE,25000.0,Not Verified,Dec-2011,Current,n,,,debt_consolidation,Loan Application,27xxx,NC,15.17,0.0,Jul-1984,0.0,,,8.0,0.0,14469.0,62.9,17.0,f,1679.43,1679.43,6928.92,6928.92,5320.57,1608.35,0.0,0.0,0.0,Dec-2015,144.97,Feb-2016,Jan-2016,0.0,,1.0,INDIVIDUAL,,,,0.0,,,,,,,,,,,,,,,,,,
6611833,2609028,15000.0,15000.0,15000.0, 36 months,7.9,469.36,A,A4,REDACTED,1 year,RENT,35000.0,Verified,Dec-2011,Fully Paid,n,,,debt_consolidation,Loan Application,02xxx,MA,17.73,0.0,Jun-2000,0.0,64.0,,6.0,0.0,11550.0,61.3,23.0,f,0.0,0.0,16730.0895806,16730.09,15000.0,1730.09,0.0,0.0,0.0,Feb-2014,5003.63,,Sep-2015,0.0,,1.0,INDIVIDUAL,,,,0.0,,,,,,,,,,,,,,,,,,0.0
6479068,8659787,2250.0,2250.0,2250.0, 36 months,13.49,76.35,C,C1,REDACTED,6 years,RENT,16000.0,Source Verified,Dec-2011,Fully Paid,n,,,credit_card,Loan Application,85xxx,AZ,18.75,0.0,Sep-2000,0.0,34.0,,7.0,0.0,7528.0,61.2,14.0,f,0.0,0.0,2746.89544881,2746.9,2250.0,496.9,0.0,0.0,0.0,Dec-2014,80.89,,Dec-2014,0.0,,1.0,INDIVIDUAL,,,,0.0,,,,,,,,,,,,,,,,,,0.0
6598384,1758604,17050.0,17050.0,17050.0, 36 months,12.42,569.74,B,B4,REDACTED,10+ years,MORTGAGE,53000.0,Verified,Dec-2011,Fully Paid,n,,,debt_consolidation,Loan Application,30xxx,GA,23.64,0.0,Sep-1995,1.0,42.0,,8.0,0.0,17414.0,59.4,28.0,f,0.0,0.0,20507.0143691,20507.01,17050.0,3457.01,0.0,0.0,0.0,Dec-2014,581.19,,Dec-2014,0.0,,1.0,INDIVIDUAL,,,,0.0,,,,,,,,,,,,,,,,,,0.0
6179215,2795405,16500.0,16500.0,16500.0, 36 months,16.77,586.39,D,D2,REDACTED,2 years,RENT,110000.0,Verified,Dec-2011,Fully Paid,n,,,debt_consolidation,Loan Application,10xxx,NY,10.22,0.0,Jul-1995,1.0,70.0,,12.0,0.0,22329.0,70.2,25.0,f,0.0,0.0,21102.5862862,21102.59,16500.0,4602.59,0.0,0.0,0.0,Dec-2014,604.94,,Dec-2014,0.0,,1.0,INDIVIDUAL,,,,0.0,,,,,,,,,,,,,,,,,,0.0
9613088,1796350,35000.0,35000.0,34975.0, 60 months,19.91,925.54,E,E4,REDACTED,4 years,MORTGAGE,69000.0,Verified,Dec-2011,Current,n,,,home_improvement,Loan Application,30xxx,GA,9.41,0.0,Jan-2006,2.0,,,7.0,0.0,22921.0,70.7,17.0,f,9998.33,9991.18,44419.68,44387.98,25001.66,19418.02,0.0,0.0,0.0,Dec-2015,925.54,Feb-2016,Jan-2016,0.0,,1.0,INDIVIDUAL,,,,0.0,,,,,,,,,,,,,,,,,,
7043476,7830601,3250.0,3250.0,3250.0, 36 months,12.42,108.6,B,B4,REDACTED,< 1 year,RENT,16000.0,Source Verified,Dec-2011,Fully Paid,n,,,debt_consolidation,Loan Application,28xxx,NC,19.13,0.0,Dec-1999,2.0,,,12.0,0.0,9422.0,70.8,30.0,f,0.0,0.0,3923.83568312,3923.84,3250.0,658.84,15.0,0.0,0.0,Jan-2015,18.86,,Jan-2015,0.0,,1.0,INDIVIDUAL,,,,0.0,,,,,,,,,,,,,,,,,,0.0
3833091,1212561,7000.0,7000.0,7000.0, 36 months,7.9,219.04,A,A4,REDACTED,4 years,MORTGAGE,38400.0,Not Verified,Dec-2011,Fully Paid,n,,,credit_card,Loan Application,75xxx,TX,9.34,0.0,Dec-2005,1.0,,,7.0,0.0,6736.0,26.5,10.0,f,0.0,0.0,7792.28,7792.28,7000.0,792.28,0.0,0.0,0.0,Jan-2014,2542.19,,Jan-2016,0.0,,1.0,INDIVIDUAL,,,,0.0,,,,,,,,,,,,,,,,,,0.0
7660877,9833580,24000.0,24000.0,23919.5895158, 36 months,11.71,793.83,B,B3,REDACTED,3 years,MORTGAGE,80000.0,Verified,Dec-2011,Fully Paid,n,,,debt_consolidation,Loan Application,08xxx,NJ,13.26,0.0,Apr-1998,1.0,,,8.0,0.0,23236.0,66.4,33.0,f,0.0,0.0,28530.6624979,28434.18,24000.0,4530.66,0.0,0.0,0.0,Sep-2014,3175.71,,Jan-2016,0.0,,1.0,INDIVIDUAL,,,,0.0,,,,,,,,,,,,,,,,,,0.0
7862409,2862717,13200.0,13200.0,13200.0, 36 months,16.77,469.11,D,D2,REDACTED,6 years,RENT,80952.0,Source Verified,Dec-2011,Fully Paid,n,,,credit_card,Loan Application,60xxx,IL,12.79,0.0,Sep-2005,0.0,,,12.0,0.0,16560.0,84.1,17.0,f,0.0,0.0,16881.4509484,16881.45,13200.0,3681.45,0.0,0.0,0.0,Dec-2014,485.74,,Jan-2016,0.0,,1.0,INDIVIDUAL,,,,0.0,,,,,,,,,,,,,,,,,,0.0
2584121,8702365,22750.0,22750.0,22725.0, 36 months,8.9,722.39,A,A5,REDACTED,6 years,OWN,65000.0,Verified,Dec-2011,Fully Paid,n,,,debt_consolidation,Loan Application,18xxx,PA,10.45,0.0,Nov-2000,1.0,,,7.0,0.0,23869.0,52.8,32.0,f,0.0,0.0,23699.46,23673.42,22750.0,949.46,0.0,0.0,0.0,Jun-2012,20092.09,,Jul-2012,0.0,,1.0,INDIVIDUAL,,,,0.0,,,,,,,,,,,,,,,,,,0.0
1505611,3087750,12000.0,12000.0,12000.0, 36 months,8.9,381.04,A,A5,REDACTED,10+ years,RENT,70000.0,Not Verified,Dec-2011,Fully Paid,n,,,debt_consolidation,Loan Application,95xxx,CA,6.02,0.0,Sep-2001,0.0,33.0,,9.0,0.0,12411.0,50.0,31.0,f,0.0,0.0,13715.3345018,13715.33,12000.0,1715.33,0.0,0.0,0.0,Dec-2014,391.93,,Oct-2015,0.0,,1.0,INDIVIDUAL,,,,0.0,,,,,,,,,,,,,,,,,,0.0
6628457,9326589,30000.0,30000.0,30000.0, 36 months,10.65,977.2,B,B2,REDACTED,7 years,MORTGAGE,175000.0,Source Verified,Dec-2011,Fully Paid,n,,,debt_consolidation,Loan Application,75xxx,TX,17.15,0.0,Oct-1993,1.0,,,12.0,0.0,26103.0,56.9,47.0,f,0.0,0.0,35176.9354068,35176.94,30000.0,5176.94,0.0,0.0,0.0,Dec-2014,986.38,,Dec-2014,0.0,,1.0,INDIVIDUAL,,,,0.0,,,,,,,,,,,,,,,,,,0.0
9139688,1975244,1200.0,1200.0,1200.0, 36 months,12.69,40.26,B,B5,REDACTED,8 years,RENT,34000.0,Not Verified,Dec-2011,Charged Off,n,,,vacation,Loan Application,91xxx,CA,13.41,0.0,Jan-2000,1.0,,,6.0,0.0,9040.0,94.2,30.0,f,0.0,0.0,240.78,240.78,169.31,71.47,0.0,0.0,0.0,Jun-2012,40.26,,Jan-2016,0.0,,1.0,INDIVIDUAL,,,,0.0,,,,,,,,,,,,,,,,,,1.0
2760777,5761387,4800.0,4800.0,4800.0, 36 months,8.9,152.42,A,A5,REDACTED,< 1 year,RENT,35000.0,Source Verified,Dec-2011,Fully Paid,n,,,debt_consolidation,Loan Application,32xxx,FL,14.95,0.0,Mar-1997,0.0,,,11.0,0.0,16237.0,49.7,20.0,f,0.0,0.0,5485.78897002,5485.79,4800.0,685.79,0.0,0.0,0.0,Dec-2014,158.37,,Dec-2014,0.0,,1.0,INDIVIDUAL,,,,0.0,,,,,,,,,,,,,,,,,,0.0
6189097,6802782,18000.0,18000.0,17975.0, 60 months,20.89,485.85,F,F1,REDACTED,10+ years,RENT,60000.0,Verified,Dec-2011,Current,n,,,debt_consolidation,Loan Application,95xxx,CA,20.74,0.0,Jun-1999,2.0,,,8.0,0.0,12411.0,94.7,19.0,f,5232.44,5225.13,23294.02,23261.75,12767.56,10526.46,0.0,0.0,0.0,Dec-2015,485.85,Feb-2016,Jan-2016,0.0,,1.0,INDIVIDUAL,,,,0.0,,,,,,,,,,,,,,,,,,
2695202,4860487,7200.0,7200.0,7200.0, 36 months,8.9,228.63,A,A5,REDACTED,10+ years,RENT,35000.0,Source Verified,Dec-2011,Fully Paid,n,,,debt_consolidation,Loan Application,93xxx,CA,15.02,0.0,Sep-2001,1.0,,,12.0,0.0,18323.0,68.1,23.0,f,0.0,0.0,8229.37229467,8229.37,7200.0,1029.37,0.0,0.0,0.0,Dec-2014,233.82,,Jan-2016,0.0,,1.0,INDIVIDUAL,,,,0.0,,,,,,,,,,,,,,,,,,0.0
7721931,5092273,15000.0,15000.0,15000.0, 36 months,9.91,483.38,B,B1,REDACTED,2 years,OWN,35000.0,Not Verified,Dec-2011,Fully Paid,n,,,debt_consolidation,Loan Application,94xxx,CA,15.15,0.0,Oct-2000,1.0,,,10.0,0.0,15872.0,52.9,17.0,f,0.0,0.0,17397.2285346,17397.23,15000.0,2397.23,0.0,0.0,0.0,Dec-2014,503.11,,Dec-2014,0.0,,1.0,INDIVIDUAL,,,,0.0,,,,,,,,,,,,,,,,,,0.0
9264878,1280932,10500.0,10500.0,10500.0, 36 months,15.27,365.38,C,C4,REDACTED,10+ years,RENT,60000.0,Source Verified,Dec-2011,Fully Paid,n,,,debt_consolidation,Loan Application,91xxx,CA,9.92,0.0,Sep-1990,1.0,58.0,,7.0,0.0,15905.0,80.7,13.0,f,0.0,0.0,13146.4975388,13146.5,10500.0,2646.5,0.0,0.0,0.0,Dec-2014,385.76,,Jan-2016,0.0,,1.0,INDIVIDUAL,,,,0.0,,,,,,,,,,,,,,,,,,0.0
1092300,4763737,15000.0,15000.0,15000.0, 60 months,17.27,374.97,D,D3,REDACTED,1 year,OWN,75000.0,Not Verified,Dec-2011,Fully Paid,n,,,other,Loan Application,94xxx,CA,16.21,0.0,Jul-2005,0.0,,,9.0,0.0,10219.0,74.9,18.0,f,0.0,0.0,16459.91,16459.91,14999.99,1459.92,0.0,0.0,0.0,Jul-2012,14214.57,,Aug-2012,0.0,,1.0,INDIVIDUAL,,,,0.0,,,,,,,,,,,,,,,,,,0.0
8981317,5503893,5000.0,5000.0,5000.0, 36 months,7.9,156.46,A,A4,REDACTED,< 1 year,MORTGAGE,66000.0,Source Verified,Dec-2011,Charged Off,n,,,small_business,Loan Application,60xxx,IL,7.75,0.0,Jan-2000,3.0,,,11.0,0.0,16396.0,47.9,20.0,f,0.0,0.0,4063.28,4063.28,3486.91,576.37,0.0,0.0,0.0,Feb-2014,156.46,,Jan-2016,0.0,,1.0,INDIVIDUAL,,,,0.0,,,,,,,,,,,,,,,,,,1.0
8610936,3899734,12800.0,12800.0,12800.0, 60 months,13.49,294.47,C,C1,REDACTED,6 years,RENT,77000.0,Verified,Dec-2011,Fully Paid,n,,,debt_consolidation,Loan Application,60xxx,IL,8.74,0.0,Dec-2003,0.0,,,8.0,0.0,14334.0,70.1,12.0,f,0.0,0.0,15957.5122921,15957.51,12800.0,3157.51,0.0,0.0,0.0,May-2014,748.58,,Jan-2016,0.0,,1.0,INDIVIDUAL,,,,0.0,,,,,,,,,,,,,,,,,,0.0
9461099,4074071,4000.0,4000.0,4000.0, 36 months,8.9,127.02,A,A5,REDACTED,3 years,MORTGAGE,62000.0,Not Verified,Dec-2011,Fully Paid,n,,,small_business,Loan Application,91xxx,CA,13.16,0.0,Jun-2004,2.0,,,9.0,0.0,7171.0,52.3,13.0,f,0.0,0.0,4571.54282899,4571.54,4000.0,571.54,0.0,0.0,0.0,Jan-2015,131.34,,Dec-2014,0.0,,1.0,INDIVIDUAL,,,,0.0,,,,,,,,,,,,,,,,,,0.0
5534333,5330057,14000.0,9350.0,9350.0, 60 months,12.42,209.98,B,B4,REDACTED,6 years,MORTGAGE,73000.0,Not Verified,Dec-2011,Fully Paid,n,,,debt_consolidation,Loan Application,27xxx,NC,18.84,0.0,Jun-1993,0.0,,,10.0,0.0,37924.0,52.0,20.0,f,0.0,0.0,11385.68,11385.68,9350.0,2035.68,0.0,0.0,0.0,Jan-2014,6355.02,,Dec-2014,0.0,,1.0,INDIVIDUAL,,,,0.0,,,,,,,,,,,,,,,,,,0.0
9265121,3423264,27000.0,27000.0,27000.0, 36 months,11.71,893.06,B,B3,REDACTED,8 years,MORTGAGE,130000.0,Source Verified,Dec-2011,Fully Paid,n,,,debt_consolidation,Loan Application,02xxx,MA,8.13,0.0,Dec-1998,1.0,,,7.0,0.0,14090.0,70.1,31.0,f,0.0,0.0,30277.11,30277.11,27000.0,3277.11,0.0,0.0,0.0,Mar-2013,17786.3,,Jan-2016,0.0,,1.0,INDIVIDUAL,,,,0.0,,,,,,,,,,,,,,,,,,0.0
8293772,9822383,15000.0,15000.0,15000.0, 36 months,12.42,501.23,B,B4,REDACTED,7 years,MORTGAGE,61000.0,Verified,Dec-2011,Fully Paid,n,,,debt_consolidation,Loan Application,98xxx,WA,17.35,0.0,Jul-2005,0.0,,,5.0,0.0,11926.0,86.4,14.0,f,0.0,0.0,18039.9581977,18039.96,15000.0,3039.96,0.0,0.0,0.0,Jan-2015,516.66,,Dec-2014,0.0,,1.0,INDIVIDUAL,,,,0.0,,,,,,,,,,,,,,,,,,0.0
6514665,6687267,35000.0,35000.0,35000.0, 60 months,20.89,944.71,F,F1,REDACTED,5 years,RENT,90000.0,Source Verified,Dec-2011,Charged Off,n,,,debt_consolidation,Loan Application,91xxx,CA,7.93,0.0,Apr-2002,1.0,52.0,,9.0,0.0,17017.0,82.2,19.0,f,0.0,0.0,40669.77,40669.77,20871.91,19689.1,94.48,14.28,2.5704,Sep-2015,944.71,,Dec-2015,0.0,,1.0,INDIVIDUAL,,,,0.0,,,,,,,,,,,,,,,,,,1.0
4747811,9505775,2400.0,2400.0,2400.0, 36 months,14.27,82.35,C,C2,REDACTED,1 year,OWN,25000.0,Not Verified,Dec-2011,Fully Paid,n,,,debt_consolidation,Loan Application,22xxx,VA,17.71,1.0,Jul-2005,2.0,2.0,,14.0,0.0,3096.0,35.2,25.0,f,0.0,0.0,2962.84986997,2962.85,2400.0,562.85,0.0,0.0,0.0,Dec-2014,86.32,,Dec-2015,0.0,,1.0,INDIVIDUAL,,,,0.0,,,,,,,,,,,,,,,,,,0.0
6526049,2262105,5900.0,5900.0,5900.0, 36 months,12.42,197.16,B,B4,REDACTED,2 years,RENT,14400.0,Source Verified,Dec-2011,Fully Paid,n,,,debt_consolidation,Loan Application,32xxx,FL,6.17,0.0,Mar-2006,1.0,,,4.0,0.0,5153.0,46.4,9.0,f,0.0,0.0,6790.69,6790.69,5900.0,890.69,0.0,0.0,0.0,Feb-2014,662.07,,Nov-2014,0.0,,1.0,INDIVIDUAL,,,,0.0,,,,,,,,,,,,,,,,,,0.0
7022330,2384243,5000.0,5000.0,5000.0, 36 months,11.71,165.38,B,B3,REDACTED,6 years,RENT,70000.0,Source Verified,Dec-2011,Fully Paid,n,,,credit_card,Loan Application,97xxx,OR,13.78,0.0,Oct-2006,1.0,,,13.0,0.0,5529.0,36.1,16.0,f,0.0,0.0,5506.83,5506.83,5000.0,506.83,0.0,0.0,0.0,Dec-2012,3692.33,,Jan-2016,0.0,,1.0,INDIVIDUAL,,,,0.0,,,,,,,,,,,,,,,,,,0.0
8765844,4062963,22000.0,22000.0,21975.0, 60 months,19.42,575.79,E,E3,REDACTED,4 years,RENT,82500.0,Verified,Dec-2011,Current,n,,,debt_consolidation,Loan Application,85xxx,AZ,16.2,0.0,Oct-2003,0.0,,,7.0,0.0,18810.0,97.0,14.0,f,6248.18,6241.04,27608.28,27576.99,15751.82,11856.46,0.0,0.0,0.0,Dec-2015,575.79,Feb-2016,Jan-2016,0.0,,1.0,INDIVIDUAL,,,,0.0,,,,,,,,,,,,,,,,,,
5571232,5054944,13250.0,13250.0,13250.0, 36 months,17.58,476.24,D,D4,REDACTED,7 years,RENT,35000.0,Verified,Dec-2011,Charged Off,n,,,debt_consolidation,Loan Application,73xxx,OK,18.55,1.0,Dec-2006,1.0,13.0,,7.0,0.0,5584.0,76.5,22.0,f,0.0,0.0,11325.82,11325.82,7250.38,3210.62,0.0,864.82,8.4854000017,Oct-2013,476.24,,Mar-2014,0.0,,1.0,INDIVIDUAL,,,,0.0,,,,,,,,,,,,,,,,,,1.0
9333416,4939417,12600.0,12600.0,12600.0, 60 months,14.27,294.95,C,C2,REDACTED,10+ years,RENT,43200.0,Source Verified,Dec-2011,Fully Paid,n,,,debt_consolidation,Loan Application,11xxx,NY,18.61,0.0,Jul-2000,3.0,25.0,,9.0,0.0,13924.0,52.5,19.0,f,0.0,0.0,16421.8381423,16421.84,12600.0,3821.84,0.0,0.0,0.0,Aug-2014,7291.91,,Aug-2014,0.0,,1.0,INDIVIDUAL,,,,0.0,,,,,,,,,,,,,,,,,,0.0
6851655,5631160,20000.0,20000.0,20000.0, 36 months,11.71,661.52,B,B3,REDACTED,1 year,MORTGAGE,125000.0,Verified,Dec-2011,Fully Paid,n,,,debt_consolidation,Loan Application,78xxx,TX,14.95,0.0,Oct-1999,2.0,,,12.0,0.0,26179.0,56.8,31.0,f,0.0,0.0,23812.1799242,23812.18,20000.0,3812.18,0.0,0.0,0.0,Dec-2014,671.46,,Dec-2014,0.0,,1.0,INDIVIDUAL,,,,0.0,,,,,,,,,,,,,,,,,,0.0
3403228,4128694,18000.0,18000.0,18000.0, 36 months,7.9,563.23,A,A4,REDACTED,10+ years,MORTGAGE,80000.0,Source Verified,Dec-2011,Fully Paid,n,,,credit_card,Loan Application,05xxx,VT,20.05,0.0,Oct-1996,1.0,,,8.0,0.0,29104.0,78.4,18.0,f,0.0,0.0,19846.6,19846.6,18000.0,1846.6,0.0,0.0,0.0,Sep-2013,8588.3,,Jun-2015,0.0,,1.0,INDIVIDUAL,,,,0.0,,,,,,,,,,,,,,,,,,0.0
5598756,1588983,19200.0,19200.0,19175.0, 36 months,16.77,682.34,D,D2,REDACTED,< 1 year,RENT,87500.0,Verified,Dec-2011,Fully Paid,n,,,debt_consolidation,Loan Application,73xxx,OK,13.56,0.0,Feb-2003,2.0,,,17.0,0.0,22854.0,73.7,35.0,f,0.0,0.0,23363.59,23333.21,19200.0,4163.59,0.0,0.0,0.0,Aug-2013,10420.06,,Aug-2013,0.0,,1.0,INDIVIDUAL,,,,0.0,,,,,,,,,,,,,,,,,,0.0
1361957,7074954,7000.0,7000.0,7000.0, 36 months,11.71,231.54,B,B3,REDACTED,10+ years,MORTGAGE,22000.0,Not Verified,Dec-2011,Fully Paid,n,,,debt_consolidation,Loan Application,26xxx,WV,17.45,3.0,Feb-1995,1.0,21.0,,12.0,0.0,7467.0,25.7,19.0,f,0.0,0.0,8333.04255545,8333.04,7000.0,1333.04,0.0,0.0,0.0,Dec-2014,239.28,,Dec-2014,0.0,,1.0,INDIVIDUAL,,,,0.0,,,,,,,,,,,,,,,,,,0.0
9484768,2642127,25000.0,25000.0,25000.0, 60 months,15.96,607.43,C,C5,REDACTED,10+ years,OWN,80000.0,Verified,Dec-2011,Fully Paid,n,,,debt_consolidation,Loan Application,02xxx,MA,4.71,0.0,Jan-1991,2.0,,,5.0,0.0,20789.0,87.8,13.0,f,0.0,0.0,33909.6473402,33909.65,25000.0,8909.65,0.0,0.0,0.0,Oct-2014,13906.88,,Oct-2014,0.0,,1.0,INDIVIDUAL,,,,0.0,,,,,,,,,,,,,,,,,,0.0
5011589,5531963,10000.0,10000.0,10000.0, 36 months,6.03,304.36,A,A1,REDACTED,7 years,MORTGAGE,70000.0,Verified,Dec-2011,Fully Paid,n,,,other,Loan Application,75xxx,TX,12.29,0.0,Jun-2003,0.0,,,9.0,0.0,5844.0,12.8,18.0,f,0.0,0.0,10366.43,10366.43,10000.0,366.43,0.0,0.0,0.0,Aug-2012,8238.02,,Sep-2012,0.0,,1.0,INDIVIDUAL,,,,0.0,,,,,,,,,,,,,,,,,,0.0
3966650,4278651,2250.0,2250.0,2250.0, 36 months,15.27,78.3,C,C4,REDACTED,,MORTGAGE,17352.0,Verified,Dec-2011,Fully Paid,n,,,other,Loan Application,33xxx,FL,19.5,0.0,Aug-2001,1.0,,,6.0,0.0,10267.0,90.3,8.0,f,0.0,0.0,2836.4524567,2836.45,2250.0,571.46,14.993997599,0.0,0.0,Jan-2015,2.75,,Jan-2015,0.0,,1.0,INDIVIDUAL,,,,0.0,,,,,,,,,,,,,,,,,,0.0
8604239,4177395,23000.0,23000.0,23000.0, 36 months,9.91,741.18,B,B1,REDACTED,9 years,RENT,63208.0,Verified,Dec-2011,Fully Paid,n,,,debt_consolidation,Loan Application,16xxx,PA,19.61,0.0,Dec-1989,0.0,,,6.0,0.0,19843.0,38.5,30.0,f,0.0,0.0,25887.26,25887.26,23000.0,2887.26,0.0,0.0,0.0,Aug-2013,11818.55,,Aug-2013,0.0,,1.0,INDIVIDUAL,,,,0.0,,,,,,,,,,,,,,,,,,0.0
5871225,5105490,6750.0,6750.0,6750.0, 36 months,17.27,241.57,D,D3,REDACTED,2 years,RENT,48000.0,Source Verified,Dec-2011,Fully Paid,n,,,small_business,Loan Application,30xxx,GA,1.0,2.0,Jan-2005,2.0,9.0,,4.0,0.0,298.0,4.8,9.0,f,0.0,0.0,8692.95106483,8692.95,6750.0,1942.95,0.0,0.0,0.0,Dec-2014,249.7,,Dec-2014,0.0,,1.0,INDIVIDUAL,,,,0.0,,,,,,,,,,,,,,,,,,0.0
8433993,2895052,10000.0,10000.0,10000.0, 36 months,10.65,325.74,B,B2,REDACTED,6 years,MORTGAGE,45500.0,Source Verified,Dec-2011,Fully Paid,n,,,credit_card,Loan Application,34xxx,FL,8.78,0.0,Jan-2000,0.0,,,7.0,0.0,10802.0,86.4,14.0,f,0.0,0.0,11570.1181873,11570.12,10000.0,1570.12,0.0,0.0,0.0,Feb-2014,3441.18,,Jan-2016,0.0,,1.0,INDIVIDUAL,,,,0.0,,,,,,,,,,,,,,,,,,0.0
3571497,5016801,16000.0,16000.0,16000.0, 60 months,11.71,353.58,B,B3,REDACTED,4 years,MORTGAGE,48000.0,Source Verified,Dec-2011,Fully Paid,n,,,debt_consolidation,Loan Application,59xxx,MT,10.75,0.0,Mar-2000,0.0,,,8.0,0.0,18163.0,71.2,28.0,f,0.0,0.0,19745.2451545,19745.25,16000.0,3745.25,0.0,0.0,0.0,Jun-2014,9002.87,,Jun-2014,0.0,,1.0,INDIVIDUAL,,,,0.0,,,,,,,,,,,,,,,,,,0.0
6939770,8620043,5600.0,5600.0,5600.0, 36 months,8.9,177.82,A,A5,REDACTED,< 1 year,RENT,19200.0,Not Verified,Dec-2011,Fully Paid,n,,,credit_card,Loan Application,60xxx,IL,13.19,0.0,Sep-1980,2.0,,,9.0,0.0,4095.0,12.8,14.0,f,0.0,0.0,6329.73409203,6329.73,5600.0,729.73,0.0,0.0,0.0,Feb-2014,1892.29,,Jan-2016,0.0,,1.0,INDIVIDUAL,,,,0.0,,,,,,,,,,,,,,,,,,0.0
2876339,8513428,12000.0,12000.0,12000.0, 60 months,19.42,314.07,E,E3,REDACTED,4 years,RENT,68000.0,Source Verified,Dec-2011,Current,n,,,debt_consolidation,Loan Application,06xxx,CT,23.15,0.0,Dec-2000,0.0,,,19.0,0.0,23936.0,78.4,28.0,f,3406.9,3406.9,15061.32,15061.32,8593.1,6468.22,0.0,0.0,0.0,Dec-2015,314.07,Feb-2016,Jan-2016,0.0,,1.0,INDIVIDUAL,,,,0.0,,,,,,,,,,,,,,,,,,
5459399,1970984,4800.0,4800.0,4800.0, 36 months,6.03,146.1,A,A1,REDACTED,3 years,OWN,35000.0,Source Verified,Dec-2011,Fully Paid,n,,,other,Loan Application,07xxx,NJ,14.61,0.0,Jun-1988,0.0,,,9.0,0.0,7263.0,15.1,21.0,f,0.0,0.0,5203.26,5203.26,4800.0,403.26,0.0,0.0,0.0,Dec-2013,1844.99,,Dec-2013,0.0,,1.0,INDIVIDUAL,,,,0.0,,,,,,,,,,,,,,,,,,0.0
7525208,4543113,25000.0,15700.0,15675.0, 60 months,14.65,370.63,C,C3,REDACTED,10+ years,MORTGAGE,63000.0,Verified,Dec-2011,Current,n,,,debt_consolidation,Loan Application,32xxx,FL,24.93,0.0,Nov-1998,1.0,,,9.0,0.0,20546.0,62.6,29.0,f,4114.39,4107.84,17788.42,17760.1,11585.6,6202.82,0.0,0.0,0.0,Jan-2016,370.63,Feb-2016,Jan-2016,0.0,,1.0,INDIVIDUAL,,,,0.0,,,,,,,,,,,,,,,,,,
4282090,5256616,10000.0,10000.0,10000.0, 36 months,11.71,330.76,B,B3,REDACTED,5 years,RENT,29406.0,Source Verified,Dec-2011,Charged Off,n,,,debt_consolidation,Loan Application,91xxx,CA,10.41,0.0,Apr-2004,0.0,,,5.0,0.0,8692.0,82.5,17.0,f,0.0,0.0,6944.82,6944.82,5393.16,1537.05,0.0,14.61,0.0,Sep-2013,330.76,,Jan-2016,0.0,,1.0,INDIVIDUAL,,,,0.0,,,,,,,,,,,,,,,,,,1.0
2081556,8925618,2200.0,2200.0,2200.0, 36 months,9.91,70.9,B,B1,REDACTED,8 years,RENT,26004.0,Verified,Dec-2011,Charged Off,n,,,debt_consolidation,Loan Application,15xxx,PA,14.95,0.0,Jan-2003,0.0,,,3.0,0.0,3820.0,61.6,7.0,f,0.0,0.0,261.47,261.47,160.16,86.42,14.883,0.0,0.0,Jun-2012,50.0,,Jan-2016,0.0,,1.0,INDIVIDUAL,,,,0.0,,,,,,,,,,,,,,,,,,1.0
4908538,5880937,24000.0,24000.0,24000.0, 36 months,12.69,805.08,B,B5,REDACTED,1 year,RENT,120000.0,Source Verified,Dec-2011,Charged Off,n,,,credit_card,Loan Application,90xxx,CA,13.9,0.0,Nov-2006,0.0,,,9.0,0.0,27314.0,83.3,14.0,f,0.0,0.0,28413.79,28413.79,23024.99,5136.52,80.4925820733,171.78,30.9204,Dec-2014,805.08,,Jul-2015,0.0,,1.0,INDIVIDUAL,,,,0.0,,,,,,,,,,,,,,,,,,1.0
5016143,3472758,16000.0,16000.0,16000.0, 36 months,7.9,500.65,A,A4,REDACTED,< 1 year,MORTGAGE,110000.0,Not Verified,Dec-2011,Fully Paid,n,,,credit_card,Loan Application,53xxx,WI,8.69,0.0,Dec-1997,2.0,,,17.0,0.0,17043.0,16.2,26.0,f,0.0,0.0,17811.3,17811.3,16000.0,1811.3,0.0,0.0,0.0,Jan-2014,5803.96,,Sep-2015,0.0,,1.0,INDIVIDUAL,,,,0.0,,,,,,,,,,,,,,,,,,0.0
1035482,6374067,10000.0,10000.0,10000.0, 36 months,9.91,322.25,B,B1,REDACTED,10+ years,RENT,34000.0,Source Verified,Dec-2011,Fully Paid,n,,,credit_card,Loan Application,03xxx,NH,17.51,0.0,Feb-1999,1.0,,,10.0,0.0,12937.0,70.7,22.0,f,0.0,0.0,11599.0780157,11599.08,10000.0,1599.08,0.0,0.0,0.0,Dec-2014,331.25,,Dec-2014,0.0,,1.0,INDIVIDUAL,,,,0.0,,,,,,,,,,,,,,,,,,0.0
8502863,8674833,10625.0,10625.0,10625.0, 36 months,14.27,364.54,C,C2,REDACTED,10+ years,RENT,26500.0,Not Verified,Dec-2011,Charged Off,n,,,debt_consolidation,Loan Application,05xxx,VT,15.49,0.0,Sep-1998,1.0,,,6.0,0.0,5872.0,80.4,14.0,f,0.0,0.0,3408.15,3408.15,1983.86,928.22,0.0,496.07,4.87,Aug-2012,364.54,,Feb-2013,0.0,,1.0,INDIVIDUAL,,,,0.0,,,,,,,,,,,,,,,,,,1.0
6777777,6285344,9600.0,9600.0,9600.0, 36 months,14.65,331.15,C,C3,REDACTED,2 years,RENT,40000.0,Source Verified,Dec-2011,Fully Paid,n,,,credit_card,Loan Application,28xxx,NC,5.2,0.0,May-2005,1.0,24.0,,8.0,0.0,5271.0,75.3,10.0,f,0.0,0.0,11879.7756585,11879.78,9600.0,2279.78,0.0,0.0,0.0,Aug-2014,1621.93,,Jan-2016,0.0,,1.0,INDIVIDUAL,,,,0.0,,,,,,,,,,,,,,,,,,0.0
4545883,7397480,7200.0,7200.0,7200.0, 36 months,20.89,270.86,F,F1,REDACTED,< 1 year,MORTGAGE,88800.0,Verified,Dec-2011,Charged Off,n,,,debt_consolidation,Loan Application,45xxx,OH,20.46,0.0,Dec-1994,3.0,24.0,,34.0,0.0,17998.0,57.5,61.0,f,0.0,0.0,6676.85,6676.85,4068.87,2159.78,0.0,448.2,4.482,Nov-2013,541.72,,Apr-2014,0.0,,1.0,INDIVIDUAL,,,,0.0,,,,,,,,,,,,,,,,,,1.0
7138667,2212507,12000.0,12000.0,12000.0, 36 months,8.9,381.04,A,A5,REDACTED,6 years,RENT,100000.0,Not Verified,Dec-2011,Fully Paid,n,,,debt_consolidation,Loan Application,11xxx,NY,12.94,0.0,May-2001,0.0,,,9.0,0.0,10576.0,57.2,20.0,f,0.0,0.0,13715.1700619,13715.17,12000.0,1715.17,0.0,0.0,0.0,Dec-2014,392.81,,Jan-2016,0.0,,1.0,INDIVIDUAL,,,,0.0,,,,,,,,,,,,,,,,,,0.0
1309507,2428038,5000.0,5000.0,5000.0, 36 months,12.42,167.08,B,B4,REDACTED,3 years,RENT,45000.0,Not Verified,Dec-2011,Fully Paid,n,,,credit_card,Loan Application,11xxx,NY,4.21,0.0,May-2005,1.0,,,4.0,0.0,5592.0,81.0,10.0,f,0.0,0.0,5953.07553146,5953.08,5000.0,953.08,0.0,0.0,0.0,Apr-2014,1448.94,,Jan-2016,0.0,,1.0,INDIVIDUAL,,,,0.0,,,,,,,,,,,,,,,,,,0.0
8962934,2361322,30000.0,30000.0,29092.5716284, 60 months,21.67,822.95,F,F3,REDACTED,2 years,RENT,85000.0,Verified,Dec-2011,Current,n,,,debt_consolidation,Loan Application,10xxx,NY,11.44,0.0,Sep-2002,2.0,,,9.0,0.0,23760.0,97.3,20.0,f,8818.07,8810.66,39477.16,37104.47,21181.93,18295.23,0.0,0.0,0.0,Dec-2015,822.95,Feb-2016,Jan-2016,0.0,,1.0,INDIVIDUAL,,,,0.0,,,,,,,,,,,,,,,,,,
4751111,1521167,12000.0,12000.0,12000.0, 36 months,16.29,423.61,D,D1,REDACTED,9 years,RENT,36000.0,Verified,Dec-2011,Fully Paid,n,,,credit_card,Loan Application,96xxx,HI,14.0,0.0,Apr-2001,1.0,,,6.0,0.0,11926.0,87.7,11.0,f,0.0,0.0,14526.24,14526.24,12000.0,2526.24,0.0,0.0,0.0,Aug-2013,6486.41,,Jan-2016,0.0,,1.0,INDIVIDUAL,,,,0.0,,,,,,,,,,,,,,,,,,0.0
1958658,7760624,18000.0,18000.0,18000.0, 36 months,17.27,644.18,D,D3,REDACTED,10+ years,RENT,80000.0,Verified,Dec-2011,Fully Paid,n,,,debt_consolidation,Loan Application,11xxx,NY,21.43,0.0,Aug-1994,1.0,,,18.0,0.0,21980.0,63.7,28.0,f,0.0,0.0,23183.9005451,23183.9,18000.0,5183.9,0.0,0.0,0.0,Dec-2014,659.44,,Jan-2016,0.0,,1.0,INDIVIDUAL,,,,0.0,,,,,,,,,,,,,,,,,,0.0
6086260,6307844,10000.0,10000.0,10000.0, 36 months,9.91,322.25,B,B1,REDACTED,3 years,RENT,50000.0,Source Verified,Dec-2011,Fully Paid,n,,,credit_card,Loan Application,22xxx,VA,9.1,0.0,Jul-2005,0.0,,,9.0,0.0,13020.0,37.5,11.0,f,0.0,0.0,11253.89,11253.89,10000.0,1253.89,0.0,0.0,0.0,Aug-2013,5145.96,,Sep-2013,0.0,,1.0,INDIVIDUAL,,,,0.0,,,,,,,,,,,,,,,,,,0.0
5592949,9700049,10000.0,10000.0,9994.46481166, 36 months,9.91,322.25,B,B1,REDACTED,10+ years,RENT,75000.0,Not Verified,Dec-2011,Fully Paid,n,,,debt_consolidation,Loan Application,08xxx,NJ,11.23,0.0,Mar-1987,1.0,47.0,,10.0,0.0,9105.0,61.9,22.0,f,0.0,0.0,11398.21,11391.01,10000.0,1398.21,0.0,0.0,0.0,Dec-2013,4005.76,,Jan-2016,0.0,,1.0,INDIVIDUAL,,,,0.0,,,,,,,,,,,,,,,,,,0.0
6118559,9551840,26000.0,26000.0,26000.0, 36 months,7.51,808.89,A,A3,REDACTED,8 years,MORTGAGE,105000.0,Verified,Dec-2011,Fully Paid,n,,,debt_consolidation,Loan Application,30xxx,GA,15.3,0.0,May-2000,0.0,,,8.0,0.0,15093.0,78.6,33.0,f,0.0,0.0,28135.5,28135.5,26000.0,2135.5,0.0,0.0,0.0,May-2013,6642.31,,May-2014,0.0,,1.0,INDIVIDUAL,,,,0.0,,,,,,,,,,,,,,,,,,0.0
7103494,9543981,17475.0,17475.0,17475.0, 36 months,9.91,563.14,B,B1,REDACTED,3 years,RENT,45408.0,Source Verified,Dec-2011,Fully Paid,n,,,debt_consolidation,Loan Application,92xxx,CA,24.92,0.0,Dec-1986,1.0,,,19.0,0.0,29544.0,49.2,27.0,f,0.0,0.0,20261.3487965,20261.35,17475.0,2786.35,0.0,0.0,0.0,Oct-2014,1692.55,,Jan-2016,0.0,,1.0,INDIVIDUAL,,,,0.0,,,,,,,,,,,,,,,,,,0.0
6190228,8036963,10400.0,10400.0,10400.0, 60 months,22.35,289.32,F,F5,REDACTED,3 years,MORTGAGE,72000.0,Source Verified,Dec-2011,Charged Off,n,,,debt_consolidation,Loan Application,92xxx,CA,8.82,0.0,Apr-2005,0.0,,,8.0,0.0,9334.0,99.3,9.0,f,0.0,0.0,3525.35,3525.35,813.59,1492.09,0.0,1219.67,219.540599995,Aug-2012,289.32,,Jan-2016,0.0,,1.0,INDIVIDUAL,,,,0.0,,,,,,,,,,,,,,,,,,1.0
9285985,5077922,10000.0,10000.0,9994.50397229, 36 months,10.65,325.74,B,B2,REDACTED,3 years,RENT,67500.0,Source Verified,Dec-2011,Fully Paid,n,,,credit_card,Loan Application,90xxx,CA,9.3,0.0,Nov-2003,1.0,,,8.0,0.0,17675.0,77.9,12.0,f,0.0,0.0,11435.13,11427.84,10000.0,1435.13,0.0,0.0,0.0,Oct-2013,4606.88,,Jan-2016,0.0,,1.0,INDIVIDUAL,,,,0.0,,,,,,,,,,,,,,,,,,0.0
9480264,1374439,17250.0,17250.0,17250.0, 36 months,19.42,635.99,E,E3,REDACTED,4 years,RENT,60000.0,Verified,Dec-2011,Fully Paid,n,,,credit_card,Loan Application,30xxx,GA,4.08,0.0,Jan-2007,3.0,,,3.0,0.0,14981.0,72.0,6.0,f,0.0,0.0,22148.87,22148.87,17250.0,4898.87,0.0,0.0,0.0,Dec-2013,7525.06,,Jan-2016,0.0,,1.0,INDIVIDUAL,,,,0.0,,,,,,,,,,,,,,,,,,0.0
3141498,1759527,10000.0,10000.0,10000.0, 36 months,6.62,307.04,A,A2,REDACTED,2 years,MORTGAGE,65000.0,Source Verified,Dec-2011,Fully Paid,n,,,debt_consolidation,Loan Application,27xxx,NC,7.16,0.0,May-1978,1.0,,,7.0,0.0,46667.0,33.5,24.0,f,0.0,0.0,11050.6463653,11050.65,10000.0,1050.65,0.0,0.0,0.0,Dec-2014,326.35,,Dec-2014,0.0,,1.0,INDIVIDUAL,,,,0.0,,,,,,,,,,,,,,,,,,0.0
1362249,5849508,12000.0,12000.0,12000.0, 60 months,13.49,276.06,C,C1,REDACTED,9 years,RENT,55000.0,Not Verified,Dec-2011,Charged Off,n,,,debt_consolidation,Loan Application,44xxx,OH,14.49,0.0,Nov-2002,2.0,,,8.0,0.0,18622.0,50.1,16.0,f,0.0,0.0,1100.4,1100.4,572.24,528.16,0.0,0.0,0.0,Apr-2012,276.06,,Jan-2016,0.0,,1.0,INDIVIDUAL,,,,0.0,,,,,,,,,,,,,,,,,,1.0
2615521,5471188,6000.0,6000.0,6000.0, 60 months,7.9,121.38,A,A4,REDACTED,,OWN,34848.0,Verified,Dec-2011,Current,n,,,credit_card,Loan Application,02xxx,MA,12.16,0.0,Apr-1973,0.0,,,12.0,0.0,10040.0,14.7,22.0,f,972.84,972.84,6211.9,6211.9,5027.16,1184.74,0.0,0.0,0.0,Dec-2015,143.0,Feb-2016,Jan-2016,0.0,,1.0,INDIVIDUAL,,,,0.0,,,,,,,,,,,,,,,,,,
1744926,3553449,19075.0,19075.0,19075.0, 60 months,18.25,486.98,D,D5,REDACTED,< 1 year,RENT,48000.0,Source Verified,Dec-2011,Fully Paid,n,,,debt_consolidation,Loan Application,95xxx,CA,21.2,0.0,Dec-2000,1.0,,,9.0,0.0,20306.0,70.8,19.0,f,0.0,0.0,25893.2933693,25893.29,19075.0,6818.29,0.0,0.0,0.0,Apr-2014,12760.95,,May-2014,0.0,,1.0,INDIVIDUAL,,,,0.0,,,,,,,,,,,,,,,,,,0.0
5562430,6573238,20000.0,20000.0,20000.0, 36 months,11.71,661.52,B,B3,REDACTED,2 years,MORTGAGE,55000.0,Verified,Dec-2011,Fully Paid,n,,,credit_card,Loan Application,43xxx,OH,23.89,0.0,Apr-2000,3.0,,,9.0,0.0,19037.0,54.9,14.0,f,0.0,0.0,22774.85,22774.85,19999.99,2774.86,0.0,0.0,0.0,Jun-2013,11554.01,,Jan-2016,0.0,,1.0,INDIVIDUAL,,,,0.0,,,,,,,,,,,,,,,,,,0.0
7664855,7603599,24000.0,24000.0,23975.0, 36 months,7.9,750.97,A,A4,REDACTED,4 years,RENT,65000.0,Verified,Dec-2011,Fully Paid,n,,,debt_consolidation,Loan Application,11xxx,NY,22.12,0.0,Jun-2003,0.0,,,12.0,0.0,11383.0,41.4,20.0,f,0.0,0.0,27033.3315289,27005.18,24000.0,3033.33,0.0,0.0,0.0,Dec-2014,759.52,,Mar-2015,0.0,,1.0,INDIVIDUAL,,,,0.0,,,,,,,,,,,,,,,,,,0.0
2506680,7371660,17200.0,17200.0,17200.0, 60 months,17.27,429.97,D,D3,REDACTED,9 years,MORTGAGE,55000.0,Verified,Dec-2011,Charged Off,n,,,home_improvement,Loan Application,15xxx,PA,23.76,0.0,Jun-1995,1.0,,,14.0,0.0,18467.0,89.0,38.0,f,0.0,0.0,16270.39,16270.39,9065.54,7183.97,0.0,20.88,3.7584000005,Mar-2015,606.0,,Jan-2016,0.0,,1.0,INDIVIDUAL,,,,0.0,,,,,,,,,,,,,,,,,,1.0
4436361,3676503,15000.0,15000.0,15000.0, 36 months,8.9,476.3,A,A5,REDACTED,3 years,MORTGAGE,75000.0,Verified,Dec-2011,Fully Paid,n,,,home_improvement,Loan Application,77xxx,TX,21.6,0.0,Nov-1999,1.0,43.0,,10.0,0.0,5581.0,46.9,23.0,f,0.0,0.0,17143.6878627,17143.69,15000.0,2143.69,0.0,0.0,0.0,Dec-2014,492.43,,Jan-2016,0.0,,1.0,INDIVIDUAL,,,,0.0,,,,,,,,,,,,,,,,,,0.0
9931604,4585585,10625.0,10625.0,10625.0, 36 months,11.71,351.44,B,B3,REDACTED,< 1 year,RENT,30000.0,Source Verified,Dec-2011,Charged Off,n,,,credit_card,Loan Application,88xxx,NM,23.2,0.0,Dec-2003,0.0,70.0,,11.0,0.0,12103.0,70.4,17.0,f,0.0,0.0,11441.01,11441.01,9235.98,1988.52,0.0,216.51,1.9492999967,Aug-2014,351.44,,Jan-2015,0.0,,1.0,INDIVIDUAL,,,,0.0,,,,,,,,,,,,,,,,,,1.0
2665793,3961750,8400.0,8400.0,8400.0, 36 months,14.65,289.76,C,C3,REDACTED,< 1 year,RENT,30000.0,Source Verified,Dec-2011,Fully Paid,n,,,credit_card,Loan Application,18xxx,PA,15.84,0.0,Sep-2006,1.0,,,19.0,0.0,11568.0,73.3,24.0,f,0.0,0.0,10243.6062827,10243.61,8400.0,1843.61,0.0,0.0,0.0,Feb-2014,3007.67,,Jan-2016,0.0,,1.0,INDIVIDUAL,,,,0.0,,,,,,,,,,,,,,,,,,0.0
3767563,1149109,28000.0,28000.0,28000.0, 60 months,14.65,660.99,C,C3,REDACTED,2 years,RENT,160000.0,Verified,Dec-2011,Current,n,,,credit_card,Loan Application,91xxx,CA,11.81,0.0,Oct-1998,2.0,,,10.0,0.0,14562.0,73.9,62.0,f,7336.79,7336.79,31726.74,31726.74,20663.21,11063.53,0.0,0.0,0.0,Dec-2015,660.99,Feb-2016,Jan-2016,0.0,,1.0,INDIVIDUAL,,,,0.0,,,,,,,,,,,,,,,,,,
2454018,9635443,16000.0,16000.0,16000.0, 36 months,15.96,562.2,C,C5,REDACTED,10+ years,MORTGAGE,60000.0,Source Verified,Dec-2011,Fully Paid,n,,,home_improvement,Loan Application,30xxx,GA,7.7,0.0,Jul-2006,3.0,,,8.0,0.0,9822.0,86.4,10.0,f,0.0,0.0,20229.8079953,20229.81,16000.0,4229.81,0.0,0.0,0.0,Dec-2014,587.91,,Jan-2016,0.0,,1.0,INDIVIDUAL,,,,0.0,,,,,,,,,,,,,,,,,,0.0
4632987,7361615,18000.0,11000.0,11000.0, 60 months,16.77,272.02,D,D2,REDACTED,10+ years,MORTGAGE,59000.0,Source Verified,Dec-2011,Fully Paid,n,,,credit_card,Loan Application,55xxx,MN,4.62,0.0,Jan-1991,3.0,,,7.0,0.0,11243.0,83.9,14.0,f,0.0,0.0,16038.5500055,16038.55,11000.0,5038.55,0.0,0.0,0.0,Nov-2015,3525.63,,Dec-2015,0.0,,1.0,INDIVIDUAL,,,,0.0,,,,,,,,,,,,,,,,,,0.0
3083061,3597274,15000.0,15000.0,15000.0, 36 months,14.27,514.64,C,C2,REDACTED,3 years,MORTGAGE,35000.0,Verified,Dec-2011,Fully Paid,n,,,credit_card,Loan Application,79xxx,TX,12.58,0.0,Jan-1988,1.0,,,6.0,0.0,5615.0,92.0,11.0,f,0.0,0.0,17994.33,17994.33,15000.0,2994.33,0.0,0.0,0.0,Nov-2013,6704.08,,Oct-2014,0.0,,1.0,INDIVIDUAL,,,,0.0,,,,,,,,,,,,,,,,,,0.0
9997281,7076653,20675.0,12625.0,12625.0, 60 months,13.49,290.44,C,C1,REDACTED,2 years,MORTGAGE,81800.0,Verified,Dec-2011,Fully Paid,n,,,debt_consolidation,Loan Application,22xxx,VA,17.85,0.0,Apr-2000,0.0,,,9.0,0.0,24645.0,61.2,20.0,f,0.0,0.0,13045.5,13045.5,12625.0,420.5,0.0,0.0,0.0,Mar-2012,12466.91,,Aug-2012,0.0,,1.0,INDIVIDUAL,,,,0.0,,,,,,,,,,,,,,,,,,0.0
3079794,2886288,13225.0,13225.0,13225.0, 36 months,12.69,443.64,B,B5,REDACTED,5 years,MORTGAGE,65000.0,Verified,Dec-2011,Fully Paid,n,,,credit_card,Loan Application,77xxx,TX,23.48,0.0,Aug-1999,1.0,,,11.0,0.0,17982.0,86.5,29.0,f,0.0,0.0,14966.39,14966.39,13225.0,1741.39,0.0,0.0,0.0,Mar-2013,8771.07,,Jun-2015,0.0,,1.0,INDIVIDUAL,,,,0.0,,,,,,,,,,,,,,,,,,0.0
9256781,1649732,11775.0,11775.0,11775.0, 36 months,13.49,399.54,C,C1,REDACTED,1 year,RENT,44400.0,Not Verified,Dec-2011,Fully Paid,n,,,credit_card,Loan Application,33xxx,FL,13.11,0.0,Nov-2003,0.0,,,18.0,0.0,13634.0,82.1,26.0,f,0.0,0.0,14378.1822734,14378.18,11775.0,2603.18,0.0,0.0,0.0,Dec-2014,415.6,,Jan-2016,0.0,,1.0,INDIVIDUAL,,,,0.0,,,,,,,,,,,,,,,,,,0.0
3733160,1961331,16400.0,16400.0,16375.0, 60 months,17.27,409.97,D,D3,REDACTED,5 years,RENT,61500.0,Verified,Dec-2011,Charged Off,n,,,credit_card,Loan Application,07xxx,NJ,12.51,0.0,Jul-2000,1.0,,,6.0,0.0,14906.0,72.3,11.0,f,0.0,0.0,9953.6,9938.5,3988.92,4191.28,0.0,1773.4,24.215999997,Aug-2013,409.97,,Jan-2014,0.0,,1.0,INDIVIDUAL,,,,0.0,,,,,,,,,,,,,,,,,,1.0
5706480,6612950,10075.0,10075.0,10075.0, 36 months,12.42,336.66,B,B4,REDACTED,2 years,MORTGAGE,46000.0,Verified,Dec-2011,Fully Paid,n,,,credit_card,Loan Application,72xxx,AR,18.63,0.0,Jul-2000,3.0,,,8.0,0.0,17072.0,55.9,21.0,f,0.0,0.0,12115.0511923,12115.05,10075.0,2040.05,0.0,0.0,0.0,Nov-2014,681.87,,Jan-2016,0.0,,1.0,INDIVIDUAL,,,,0.0,,,,,,,,,,,,,,,,,,0.0
6395854,5837371,10000.0,10000.0,9975.0, 36 months,14.27,343.09,C,C2,REDACTED,< 1 year,RENT,62000.0,Verified,Dec-2011,Fully Paid,n,,,debt_consolidation,Loan Application,11xxx,NY,20.94,0.0,Apr-1992,2.0,,,15.0,0.0,20159.0,62.7,33.0,f,0.0,0.0,12346.5076115,12315.68,10000.0,2346.51,0.0,0.0,0.0,Dec-2014,357.61,,Sep-2015,0.0,,1.0,INDIVIDUAL,,,,0.0,,,,,,,,,,,,,,,,,,0.0
1243745,2337500,14000.0,14000.0,14000.0, 36 months,12.42,467.82,B,B4,REDACTED,4 years,MORTGAGE,88000.0,Not Verified,Dec-2011,Fully Paid,n,,,debt_consolidation,Loan Application,28xxx,NC,9.63,0.0,Dec-1993,1.0,,,11.0,0.0,11271.0,70.9,22.0,f,0.0,0.0,16837.1047626,16837.1,14000.0,2837.1,0.0,0.0,0.0,Jan-2015,482.9,,Jan-2015,0.0,,1.0,INDIVIDUAL,,,,0.0,,,,,,,,,,,,,,,,,,0.0
1089829,6435312,13000.0,13000.0,12994.4647889, 36 months,9.91,418.93,B,B1,REDACTED,10+ years,RENT,50000.0,Not Verified,Dec-2011,Charged Off,n,,,debt_consolidation,Loan Application,11xxx,NY,17.3,0.0,Jun-2001,1.0,,,13.0,0.0,18246.0,30.7,25.0,f,0.0,0.0,14358.94,14351.74,12158.68,2068.04,0.0,132.22,20.7575999973,Oct-2014,418.93,,Mar-2015,0.0,,1.0,INDIVIDUAL,,,,0.0,,,,,,,,,,,,,,,,,,1.0
1817873,6869544,15000.0,15000.0,15000.0, 36 months,11.71,496.14,B,B3,REDACTED,6 years,RENT,75000.0,Verified,Dec-2011,Fully Paid,n,,,debt_consolidation,Loan Application,33xxx,FL,11.7,0.0,Dec-2005,0.0,,,6.0,0.0,6622.0,79.8,8.0,f,0.0,0.0,17080.53,17080.53,15000.0,2080.53,0.0,0.0,0.0,Jun-2013,8668.66,,Jan-2016,0.0,,1.0,INDIVIDUAL,,,,0.0,,,,,,,,,,,,,,,,,,0.0
7548849,2933004,5000.0,5000.0,5000.0, 60 months,16.77,123.65,D,D2,REDACTED,4 years,MORTGAGE,90000.0,Verified,Dec-2011,Current,n,,,debt_consolidation,Loan Application,11xxx,NY,3.92,0.0,Jun-1994,0.0,34.0,,8.0,0.0,6313.0,83.1,16.0,f,1367.55,1367.55,5932.63,5932.63,3632.45,2285.19,14.9834159359,0.0,0.0,Dec-2015,123.65,Feb-2016,Jan-2016,0.0,,1.0,INDIVIDUAL,,,,0.0,,,,,,,,,,,,,,,,,,
1706750,6996404,9350.0,9350.0,9350.0, 36 months,7.51,290.89,A,A3,REDACTED,5 years,MORTGAGE,100000.0,Verified,Dec-2011,Fully Paid,n,,,credit_card,Loan Application,80xxx,CO,10.0,0.0,Sep-1996,0.0,,,11.0,0.0,16358.0,69.4,32.0,f,0.0,0.0,10288.47,10288.47,9350.0,938.47,0.0,0.0,0.0,Jan-2014,2326.45,,Jan-2016,0.0,,1.0,INDIVIDUAL,,,,0.0,,,,,,,,,,,,,,,,,,0.0
9467692,8798055,30000.0,18275.0,18275.0, 60 months,20.3,487.24,E,E5,REDACTED,10+ years,MORTGAGE,110000.0,Verified,Dec-2011,Charged Off,n,,,small_business,Loan Application,32xxx,FL,23.21,0.0,Aug-1989,1.0,,,17.0,0.0,26101.0,56.3,60.0,f,0.0,0.0,12389.79,12389.79,4684.97,5747.44,0.0,1957.38,19.4083000005,Sep-2013,512.76,,Oct-2015,0.0,,1.0,INDIVIDUAL,,,,0.0,,,,,,,,,,,,,,,,,,1.0
1669577,1095155,18225.0,18225.0,18225.0, 36 months,12.42,609.0,B,B4,REDACTED,4 years,RENT,40000.0,Not Verified,Dec-2011,Fully Paid,n,,,debt_consolidation,Loan Application,06xxx,CT,19.65,0.0,Jan-1996,0.0,,,9.0,0.0,27064.0,87.9,24.0,f,0.0,0.0,21920.1727173,21920.17,18225.0,3695.17,0.0,0.0,0.0,Dec-2014,621.81,,Dec-2014,0.0,,1.0,INDIVIDUAL,,,,0.0,,,,,,,,,,,,,,,,,,0.0
2978714,5195426,18000.0,18000.0,18000.0, 60 months,15.27,430.78,C,C4,REDACTED,2 years,MORTGAGE,50000.0,Source Verified,Dec-2011,Fully Paid,n,,,debt_consolidation,Loan Application,13xxx,NY,15.31,0.0,Jun-1999,1.0,,,16.0,0.0,15940.0,73.5,55.0,f,0.0,0.0,18696.27,18696.27,18000.0,696.27,0.0,0.0,0.0,Apr-2012,1405.94,,Apr-2012,0.0,,1.0,INDIVIDUAL,,,,0.0,,,,,,,,,,,,,,,,,,0.0
5810263,3279813,3600.0,3600.0,3600.0, 36 months,6.62,110.54,A,A2,REDACTED,8 years,MORTGAGE,88824.0,Not Verified,Dec-2011,Fully Paid,n,,,other,Loan Application,41xxx,KY,11.75,0.0,Aug-1997,0.0,,,8.0,0.0,17137.0,69.5,28.0,f,0.0,0.0,3978.32397279,3978.32,3600.0,378.32,0.0,0.0,0.0,Dec-2014,116.44,,Dec-2014,0.0,,1.0,INDIVIDUAL,,,,0.0,,,,,,,,,,,,,,,,,,0.0
9504250,4025923,29000.0,29000.0,27884.9226204, 60 months,10.65,625.49,B,B2,REDACTED,10+ years,MORTGAGE,180000.0,Verified,Dec-2011,Fully Paid,n,,,debt_consolidation,Loan Application,03xxx,NH,3.9,0.0,Mar-1990,0.0,,,12.0,0.0,55964.0,68.5,21.0,f,0.0,0.0,36276.0851501,34480.6,29000.0,7276.09,0.0,0.0,0.0,Feb-2015,13169.21,,Jan-2016,0.0,,1.0,INDIVIDUAL,,,,0.0,,,,,,,,,,,,,,,,,,0.0
1716536,6889704,5000.0,5000.0,5000.0, 36 months,16.29,176.51,D,D1,REDACTED,10+ years,OWN,40000.0,Not Verified,Dec-2011,Fully Paid,n,,,car,Loan Application,20xxx,MD,9.57,1.0,Jan-2001,1.0,12.0,,9.0,0.0,7470.0,92.2,13.0,f,0.0,0.0,6360.09837546,6360.1,5000.0,1360.1,0.0,0.0,0.0,Feb-2015,9.33,,Jan-2016,0.0,,1.0,INDIVIDUAL,,,,0.0,,,,,,,,,,,,,,,,,,0.0
8965671,9871344,6400.0,6400.0,6400.0, 36 months,16.29,225.93,D,D1,REDACTED,10+ years,RENT,50000.0,Not Verified,Dec-2011,Fully Paid,n,,,debt_consolidation,Loan Application,16xxx,PA,22.63,0.0,Mar-2001,2.0,,,20.0,0.0,16031.0,58.7,33.0,f,0.0,0.0,8131.94620659,8131.95,6400.0,1731.95,0.0,0.0,0.0,Dec-2014,228.82,,Jan-2016,0.0,,1.0,INDIVIDUAL,,,,0.0,,,,,,,,,,,,,,,,,,0.0
6385400,3351649,12000.0,12000.0,12000.0, 60 months,16.77,296.75,D,D2,REDACTED,6 years,RENT,40000.0,Source Verified,Dec-2011,Charged Off,n,,,debt_consolidation,Loan Application,32xxx,FL,18.66,0.0,Oct-1997,2.0,,,7.0,0.0,29089.0,92.1,11.0,f,0.0,0.0,5017.91,5017.91,2130.09,2306.61,0.0,581.21,5.49,Mar-2013,296.75,,Aug-2013,0.0,,1.0,INDIVIDUAL,,,,0.0,,,,,,,,,,,,,,,,,,1.0
8405278,3014935,35000.0,35000.0,35000.0, 36 months,8.9,1111.37,A,A5,REDACTED,3 years,MORTGAGE,114054.0,Verified,Dec-2011,Fully Paid,n,,,debt_consolidation,Loan Application,22xxx,VA,16.18,0.0,Oct-1990,0.0,,,9.0,0.0,28409.0,60.8,26.0,f,0.0,0.0,40006.913402,40006.91,35000.0,5006.91,0.0,0.0,0.0,Dec-2014,1122.22,,Dec-2014,0.0,,1.0,INDIVIDUAL,,,,0.0,,,,,,,,,,,,,,,,,,0.0
6774294,2706896,18000.0,18000.0,18000.0, 36 months,9.91,580.05,B,B1,REDACTED,6 years,MORTGAGE,70000.0,Verified,Dec-2011,Fully Paid,n,,,credit_card,Loan Application,77xxx,TX,22.51,0.0,Nov-2005,1.0,,,12.0,0.0,14966.0,66.8,24.0,f,0.0,0.0,18909.9,18909.9,18000.01,909.89,0.0,0.0,0.0,Sep-2012,2783.4,,Oct-2012,0.0,,1.0,INDIVIDUAL,,,,0.0,,,,,,,,,,,,,,,,,,0.0
6988581,9214640,8075.0,8075.0,8050.0, 60 months,22.35,224.64,F,F5,REDACTED,10+ years,MORTGAGE,35000.0,Verified,Dec-2011,Fully Paid,n,,,debt_consolidation,Loan Application,17xxx,PA,10.73,0.0,Feb-1994,2.0,26.0,,3.0,0.0,0.0,0.0,24.0,f,0.0,0.0,8226.3,8200.83,8075.0,151.3,0.0,0.0,0.0,Feb-2012,8227.22,,Jan-2012,0.0,,1.0,INDIVIDUAL,,,,0.0,,,,,,,,,,,,,,,,,,0.0
8605407,2321648,15625.0,15625.0,15625.0, 36 months,8.9,496.15,A,A5,REDACTED,10+ years,MORTGAGE,45000.0,Verified,Dec-2011,Fully Paid,n,,,debt_consolidation,Loan Application,29xxx,SC,24.64,0.0,Jul-2000,0.0,,,7.0,0.0,14104.0,88.7,26.0,f,0.0,0.0,17805.5066327,17805.51,15625.0,2180.51,0.0,0.0,0.0,Jul-2014,2929.85,,Jan-2016,0.0,,1.0,INDIVIDUAL,,,,0.0,,,,,,,,,,,,,,,,,,0.0
7535256,9520882,24000.0,24000.0,23994.7113292, 36 months,13.49,814.34,C,C1,REDACTED,10+ years,RENT,77000.0,Verified,Dec-2011,Fully Paid,n,,,credit_card,Loan Application,80xxx,CO,24.78,0.0,Sep-1991,1.0,40.0,,11.0,0.0,22154.0,60.7,29.0,f,0.0,0.0,29301.2870884,29293.73,24000.0,5301.29,0.0,0.0,0.0,Dec-2014,855.95,,Dec-2014,0.0,,1.0,INDIVIDUAL,,,,0.0,,,,,,,,,,,,,,,,,,0.0
1246401,7762692,5000.0,5000.0,5000.0, 36 months,14.27,171.55,C,C2,REDACTED,5 years,MORTGAGE,61400.0,Not Verified,Dec-2011,Charged Off,n,,,home_improvement,Loan Application,16xxx,PA,21.71,0.0,Jan-1999,1.0,,,11.0,0.0,16624.0,93.1,26.0,f,0.0,0.0,3405.9,3405.9,2370.47,884.42,0.0,151.01,1.5101,Jul-2013,171.55,,Dec-2013,0.0,,1.0,INDIVIDUAL,,,,0.0,,,,,,,,,,,,,,,,,,1.0
2413042,9103024,14000.0,9200.0,9200.0, 60 months,20.89,248.33,F,F1,REDACTED,10+ years,MORTGAGE,76800.0,Verified,Dec-2011,Current,n,,,debt_consolidation,Loan Application,06xxx,CT,6.83,2.0,Jul-1997,0.0,17.0,,4.0,0.0,526.0,75.1,21.0,f,2680.03,2680.03,11892.28,11892.28,6519.97,5372.31,0.0,0.0,0.0,Dec-2015,248.33,Feb-2016,Jan-2016,0.0,,1.0,INDIVIDUAL,,,,0.0,,,,,,,,,,,,,,,,,,
2977668,7241331,6000.0,6000.0,6000.0, 60 months,16.77,148.38,D,D2,REDACTED,10+ years,RENT,80000.0,Source Verified,Dec-2011,Current,n,,,debt_consolidation,Loan Application,19xxx,PA,9.09,0.0,Dec-1992,1.0,61.0,,16.0,0.0,10161.0,65.4,26.0,f,1641.58,1641.58,7099.1,7099.1,4358.43,2740.67,0.0,0.0,0.0,Dec-2015,148.38,Feb-2016,Jan-2016,0.0,,1.0,INDIVIDUAL,,,,0.0,,,,,,,,,,,,,,,,,,
5302933,6029231,7200.0,7200.0,7200.0, 36 months,9.91,232.02,B,B1,REDACTED,1 year,RENT,90000.0,Not Verified,Dec-2011,Fully Paid,n,,,credit_card,Loan Application,94xxx,CA,8.59,0.0,Nov-2006,0.0,,,11.0,0.0,16754.0,49.9,12.0,f,0.0,0.0,7565.86,7565.86,7200.01,365.85,0.0,0.0,0.0,Jul-2012,5376.09,,Jan-2016,0.0,,1.0,INDIVIDUAL,,,,0.0,,,,,,,,,,,,,,,,,,0.0
8608676,7434195,5000.0,5000.0,5000.0, 36 months,14.27,171.55,C,C2,REDACTED,10+ years,RENT,32000.0,Not Verified,Dec-2011,Charged Off,n,,,debt_consolidation,Loan Application,08xxx,NJ,20.93,0.0,Nov-2000,0.0,,,10.0,0.0,11606.0,98.4,13.0,f,0.0,0.0,1711.9,1711.9,1180.36,531.54,0.0,0.0,0.0,Oct-2012,171.55,,Jan-2016,0.0,,1.0,INDIVIDUAL,,,,0.0,,,,,,,,,,,,,,,,,,1.0
1376834,3698910,6600.0,6600.0,6600.0, 36 months,10.65,214.99,B,B2,REDACTED,2 years,RENT,42000.0,Not Verified,Dec-2011,Fully Paid,n,,,credit_card,Loan Application,33xxx,FL,10.11,0.0,Feb-2004,0.0,,,6.0,0.0,11338.0,93.7,8.0,f,0.0,0.0,7737.33207215,7737.33,6600.0,1137.33,0.0,0.0,0.0,Dec-2014,223.6,,Jan-2016,0.0,,1.0,INDIVIDUAL,,,,0.0,,,,,,,,,,,,,,,,,,0.0
1407457,4528894,7000.0,7000.0,7000.0, 36 months,6.62,214.93,A,A2,REDACTED,,MORTGAGE,24000.0,Verified,Dec-2011,Fully Paid,n,,,car,Loan Application,92xxx,CA,11.45,0.0,Feb-1982,3.0,46.0,,10.0,0.0,14381.0,22.9,24.0,f,0.0,0.0,7580.27,7580.27,7000.0,580.27,0.0,0.0,0.0,Aug-2013,3506.92,,Sep-2013,0.0,,1.0,INDIVIDUAL,,,,0.0,,,,,,,,,,,,,,,,,,0.0
7544143,8548509,20000.0,20000.0,20000.0, 36 months,15.27,695.96,C,C4,REDACTED,< 1 year,RENT,130000.0,Source Verified,Dec-2011,Fully Paid,n,,,debt_consolidation,Loan Application,95xxx,CA,9.67,0.0,Mar-2000,2.0,,,17.0,0.0,26972.0,46.8,36.0,f,0.0,0.0,24112.2877459,24112.29,20000.0,4112.29,0.0,0.0,0.0,Apr-2014,2366.35,,Dec-2015,0.0,,1.0,INDIVIDUAL,,,,0.0,,,,,,,,,,,,,,,,,,0.0
9204084,8289397,8000.0,8000.0,8000.0, 36 months,12.42,267.33,B,B4,REDACTED,4 years,RENT,35000.0,Verified,Dec-2011,Charged Off,n,,,credit_card,Loan Application,07xxx,NJ,23.79,0.0,May-2000,0.0,51.0,,13.0,0.0,7223.0,76.0,24.0,f,0.0,0.0,7078.69,7078.69,5218.11,1456.72,14.9836262416,388.87,3.8887,Feb-2014,267.33,,Sep-2014,0.0,,1.0,INDIVIDUAL,,,,0.0,,,,,,,,,,,,,,,,,,1.0
8291903,2721204,12000.0,12000.0,12000.0, 36 months,9.91,386.7,B,B1,REDACTED,6 years,RENT,70000.0,Not Verified,Dec-2011,Fully Paid,n,,,home_improvement,Loan Application,96xxx,HI,10.46,0.0,Mar-2002,0.0,,,9.0,0.0,7426.0,79.5,22.0,f,0.0,0.0,13748.0593853,13748.06,12000.0,1748.06,0.0,0.0,0.0,Feb-2014,4098.5,,Feb-2014,0.0,,1.0,INDIVIDUAL,,,,0.0,,,,,,,,,,,,,,,,,,0.0
8628797,1447589,20000.0,20000.0,19975.0, 36 months,11.71,661.52,B,B3,REDACTED,7 years,RENT,67000.0,Verified,Dec-2011,Fully Paid,n,,,credit_card,Loan Application,92xxx,CA,16.55,0.0,Mar-2000,0.0,,,6.0,0.0,17382.0,84.0,18.0,f,0.0,0.0,23077.53,23048.7,20000.0,3077.53,0.0,0.0,0.0,Sep-2013,9870.84,,Sep-2014,0.0,,1.0,INDIVIDUAL,,,,0.0,,,,,,,,,,,,,,,,,,0.0
1493406,9047566,10000.0,10000.0,10000.0, 36 months,8.9,317.54,A,A5,REDACTED,10+ years,RENT,31000.0,Verified,Dec-2011,Fully Paid,n,,,debt_consolidation,Loan Application,10xxx,NY,20.79,0.0,Dec-2001,0.0,,,9.0,0.0,13080.0,75.3,10.0,f,0.0,0.0,11429.146789,11429.15,10000.0,1429.15,0.0,0.0,0.0,Dec-2014,327.73,,Dec-2014,0.0,,1.0,INDIVIDUAL,,,,0.0,,,,,,,,,,,,,,,,,,0.0
7647661,9011080,16000.0,10175.0,10150.0, 60 months,12.69,229.91,B,B5,REDACTED,7 years,RENT,50000.0,Verified,Dec-2011,Charged Off,n,,,debt_consolidation,Loan Application,07xxx,NJ,26.11,0.0,Nov-1998,1.0,,,15.0,0.0,6125.0,26.0,31.0,f,0.0,0.0,12207.97,12178.04,9137.3,3043.37,0.0,27.3,4.9140000042,Jul-2015,229.91,,Jan-2016,0.0,,1.0,INDIVIDUAL,,,,0.0,,,,,,,,,,,,,,,,,,1.0
9718651,2163038,10000.0,10000.0,10000.0, 36 months,11.71,330.76,B,B3,REDACTED,5 years,MORTGAGE,145000.0,Not Verified,Dec-2011,Fully Paid,n,,,other,Loan Application,64xxx,MO,10.65,0.0,Dec-2002,0.0,,,13.0,0.0,18869.0,77.0,25.0,f,0.0,0.0,11903.0448706,11903.04,10000.0,1903.04,0.0,0.0,0.0,Dec-2014,347.76,,Jan-2016,0.0,,1.0,INDIVIDUAL,,,,0.0,,,,,,,,,,,,,,,,,,0.0
2101778,4717399,18000.0,18000.0,18000.0, 36 months,16.29,635.41,D,D1,REDACTED,2 years,RENT,66000.0,Verified,Dec-2011,Fully Paid,n,,,credit_card,Loan Application,94xxx,CA,15.67,0.0,Jan-2005,0.0,,,8.0,0.0,16814.0,92.9,13.0,f,0.0,0.0,22870.9888129,22870.99,18000.0,4870.99,0.0,0.0,0.0,Dec-2014,645.16,,Dec-2014,0.0,,1.0,INDIVIDUAL,,,,0.0,,,,,,,,,,,,,,,,,,0.0
3484485,7321113,4000.0,4000.0,4000.0, 36 months,12.42,133.67,B,B4,REDACTED,7 years,RENT,100000.0,Not Verified,Dec-2011,Fully Paid,n,,,credit_card,Loan Application,11xxx,NY,9.6,0.0,Jun-2002,3.0,58.0,,15.0,0.0,12710.0,54.9,39.0,f,0.0,0.0,4804.05576123,4804.06,4000.0,804.06,0.0,0.0,0.0,Sep-2014,530.78,,Sep-2014,0.0,,1.0,INDIVIDUAL,,,,0.0,,,,,,,,,,,,,,,,,,0.0
2432044,7305766,15000.0,15000.0,15000.0, 36 months,12.42,501.23,B,B4,REDACTED,,RENT,60000.0,Verified,Dec-2011,Fully Paid,n,,,debt_consolidation,Loan Application,98xxx,WA,14.18,0.0,Aug-1993,0.0,,,8.0,0.0,15451.0,72.5,19.0,f,0.0,0.0,18040.9790181,18040.98,15000.0,3040.98,0.0,0.0,0.0,Dec-2014,513.27,,Dec-2014,0.0,,1.0,INDIVIDUAL,,,,0.0,,,,,,,,,,,,,,,,,,0.0
9027556,1784432,10000.0,10000.0,10000.0, 60 months,18.64,257.43,E,E1,REDACTED,5 years,OWN,40000.0,Verified,Dec-2011,Charged Off,n,,,credit_card,Loan Application,02xxx,RI,12.75,0.0,Aug-2006,0.0,,,13.0,0.0,7803.0,72.2,18.0,f,0.0,0.0,2691.0,2691.0,634.12,1520.01,0.0,536.87,4.7,Dec-2012,257.0,,Feb-2013,0.0,,1.0,INDIVIDUAL,,,,0.0,,,,,,,,,,,,,,,,,,1.0
7243093,3005774,29500.0,17900.0,17850.0, 60 months,14.27,419.02,C,C2,REDACTED,10+ years,RENT,45000.0,Verified,Dec-2011,Fully Paid,n,,,debt_consolidation,Loan Application,90xxx,CA,19.09,0.0,Oct-2000,1.0,25.0,,7.0,0.0,2037.0,47.4,39.0,f,0.0,0.0,24294.640257,24226.76,17900.0,6394.64,0.0,0.0,0.0,Jun-2015,7549.96,,Jan-2016,0.0,,1.0,INDIVIDUAL,,,,0.0,,,,,,,,,,,,,,,,,,0.0
3221680,3980948,20125.0,20125.0,20100.0, 60 months,19.42,526.72,E,E3,REDACTED,10+ years,MORTGAGE,103000.0,Verified,Dec-2011,Fully Paid,n,,,credit_card,Loan Application,75xxx,TX,19.7,0.0,Jun-1999,2.0,,,13.0,0.0,24164.0,95.9,31.0,f,0.0,0.0,28424.2526097,28388.98,20125.0,8299.25,0.0,0.0,0.0,Jul-2014,12657.23,,Dec-2015,0.0,,1.0,INDIVIDUAL,,,,0.0,,,,,,,,,,,,,,,,,,0.0
9408670,4950276,30000.0,18375.0,18375.0, 60 months,21.28,500.01,F,F2,REDACTED,< 1 year,RENT,137000.0,Verified,Dec-2011,Fully Paid,n,,,debt_consolidation,Loan Application,32xxx,FL,8.73,1.0,Feb-1987,2.0,17.0,,6.0,0.0,10875.0,74.0,7.0,f,0.0,0.0,25220.99,25220.99,18375.0,6845.99,0.0,0.0,0.0,Dec-2013,13723.02,,Dec-2013,0.0,,1.0,INDIVIDUAL,,,,0.0,,,,,,,,,,,,,,,,,,0.0
1947972,3218565,24000.0,24000.0,24000.0, 36 months,16.77,852.93,D,D2,REDACTED,10+ years,OWN,103000.0,Verified,Dec-2011,Fully Paid,n,,,debt_consolidation,Loan Application,64xxx,MO,15.34,0.0,Nov-1985,0.0,,,12.0,0.0,25426.0,92.1,22.0,f,0.0,0.0,30692.4333036,30692.43,24000.0,6692.43,0.0,0.0,0.0,Dec-2014,885.9,,Jan-2016,0.0,,1.0,INDIVIDUAL,,,,0.0,,,,,,,,,,,,,,,,,,0.0
2209990,7015242,14000.0,14000.0,13950.0, 60 months,15.96,340.16,C,C5,REDACTED,3 years,RENT,75000.0,Verified,Dec-2011,Fully Paid,n,,,debt_consolidation,Loan Application,20xxx,VA,12.62,0.0,Sep-1998,1.0,82.0,,8.0,0.0,6492.0,67.6,14.0,f,0.0,0.0,19540.250576,19470.43,14000.0,5540.25,0.0,0.0,0.0,Apr-2015,6330.17,,Jan-2016,0.0,,1.0,INDIVIDUAL,,,,0.0,,,,,,,,,,,,,,,,,,0.0
5036433,4390910,5375.0,5375.0,5375.0, 36 months,10.65,175.09,B,B2,REDACTED,5 years,MORTGAGE,42000.0,Source Verified,Dec-2011,Fully Paid,n,,,credit_card,Loan Application,02xxx,RI,17.69,0.0,Mar-2002,0.0,,,10.0,0.0,27122.0,79.8,21.0,f,0.0,0.0,6168.23,6168.23,5375.0,793.23,0.0,0.0,0.0,Dec-2013,1145.43,,Jan-2014,0.0,,1.0,INDIVIDUAL,,,,0.0,,,,,,,,,,,,,,,,,,0.0
5650623,6206909,8300.0,8300.0,8300.0, 36 months,8.9,263.56,A,A5,REDACTED,10+ years,RENT,50000.0,Not Verified,Dec-2011,Fully Paid,n,,,debt_consolidation,Loan Application,89xxx,NV,6.24,0.0,Aug-2001,0.0,,,8.0,0.0,6663.0,79.1,15.0,f,0.0,0.0,8996.03,8996.03,8300.0,696.03,0.0,0.0,0.0,Dec-2013,207.83,,Jan-2016,0.0,,1.0,INDIVIDUAL,,,,0.0,,,,,,,,,,,,,,,,,,0.0
2682420,8212032,7000.0,7000.0,7000.0, 36 months,8.9,222.28,A,A5,REDACTED,5 years,OWN,50000.0,Not Verified,Dec-2011,Fully Paid,n,,,debt_consolidation,Loan Application,01xxx,MA,16.68,0.0,Nov-1998,1.0,71.0,,7.0,0.0,8867.0,62.9,19.0,f,0.0,0.0,8000.34122128,8000.34,7000.0,1000.34,0.0,0.0,0.0,Dec-2014,229.64,,Dec-2014,0.0,,1.0,INDIVIDUAL,,,,0.0,,,,,,,,,,,,,,,,,,0.0
6264464,3695661,2425.0,2425.0,2425.0, 36 months,15.27,84.39,C,C4,REDACTED,3 years,OWN,80004.0,Not Verified,Dec-2011,Fully Paid,n,,,home_improvement,Loan Application,08xxx,NJ,23.92,1.0,Jul-2000,3.0,19.0,,8.0,0.0,24570.0,76.8,17.0,f,0.0,0.0,3052.79,3052.79,2424.99,612.8,15.0,0.0,0.0,Jan-2015,16.06,,Jul-2015,0.0,,1.0,INDIVIDUAL,,,,0.0,,,,,,,,,,,,,,,,,,0.0
5235208,9212926,6950.0,6950.0,6950.0, 36 months,9.91,223.97,B,B1,REDACTED,2 years,RENT,43000.0,Not Verified,Dec-2011,Fully Paid,n,,,credit_card,Loan Application,91xxx,CA,20.51,0.0,Jul-2004,0.0,,,6.0,0.0,12704.0,83.0,13.0,f,0.0,0.0,7349.48,7349.48,6950.01,399.47,0.0,0.0,0.0,Sep-2012,1560.92,,Apr-2014,0.0,,1.0,INDIVIDUAL,,,,0.0,,,,,,,,,,,,,,,,,,0.0
5705452,6929729,12375.0,12375.0,12344.4647848, 36 months,9.91,398.79,B,B1,REDACTED,10+ years,OWN,32000.0,Verified,Dec-2011,Fully Paid,n,,,credit_card,Loan Application,32xxx,FL,24.3,0.0,Mar-1995,1.0,,,6.0,0.0,21451.0,79.4,12.0,f,0.0,0.0,13433.96,13399.63,12375.01,1058.95,0.0,0.0,0.0,Dec-2012,9056.48,,Jan-2016,0.0,,1.0,INDIVIDUAL,,,,0.0,,,,,,,,,,,,,,,,,,0.0
5676241,8262481,35000.0,35000.0,33906.1941978, 60 months,20.3,933.14,E,E5,REDACTED,10+ years,MORTGAGE,85000.0,Verified,Dec-2011,Current,n,,,debt_consolidation,Loan Application,80xxx,CO,12.54,0.0,Jan-2001,2.0,,,9.0,0.0,29254.0,66.0,20.0,f,10069.4,10062.14,44764.72,42066.82,24930.6,19834.12,0.0,0.0,0.0,Jan-2016,933.14,Feb-2016,Jan-2016,0.0,,1.0,INDIVIDUAL,,,,0.0,,,,,,,,,,,,,,,,,,
2718214,4446923,14000.0,14000.0,14000.0, 60 months,17.27,349.98,D,D3,REDACTED,5 years,RENT,60500.0,Verified,Dec-2011,Fully Paid,n,,,debt_consolidation,Loan Application,90xxx,CA,19.95,0.0,Sep-2000,0.0,,,7.0,0.0,11731.0,96.2,17.0,f,0.0,0.0,14401.74,14401.74,14000.0,401.74,0.0,0.0,0.0,Feb-2012,14054.0,,Jan-2016,0.0,,1.0,INDIVIDUAL,,,,0.0,,,,,,,,,,,,,,,,,,0.0
